--
-- PostgreSQL database dump
--

\restrict lkkRUa1fb1YRMkvkx7YVuGUigQddwYlk6YS2DHwLbaV8jkj1aVUNcjbftlN5XbS

-- Dumped from database version 15.15
-- Dumped by pg_dump version 15.15

SET statement_timeout = 0;
SET lock_timeout = 0;
SET idle_in_transaction_session_timeout = 0;
SET client_encoding = 'UTF8';
SET standard_conforming_strings = on;
SELECT pg_catalog.set_config('search_path', '', false);
SET check_function_bodies = false;
SET xmloption = content;
SET client_min_messages = warning;
SET row_security = off;

--
-- Name: sentido_balancin; Type: TYPE; Schema: public; Owner: proyecto_user
--

CREATE TYPE public.sentido_balancin AS ENUM (
    'ASCENDENTE',
    'DESCENDENTE'
);


ALTER TYPE public.sentido_balancin OWNER TO proyecto_user;

SET default_tablespace = '';

SET default_table_access_method = heap;

--
-- Name: app_activitylog; Type: TABLE; Schema: public; Owner: proyecto_user
--

CREATE TABLE public.app_activitylog (
    id bigint NOT NULL,
    action character varying(50) NOT NULL,
    module character varying(50) NOT NULL,
    description text NOT NULL,
    object_id character varying(100),
    object_name character varying(200),
    ip_address inet,
    user_agent text,
    browser_info character varying(255),
    created_at timestamp with time zone NOT NULL,
    old_values jsonb,
    new_values jsonb,
    user_id bigint
);


ALTER TABLE public.app_activitylog OWNER TO proyecto_user;

--
-- Name: app_activitylog_id_seq; Type: SEQUENCE; Schema: public; Owner: proyecto_user
--

ALTER TABLE public.app_activitylog ALTER COLUMN id ADD GENERATED BY DEFAULT AS IDENTITY (
    SEQUENCE NAME public.app_activitylog_id_seq
    START WITH 1
    INCREMENT BY 1
    NO MINVALUE
    NO MAXVALUE
    CACHE 1
);


--
-- Name: app_balancinindividual; Type: TABLE; Schema: public; Owner: proyecto_user
--

CREATE TABLE public.app_balancinindividual (
    codigo character varying(50) NOT NULL,
    torre_id integer NOT NULL,
    sentido public.sentido_balancin NOT NULL,
    rango_horas_cambio_oh integer NOT NULL,
    observaciones text,
    fecha_registro timestamp with time zone DEFAULT CURRENT_TIMESTAMP,
    CONSTRAINT app_balancinindividual_rango_horas_cambio_oh_check CHECK ((rango_horas_cambio_oh > 0))
);


ALTER TABLE public.app_balancinindividual OWNER TO proyecto_user;

--
-- Name: app_config_repuestos_tipo; Type: TABLE; Schema: public; Owner: proyecto_user
--

CREATE TABLE public.app_config_repuestos_tipo (
    id bigint NOT NULL,
    id_original character varying(20) NOT NULL,
    descripcion text NOT NULL,
    cantidad_por_balancin integer NOT NULL,
    grupo character varying(20) NOT NULL,
    orden integer NOT NULL,
    repuesto_id character varying(50),
    tipo_balancin_codigo character varying(50) NOT NULL,
    cantidad_total integer NOT NULL,
    conjunto_padre_id bigint,
    es_conjunto boolean NOT NULL,
    CONSTRAINT app_config_repuestos_tipo_cantidad_por_balancin_check CHECK ((cantidad_por_balancin >= 0)),
    CONSTRAINT app_config_repuestos_tipo_cantidad_total_check CHECK ((cantidad_total >= 0)),
    CONSTRAINT app_config_repuestos_tipo_orden_check CHECK ((orden >= 0))
);


ALTER TABLE public.app_config_repuestos_tipo OWNER TO proyecto_user;

--
-- Name: app_config_repuestos_tipo_id_seq; Type: SEQUENCE; Schema: public; Owner: proyecto_user
--

ALTER TABLE public.app_config_repuestos_tipo ALTER COLUMN id ADD GENERATED BY DEFAULT AS IDENTITY (
    SEQUENCE NAME public.app_config_repuestos_tipo_id_seq
    START WITH 1
    INCREMENT BY 1
    NO MINVALUE
    NO MAXVALUE
    CACHE 1
);


--
-- Name: app_formulario_reacondicionamiento; Type: TABLE; Schema: public; Owner: proyecto_user
--

CREATE TABLE public.app_formulario_reacondicionamiento (
    codigo_formulario character varying(50) NOT NULL,
    tipo character varying(20) NOT NULL,
    fecha date NOT NULL,
    horas_funcionamiento integer NOT NULL,
    linea_inicial character varying(50) NOT NULL,
    torre_inicial character varying(50) NOT NULL,
    linea_final character varying(50) NOT NULL,
    torre_final character varying(50) NOT NULL,
    control_particulas boolean NOT NULL,
    codigo_informe character varying(50) NOT NULL,
    torque_verificado boolean NOT NULL,
    limpieza_verificada boolean NOT NULL,
    continuidad_verificada boolean NOT NULL,
    fecha_creacion timestamp with time zone NOT NULL,
    fecha_actualizacion timestamp with time zone NOT NULL,
    aprobado_por_id bigint,
    balancin_id character varying(50) NOT NULL,
    historial_oh_id bigint,
    realizado_por_analisis_id bigint,
    realizado_por_recambio_id bigint,
    usuario_creacion_id bigint,
    CONSTRAINT app_formulario_reacondicionamiento_horas_funcionamiento_check CHECK ((horas_funcionamiento >= 0))
);


ALTER TABLE public.app_formulario_reacondicionamiento OWNER TO proyecto_user;

--
-- Name: app_historial_oh; Type: TABLE; Schema: public; Owner: proyecto_user
--

CREATE TABLE public.app_historial_oh (
    id integer NOT NULL,
    balancin_codigo character varying(50) NOT NULL,
    linea_nombre character varying(50) NOT NULL,
    torre_numero character varying(10) NOT NULL,
    sentido character varying(20) NOT NULL,
    tipo_balancin character varying(50) NOT NULL,
    rango_oh_horas integer NOT NULL,
    inicio_oc date NOT NULL,
    horas_promedio_dia integer NOT NULL,
    factor_correccion numeric(3,2) DEFAULT 1.00,
    numero_oh integer NOT NULL,
    fecha_oh date NOT NULL,
    horas_operacion integer,
    backlog integer,
    anio integer,
    dia_semana character varying(20),
    observaciones text,
    fecha_registro timestamp with time zone DEFAULT CURRENT_TIMESTAMP,
    usuario_registro character varying(100),
    CONSTRAINT app_historial_oh_numero_oh_check CHECK ((numero_oh > 0)),
    CONSTRAINT app_historial_oh_sentido_check CHECK (((sentido)::text = ANY ((ARRAY['ASCENDENTE'::character varying, 'DESCENDENTE'::character varying])::text[])))
);


ALTER TABLE public.app_historial_oh OWNER TO proyecto_user;

--
-- Name: TABLE app_historial_oh; Type: COMMENT; Schema: public; Owner: proyecto_user
--

COMMENT ON TABLE public.app_historial_oh IS 'Historial completo de Órdenes de Horas (OH) de balancines';


--
-- Name: app_historial_oh_id_seq; Type: SEQUENCE; Schema: public; Owner: proyecto_user
--

CREATE SEQUENCE public.app_historial_oh_id_seq
    AS integer
    START WITH 1
    INCREMENT BY 1
    NO MINVALUE
    NO MAXVALUE
    CACHE 1;


ALTER TABLE public.app_historial_oh_id_seq OWNER TO proyecto_user;

--
-- Name: app_historial_oh_id_seq; Type: SEQUENCE OWNED BY; Schema: public; Owner: proyecto_user
--

ALTER SEQUENCE public.app_historial_oh_id_seq OWNED BY public.app_historial_oh.id;


--
-- Name: app_historialadicional; Type: TABLE; Schema: public; Owner: proyecto_user
--

CREATE TABLE public.app_historialadicional (
    id bigint NOT NULL,
    tipo_movimiento character varying(20) NOT NULL,
    cantidad integer NOT NULL,
    stock_restante integer NOT NULL,
    observaciones text NOT NULL,
    fecha_movimiento timestamp with time zone NOT NULL,
    repuesto_id character varying(50) NOT NULL,
    usuario_id bigint,
    CONSTRAINT app_historialadicional_stock_restante_check CHECK ((stock_restante >= 0))
);


ALTER TABLE public.app_historialadicional OWNER TO proyecto_user;

--
-- Name: app_historialadicional_id_seq; Type: SEQUENCE; Schema: public; Owner: proyecto_user
--

ALTER TABLE public.app_historialadicional ALTER COLUMN id ADD GENERATED BY DEFAULT AS IDENTITY (
    SEQUENCE NAME public.app_historialadicional_id_seq
    START WITH 1
    INCREMENT BY 1
    NO MINVALUE
    NO MAXVALUE
    CACHE 1
);


--
-- Name: app_historialbalancin; Type: TABLE; Schema: public; Owner: proyecto_user
--

CREATE TABLE public.app_historialbalancin (
    
    id bigint NOT NULL,
    estado_anterior character varying(20) NOT NULL,
    estado_nuevo character varying(20) NOT NULL,
    accion character varying(100) NOT NULL,
    observaciones text NOT NULL,
    fecha_cambio timestamp with time zone NOT NULL,
    balancin_id character varying(50) NOT NULL,
    usuario_id bigint
);


ALTER TABLE public.app_historialbalancin OWNER TO proyecto_user;

--
-- Name: app_historialbalancin_id_seq; Type: SEQUENCE; Schema: public; Owner: proyecto_user
--

ALTER TABLE public.app_historialbalancin ALTER COLUMN id ADD GENERATED BY DEFAULT AS IDENTITY (
    SEQUENCE NAME public.app_historialbalancin_id_seq
    START WITH 1
    INCREMENT BY 1
    NO MINVALUE
    NO MAXVALUE
    CACHE 1
);


--
-- Name: app_historialrepuesto; Type: TABLE; Schema: public; Owner: proyecto_user
--

CREATE TABLE public.app_historialrepuesto (
    id bigint NOT NULL,
    tipo_movimiento character varying(20) NOT NULL,
    cantidad integer NOT NULL,
    stock_restante integer NOT NULL,
    observaciones text NOT NULL,
    fecha_movimiento timestamp with time zone NOT NULL,
    repuesto_id character varying(50) NOT NULL,
    CONSTRAINT app_historialrepuesto_stock_restante_check CHECK ((stock_restante >= 0))
);


ALTER TABLE public.app_historialrepuesto OWNER TO proyecto_user;

--
-- Name: app_historialrepuesto_id_seq; Type: SEQUENCE; Schema: public; Owner: proyecto_user
--

ALTER TABLE public.app_historialrepuesto ALTER COLUMN id ADD GENERATED BY DEFAULT AS IDENTITY (
    SEQUENCE NAME public.app_historialrepuesto_id_seq
    START WITH 1
    INCREMENT BY 1
    NO MINVALUE
    NO MAXVALUE
    CACHE 1
);


--
-- Name: app_item_formulario_reacondicionamiento; Type: TABLE; Schema: public; Owner: proyecto_user
--

CREATE TABLE public.app_item_formulario_reacondicionamiento (
    id bigint NOT NULL,
    id_original character varying(20) NOT NULL,
    descripcion text NOT NULL,
    cantidad_requerida integer NOT NULL,
    cantidad_usada integer NOT NULL,
    fue_reemplazado boolean NOT NULL,
    observaciones text NOT NULL,
    stock_antes integer,
    stock_despues integer,
    configuracion_id bigint NOT NULL,
    formulario_id character varying(50) NOT NULL,
    repuesto_id character varying(50) NOT NULL,
    CONSTRAINT app_item_formulario_reacondicionamient_cantidad_requerida_check CHECK ((cantidad_requerida >= 0)),
    CONSTRAINT app_item_formulario_reacondicionamiento_cantidad_usada_check CHECK ((cantidad_usada >= 0)),
    CONSTRAINT app_item_formulario_reacondicionamiento_stock_antes_check CHECK ((stock_antes >= 0)),
    CONSTRAINT app_item_formulario_reacondicionamiento_stock_despues_check CHECK ((stock_despues >= 0))
);


ALTER TABLE public.app_item_formulario_reacondicionamiento OWNER TO proyecto_user;

--
-- Name: app_item_formulario_reacondicionamiento_id_seq; Type: SEQUENCE; Schema: public; Owner: proyecto_user
--

ALTER TABLE public.app_item_formulario_reacondicionamiento ALTER COLUMN id ADD GENERATED BY DEFAULT AS IDENTITY (
    SEQUENCE NAME public.app_item_formulario_reacondicionamiento_id_seq
    START WITH 1
    INCREMENT BY 1
    NO MINVALUE
    NO MAXVALUE
    CACHE 1
);


--
-- Name: app_linea; Type: TABLE; Schema: public; Owner: proyecto_user
--

CREATE TABLE public.app_linea (
    id integer NOT NULL,
    nombre character varying(100) NOT NULL,
    descripcion text,
    fecha_registro timestamp with time zone DEFAULT CURRENT_TIMESTAMP,
    color character varying(30) DEFAULT 'secondary'::character varying
);


ALTER TABLE public.app_linea OWNER TO proyecto_user;

--
-- Name: app_linea_id_seq; Type: SEQUENCE; Schema: public; Owner: proyecto_user
--

CREATE SEQUENCE public.app_linea_id_seq
    AS integer
    START WITH 1
    INCREMENT BY 1
    NO MINVALUE
    NO MAXVALUE
    CACHE 1;


ALTER TABLE public.app_linea_id_seq OWNER TO proyecto_user;

--
-- Name: app_linea_id_seq; Type: SEQUENCE OWNED BY; Schema: public; Owner: proyecto_user
--

ALTER SEQUENCE public.app_linea_id_seq OWNED BY public.app_linea.id;


--
-- Name: app_registroactividad; Type: TABLE; Schema: public; Owner: proyecto_user
--

CREATE TABLE public.app_registroactividad (
    id bigint NOT NULL,
    accion character varying(255) NOT NULL,
    fecha timestamp with time zone NOT NULL,
    detalles text NOT NULL,
    usuario_id bigint NOT NULL
);


ALTER TABLE public.app_registroactividad OWNER TO proyecto_user;

--
-- Name: app_registroactividad_id_seq; Type: SEQUENCE; Schema: public; Owner: proyecto_user
--

ALTER TABLE public.app_registroactividad ALTER COLUMN id ADD GENERATED BY DEFAULT AS IDENTITY (
    SEQUENCE NAME public.app_registroactividad_id_seq
    START WITH 1
    INCREMENT BY 1
    NO MINVALUE
    NO MAXVALUE
    CACHE 1
);


--
-- Name: app_repuestoadicional; Type: TABLE; Schema: public; Owner: proyecto_user
--

CREATE TABLE public.app_repuestoadicional (
    item character varying(50) NOT NULL,
    descripcion text NOT NULL,
    cantidad integer NOT NULL,
    fecha_ingreso timestamp with time zone NOT NULL,
    fecha_ultimo_movimiento timestamp with time zone NOT NULL,
    fecha_ultima_salida timestamp with time zone,
    ubicacion character varying(100) NOT NULL,
    observaciones text NOT NULL,
    CONSTRAINT app_repuestoadicional_cantidad_check CHECK ((cantidad >= 0))
);


ALTER TABLE public.app_repuestoadicional OWNER TO proyecto_user;

--
-- Name: app_repuestobalancin; Type: TABLE; Schema: public; Owner: proyecto_user
--

CREATE TABLE public.app_repuestobalancin (
    item character varying(50) NOT NULL,
    descripcion text NOT NULL,
    cantidad integer NOT NULL,
    fecha_ingreso timestamp with time zone NOT NULL,
    fecha_ultimo_movimiento timestamp with time zone NOT NULL,
    fecha_ultima_salida timestamp with time zone,
    ubicacion character varying(100) NOT NULL,
    observaciones text NOT NULL,
    CONSTRAINT app_repuestobalancin_cantidad_check CHECK ((cantidad >= 0))
);


ALTER TABLE public.app_repuestobalancin OWNER TO proyecto_user;

--
-- Name: app_seccion; Type: TABLE; Schema: public; Owner: proyecto_user
--

CREATE TABLE public.app_seccion (
    id integer NOT NULL,
    nombre character varying(50) NOT NULL
);


ALTER TABLE public.app_seccion OWNER TO proyecto_user;

--
-- Name: app_seccion_id_seq; Type: SEQUENCE; Schema: public; Owner: proyecto_user
--

CREATE SEQUENCE public.app_seccion_id_seq
    AS integer
    START WITH 1
    INCREMENT BY 1
    NO MINVALUE
    NO MAXVALUE
    CACHE 1;


ALTER TABLE public.app_seccion_id_seq OWNER TO proyecto_user;

--
-- Name: app_seccion_id_seq; Type: SEQUENCE OWNED BY; Schema: public; Owner: proyecto_user
--

ALTER SEQUENCE public.app_seccion_id_seq OWNED BY public.app_seccion.id;


--
-- Name: app_tipobalancin; Type: TABLE; Schema: public; Owner: proyecto_user
--

CREATE TABLE public.app_tipobalancin (
    codigo character varying(50) NOT NULL,
    tipo character varying(20) NOT NULL,
    cantidad_total integer NOT NULL,
    fecha_registro timestamp with time zone NOT NULL,
    fecha_actualizacion timestamp with time zone NOT NULL,
    CONSTRAINT app_tipobalancin_cantidad_total_check CHECK ((cantidad_total >= 0))
);


ALTER TABLE public.app_tipobalancin OWNER TO proyecto_user;

--
-- Name: app_torre; Type: TABLE; Schema: public; Owner: proyecto_user
--

CREATE TABLE public.app_torre (
    id integer NOT NULL,
    linea_id integer NOT NULL,
    seccion_id integer NOT NULL,
    numero_torre character varying(10) NOT NULL,
    tipo_balancin_ascendente character varying(50),
    tipo_balancin_descendente character varying(50),
    observaciones text,
    fecha_registro timestamp with time zone DEFAULT CURRENT_TIMESTAMP
);


ALTER TABLE public.app_torre OWNER TO proyecto_user;

--
-- Name: app_torre_id_seq; Type: SEQUENCE; Schema: public; Owner: proyecto_user
--

CREATE SEQUENCE public.app_torre_id_seq
    AS integer
    START WITH 1
    INCREMENT BY 1
    NO MINVALUE
    NO MAXVALUE
    CACHE 1;


ALTER TABLE public.app_torre_id_seq OWNER TO proyecto_user;

--
-- Name: app_torre_id_seq; Type: SEQUENCE OWNED BY; Schema: public; Owner: proyecto_user
--

ALTER SEQUENCE public.app_torre_id_seq OWNED BY public.app_torre.id;


--
-- Name: app_usuario; Type: TABLE; Schema: public; Owner: proyecto_user
--

CREATE TABLE public.app_usuario (
    id bigint NOT NULL,
    password character varying(128) NOT NULL,
    last_login timestamp with time zone,
    is_superuser boolean NOT NULL,
    email character varying(255) NOT NULL,
    nombre character varying(150) NOT NULL,
    rol character varying(20) NOT NULL,
    is_active boolean NOT NULL,
    is_staff boolean NOT NULL,
    fecha_registro timestamp with time zone NOT NULL,
    ultima_actividad timestamp with time zone NOT NULL
);


ALTER TABLE public.app_usuario OWNER TO proyecto_user;

--
-- Name: app_usuario_groups; Type: TABLE; Schema: public; Owner: proyecto_user
--

CREATE TABLE public.app_usuario_groups (
    id bigint NOT NULL,
    usuario_id bigint NOT NULL,
    group_id integer NOT NULL
);


ALTER TABLE public.app_usuario_groups OWNER TO proyecto_user;

--
-- Name: app_usuario_groups_id_seq; Type: SEQUENCE; Schema: public; Owner: proyecto_user
--

ALTER TABLE public.app_usuario_groups ALTER COLUMN id ADD GENERATED BY DEFAULT AS IDENTITY (
    SEQUENCE NAME public.app_usuario_groups_id_seq
    START WITH 1
    INCREMENT BY 1
    NO MINVALUE
    NO MAXVALUE
    CACHE 1
);


--
-- Name: app_usuario_id_seq; Type: SEQUENCE; Schema: public; Owner: proyecto_user
--

ALTER TABLE public.app_usuario ALTER COLUMN id ADD GENERATED BY DEFAULT AS IDENTITY (
    SEQUENCE NAME public.app_usuario_id_seq
    START WITH 1
    INCREMENT BY 1
    NO MINVALUE
    NO MAXVALUE
    CACHE 1
);


--
-- Name: app_usuario_user_permissions; Type: TABLE; Schema: public; Owner: proyecto_user
--

CREATE TABLE public.app_usuario_user_permissions (
    id bigint NOT NULL,
    usuario_id bigint NOT NULL,
    permission_id integer NOT NULL
);


ALTER TABLE public.app_usuario_user_permissions OWNER TO proyecto_user;

--
-- Name: app_usuario_user_permissions_id_seq; Type: SEQUENCE; Schema: public; Owner: proyecto_user
--

ALTER TABLE public.app_usuario_user_permissions ALTER COLUMN id ADD GENERATED BY DEFAULT AS IDENTITY (
    SEQUENCE NAME public.app_usuario_user_permissions_id_seq
    START WITH 1
    INCREMENT BY 1
    NO MINVALUE
    NO MAXVALUE
    CACHE 1
);


--
-- Name: auth_group; Type: TABLE; Schema: public; Owner: proyecto_user
--

CREATE TABLE public.auth_group (
    id integer NOT NULL,
    name character varying(150) NOT NULL
);


ALTER TABLE public.auth_group OWNER TO proyecto_user;

--
-- Name: auth_group_id_seq; Type: SEQUENCE; Schema: public; Owner: proyecto_user
--

ALTER TABLE public.auth_group ALTER COLUMN id ADD GENERATED BY DEFAULT AS IDENTITY (
    SEQUENCE NAME public.auth_group_id_seq
    START WITH 1
    INCREMENT BY 1
    NO MINVALUE
    NO MAXVALUE
    CACHE 1
);


--
-- Name: auth_group_permissions; Type: TABLE; Schema: public; Owner: proyecto_user
--

CREATE TABLE public.auth_group_permissions (
    id bigint NOT NULL,
    group_id integer NOT NULL,
    permission_id integer NOT NULL
);


ALTER TABLE public.auth_group_permissions OWNER TO proyecto_user;

--
-- Name: auth_group_permissions_id_seq; Type: SEQUENCE; Schema: public; Owner: proyecto_user
--

ALTER TABLE public.auth_group_permissions ALTER COLUMN id ADD GENERATED BY DEFAULT AS IDENTITY (
    SEQUENCE NAME public.auth_group_permissions_id_seq
    START WITH 1
    INCREMENT BY 1
    NO MINVALUE
    NO MAXVALUE
    CACHE 1
);


--
-- Name: auth_permission; Type: TABLE; Schema: public; Owner: proyecto_user
--

CREATE TABLE public.auth_permission (
    id integer NOT NULL,
    name character varying(255) NOT NULL,
    content_type_id integer NOT NULL,
    codename character varying(100) NOT NULL
);


ALTER TABLE public.auth_permission OWNER TO proyecto_user;

--
-- Name: auth_permission_id_seq; Type: SEQUENCE; Schema: public; Owner: proyecto_user
--

ALTER TABLE public.auth_permission ALTER COLUMN id ADD GENERATED BY DEFAULT AS IDENTITY (
    SEQUENCE NAME public.auth_permission_id_seq
    START WITH 1
    INCREMENT BY 1
    NO MINVALUE
    NO MAXVALUE
    CACHE 1
);


--
-- Name: django_admin_log; Type: TABLE; Schema: public; Owner: proyecto_user
--

CREATE TABLE public.django_admin_log (
    id integer NOT NULL,
    action_time timestamp with time zone NOT NULL,
    object_id text,
    object_repr character varying(200) NOT NULL,
    action_flag smallint NOT NULL,
    change_message text NOT NULL,
    content_type_id integer,
    user_id bigint NOT NULL,
    CONSTRAINT django_admin_log_action_flag_check CHECK ((action_flag >= 0))
);


ALTER TABLE public.django_admin_log OWNER TO proyecto_user;

--
-- Name: django_admin_log_id_seq; Type: SEQUENCE; Schema: public; Owner: proyecto_user
--

ALTER TABLE public.django_admin_log ALTER COLUMN id ADD GENERATED BY DEFAULT AS IDENTITY (
    SEQUENCE NAME public.django_admin_log_id_seq
    START WITH 1
    INCREMENT BY 1
    NO MINVALUE
    NO MAXVALUE
    CACHE 1
);


--
-- Name: django_content_type; Type: TABLE; Schema: public; Owner: proyecto_user
--

CREATE TABLE public.django_content_type (
    id integer NOT NULL,
    app_label character varying(100) NOT NULL,
    model character varying(100) NOT NULL
);


ALTER TABLE public.django_content_type OWNER TO proyecto_user;

--
-- Name: django_content_type_id_seq; Type: SEQUENCE; Schema: public; Owner: proyecto_user
--

ALTER TABLE public.django_content_type ALTER COLUMN id ADD GENERATED BY DEFAULT AS IDENTITY (
    SEQUENCE NAME public.django_content_type_id_seq
    START WITH 1
    INCREMENT BY 1
    NO MINVALUE
    NO MAXVALUE
    CACHE 1
);


--
-- Name: django_migrations; Type: TABLE; Schema: public; Owner: proyecto_user
--

CREATE TABLE public.django_migrations (
    id bigint NOT NULL,
    app character varying(255) NOT NULL,
    name character varying(255) NOT NULL,
    applied timestamp with time zone NOT NULL
);


ALTER TABLE public.django_migrations OWNER TO proyecto_user;

--
-- Name: django_migrations_id_seq; Type: SEQUENCE; Schema: public; Owner: proyecto_user
--

ALTER TABLE public.django_migrations ALTER COLUMN id ADD GENERATED BY DEFAULT AS IDENTITY (
    SEQUENCE NAME public.django_migrations_id_seq
    START WITH 1
    INCREMENT BY 1
    NO MINVALUE
    NO MAXVALUE
    CACHE 1
);


--
-- Name: django_session; Type: TABLE; Schema: public; Owner: proyecto_user
--

CREATE TABLE public.django_session (
    session_key character varying(40) NOT NULL,
    session_data text NOT NULL,
    expire_date timestamp with time zone NOT NULL
);


ALTER TABLE public.django_session OWNER TO proyecto_user;

--
-- Name: app_historial_oh id; Type: DEFAULT; Schema: public; Owner: proyecto_user
--

ALTER TABLE ONLY public.app_historial_oh ALTER COLUMN id SET DEFAULT nextval('public.app_historial_oh_id_seq'::regclass);


--
-- Name: app_linea id; Type: DEFAULT; Schema: public; Owner: proyecto_user
--

ALTER TABLE ONLY public.app_linea ALTER COLUMN id SET DEFAULT nextval('public.app_linea_id_seq'::regclass);


--
-- Name: app_seccion id; Type: DEFAULT; Schema: public; Owner: proyecto_user
--

ALTER TABLE ONLY public.app_seccion ALTER COLUMN id SET DEFAULT nextval('public.app_seccion_id_seq'::regclass);


--
-- Name: app_torre id; Type: DEFAULT; Schema: public; Owner: proyecto_user
--

ALTER TABLE ONLY public.app_torre ALTER COLUMN id SET DEFAULT nextval('public.app_torre_id_seq'::regclass);


--
-- Data for Name: app_activitylog; Type: TABLE DATA; Schema: public; Owner: proyecto_user
--

COPY public.app_activitylog (id, action, module, description, object_id, object_name, ip_address, user_agent, browser_info, created_at, old_values, new_values, user_id) FROM stdin;
\.


--
-- Data for Name: app_balancinindividual; Type: TABLE DATA; Schema: public; Owner: proyecto_user
--

COPY public.app_balancinindividual (codigo, torre_id, sentido, rango_horas_cambio_oh, observaciones, fecha_registro) FROM stdin;
BAL-16N/4TR-420C-001	1	ASCENDENTE	30000	............	2026-02-11 16:33:29.745884+00
BAL-16N/4TR-420C-002	1	DESCENDENTE	30000	.................	2026-02-11 16:33:50.725243+00
BAL-16N/4TR-420C-003	12	ASCENDENTE	30000	...............	2026-02-11 16:34:32.380328+00
BAL-16N/4TR-420C-004	12	DESCENDENTE	30000	...............	2026-02-11 16:34:42.430389+00
BAL-16N/4TR-420C-005	13	ASCENDENTE	30000	...............	2026-02-11 16:34:58.242419+00
BAL-16N/4TR-420C-006	13	DESCENDENTE	30000	.........................	2026-02-11 16:47:01.238688+00
BAL-16N/4TR-420C-007	34	ASCENDENTE	30000	.........................	2026-02-11 16:47:36.500353+00
BAL-16N/4TR-420C-008	34	DESCENDENTE	30000	.........................	2026-02-11 16:47:42.854109+00
BAL-16N/4TR-420C-009	35	ASCENDENTE	30000	.........................	2026-02-11 16:47:51.426769+00
BAL-16N/4TR-420C-010	35	DESCENDENTE	30000	.........................	2026-02-11 16:47:56.911727+00
BAL-16N/4TR-420C-011	47	ASCENDENTE	30000	.........................	2026-02-11 16:48:08.702684+00
BAL-16N/4TR-420C-012	47	DESCENDENTE	30000	.........................	2026-02-11 16:48:17.817409+00
BAL-16N/4TR-420C-013	104	ASCENDENTE	30000	.........................	2026-02-11 16:49:16.042022+00
BAL-16N/4TR-420C-014	104	DESCENDENTE	30000	.........................	2026-02-11 16:49:23.726926+00
BAL-16N/4TR-420C-015	135	ASCENDENTE	30000	.........................	2026-02-11 16:49:53.184656+00
BAL-16N/4TR-420C-016	135	DESCENDENTE	30000	.........................	2026-02-11 16:50:03.192491+00
BAL-16N/4TR-420C-017	136	ASCENDENTE	30000	.........................	2026-02-11 16:50:15.477916+00
BAL-16N/4TR-420C-018	136	DESCENDENTE	30000	.........................	2026-02-11 16:50:20.894634+00
BAL-16N/4TR-420C-019	152	ASCENDENTE	30000	.........................	2026-02-11 16:50:31.627114+00
BAL-16N/4TR-420C-020	152	DESCENDENTE	30000	.........................	2026-02-11 16:50:41.578766+00
BAL-16N/4TR-420C-021	153	ASCENDENTE	30000	.........................	2026-02-11 16:50:51.692463+00
BAL-16N/4TR-420C-022	153	DESCENDENTE	30000	.........................	2026-02-11 16:50:58.430176+00
BAL-16N/4TR-420C-023	155	ASCENDENTE	30000	.........................	2026-02-11 16:51:38.84706+00
BAL-16N/4TR-420C-024	155	DESCENDENTE	30000		2026-02-11 16:51:47.349033+00
BAL-16N/4TR-420C-025	163	ASCENDENTE	30000		2026-02-11 16:52:13.492692+00
BAL-16N/4TR-420C-026	163	DESCENDENTE	30000		2026-02-11 16:52:20.652973+00
BAL-16N/4TR-420C-027	207	ASCENDENTE	30000		2026-02-11 16:52:53.673566+00
BAL-16N/4TR-420C-028	207	DESCENDENTE	30000		2026-02-11 16:52:59.426642+00
BAL-16N/4TR-420C-029	227	ASCENDENTE	30000		2026-02-11 16:53:26.084932+00
BAL-16N/4TR-420C-030	227	DESCENDENTE	30000		2026-02-11 16:53:33.394371+00
BAL-16N/4TR-420C-031	228	ASCENDENTE	30000		2026-02-11 16:53:40.626833+00
BAL-16N/4TR-420C-032	228	DESCENDENTE	30000		2026-02-11 16:53:47.167533+00
BAL-16N/4TR-420C-035	253	ASCENDENTE	30000		2026-02-11 16:54:26.282963+00
BAL-16N/4TR-420C-036	253	DESCENDENTE	30000		2026-02-11 16:54:34.845591+00
BAL-16N/4TR-420C-037	273	ASCENDENTE	30000		2026-02-11 16:54:42.525719+00
BAL-16N/4TR-420C-038	273	DESCENDENTE	30000		2026-02-11 16:54:50.348335+00
BAL-10T-501C-001	3	ASCENDENTE	30000		2026-02-11 17:08:50.550229+00
BAL-10T-501C-002	3	DESCENDENTE	30000		2026-02-11 17:08:57.721033+00
BAL-10T-501C-003	7	ASCENDENTE	30000		2026-02-11 17:09:09.772075+00
BAL-10T-501C-004	7	DESCENDENTE	30000		2026-02-11 17:09:14.967607+00
BAL-10T-501C-005	16	ASCENDENTE	30000		2026-02-11 17:09:28.985582+00
BAL-10T-501C-006	16	DESCENDENTE	30000		2026-02-11 17:09:34.489804+00
BAL-10T-501C-007	22	ASCENDENTE	30000		2026-02-11 17:09:40.328831+00
BAL-10T-501C-008	22	DESCENDENTE	30000		2026-02-11 17:09:45.096573+00
BAL-10T-501C-009	25	ASCENDENTE	30000		2026-02-11 17:09:51.643092+00
BAL-10T-501C-010	25	DESCENDENTE	30000		2026-02-11 17:10:12.237299+00
BAL-10T-501C-011	44	ASCENDENTE	30000		2026-02-11 17:10:39.174734+00
BAL-10T-501C-012	44	DESCENDENTE	30000		2026-02-11 17:10:43.708686+00
BAL-10T-501C-013	50	ASCENDENTE	30000		2026-02-11 17:10:49.459349+00
BAL-10T-501C-014	50	DESCENDENTE	30000		2026-02-11 17:10:53.565638+00
BAL-12T-501C-001	8	ASCENDENTE	30000		2026-02-11 17:12:20.39899+00
BAL-12T-501C-002	8	DESCENDENTE	30000		2026-02-11 17:12:26.071604+00
BAL-8N/4TR-420C-001	33	ASCENDENTE	30000		2026-02-11 17:12:46.20949+00
BAL-8N/4TR-420C-002	33	DESCENDENTE	30000		2026-02-11 17:12:48.390787+00
BAL-8N/4TR-420C-003	112	ASCENDENTE	30000		2026-02-11 17:12:50.86017+00
BAL-8N/4TR-420C-004	112	DESCENDENTE	30000		2026-02-11 17:12:56.580389+00
BAL-8N/4TR-420C-005	181	ASCENDENTE	30000		2026-02-11 17:12:59.367356+00
BAL-8N/4TR-420C-006	181	DESCENDENTE	30000		2026-02-11 17:13:02.497617+00
BAL-16N/4TR-420C-034	252	DESCENDENTE	40000		2026-02-11 16:54:18.630018+00
BAL-8N/4TR-420C-007	266	ASCENDENTE	35000		2026-02-11 17:13:06.718846+00
BAL-4T-501C-002	172	DESCENDENTE	40000		2026-02-11 17:12:02.693776+00
BAL-4T-501C-001	172	ASCENDENTE	40000		2026-02-11 17:12:00.252639+00
BAL-6T-501C-001	2	ASCENDENTE	40000		2026-02-11 16:56:47.178912+00
BAL-6T-501C-002	2	DESCENDENTE	40000		2026-02-11 16:56:53.588804+00
BAL-6T-501C-003	24	ASCENDENTE	40000		2026-02-11 16:57:16.740367+00
BAL-6T-501C-004	24	DESCENDENTE	40000		2026-02-11 16:57:21.583509+00
BAL-6T-501C-008	48	DESCENDENTE	40000		2026-02-11 16:57:56.071378+00
BAL-6T-501C-009	49	ASCENDENTE	40000		2026-02-11 16:58:00.501185+00
BAL-6T-501C-010	49	DESCENDENTE	40000		2026-02-11 16:58:04.511152+00
BAL-6T-501C-005	27	ASCENDENTE	40000		2026-02-11 16:57:35.450074+00
BAL-6T-501C-006	27	DESCENDENTE	40000		2026-02-11 16:57:45.328043+00
BAL-6T-501C-013	83	ASCENDENTE	40000		2026-02-11 16:58:52.27782+00
BAL-6T-501C-014	83	DESCENDENTE	40000		2026-02-11 16:58:56.754992+00
BAL-6T-501C-011	57	ASCENDENTE	40000		2026-02-11 16:58:28.456163+00
BAL-6T-501C-012	57	DESCENDENTE	40000		2026-02-11 16:58:33.314631+00
BAL-6T-501C-015	90	ASCENDENTE	40000		2026-02-11 16:59:56.601628+00
BAL-6T-501C-016	90	DESCENDENTE	40000		2026-02-11 17:00:02.755157+00
BAL-6T-501C-017	142	ASCENDENTE	40000		2026-02-11 17:00:46.920077+00
BAL-6T-501C-018	142	DESCENDENTE	40000		2026-02-11 17:00:51.936874+00
BAL-6T-501C-019	196	ASCENDENTE	40000		2026-02-11 17:01:49.279012+00
BAL-6T-501C-020	196	DESCENDENTE	40000		2026-02-11 17:02:04.116474+00
BAL-6T-501C-022	197	DESCENDENTE	40000		2026-02-11 17:02:15.818785+00
BAL-6T-501C-024	209	DESCENDENTE	40000		2026-02-11 17:04:09.926768+00
BAL-6T-501C-023	209	ASCENDENTE	40000		2026-02-11 17:04:00.742167+00
BAL-6T-501C-025	213	ASCENDENTE	40000		2026-02-11 17:04:26.698256+00
BAL-6T-501C-026	213	DESCENDENTE	40000		2026-02-11 17:04:35.832263+00
BAL-6T-501C-032	233	DESCENDENTE	40000		2026-02-11 17:05:58.713354+00
BAL-6T-501C-031	233	ASCENDENTE	40000		2026-02-11 17:05:51.526717+00
BAL-6T-501C-028	215	DESCENDENTE	40000		2026-02-11 17:05:12.603259+00
BAL-6T-501C-027	215	ASCENDENTE	40000		2026-02-11 17:05:02.950124+00
BAL-6T-501C-029	247	ASCENDENTE	42000		2026-02-11 17:05:27.778769+00
BAL-6T-501C-030	247	DESCENDENTE	42000		2026-02-11 17:05:33.469332+00
BAL-6T-501C-035	263	ASCENDENTE	40000		2026-02-11 17:06:43.021237+00
BAL-6T-501C-033	259	ASCENDENTE	40000		2026-02-11 17:06:26.499211+00
BAL-6T-501C-034	259	DESCENDENTE	40000		2026-02-11 17:06:33.265405+00
BAL-6T-501C-039	269	ASCENDENTE	40000		2026-02-11 17:07:13.173417+00
BAL-6T-501C-040	269	DESCENDENTE	40000		2026-02-11 17:07:18.89658+00
BAL-6T-501C-038	264	DESCENDENTE	40000		2026-02-11 17:07:08.11623+00
BAL-6T-501C-036	263	DESCENDENTE	40000		2026-02-11 17:06:49.973812+00
BAL-8T-501C-002	4	DESCENDENTE	40000		2026-02-11 17:11:41.930358+00
BAL-8T-501C-001	4	ASCENDENTE	40000		2026-02-11 17:11:32.864761+00
BAL-14N/4TR-420C-001	23	ASCENDENTE	30000		2026-02-11 17:13:22.694008+00
BAL-14N/4TR-420C-002	23	DESCENDENTE	30000		2026-02-11 17:13:26.20993+00
BAL-14N/4TR-420C-003	46	ASCENDENTE	30000		2026-02-11 17:13:30.629031+00
BAL-14N/4TR-420C-004	46	DESCENDENTE	30000		2026-02-11 17:13:33.529641+00
BAL-14N/4TR-420C-005	113	ASCENDENTE	30000		2026-02-11 17:13:36.35087+00
BAL-14N/4TR-420C-006	113	DESCENDENTE	30000		2026-02-11 17:13:41.106268+00
BAL-12N/4TR-420C-001	10	ASCENDENTE	30000		2026-02-11 17:14:00.04651+00
BAL-12N/4TR-420C-002	10	DESCENDENTE	30000		2026-02-11 17:14:11.342841+00
BAL-12N/4TR-420C-003	55	ASCENDENTE	30000		2026-02-11 17:14:23.148135+00
BAL-12N/4TR-420C-004	55	DESCENDENTE	30000		2026-02-11 17:14:27.630682+00
BAL-10N/4TR-420C-001	11	ASCENDENTE	30000		2026-02-11 17:14:39.036089+00
BAL-10N/4TR-420C-002	11	DESCENDENTE	30000		2026-02-11 17:14:42.517657+00
BAL-16N/4TR-420C-033	252	ASCENDENTE	40000		2026-02-11 16:54:12.754353+00
BAL-10N/4TR-420C-003	69	ASCENDENTE	30000		2026-02-11 17:40:37.306508+00
BAL-10N/4TR-420C-004	69	DESCENDENTE	30000		2026-02-11 17:40:39.902988+00
BAL-10N/4TR-420C-005	97	ASCENDENTE	30000		2026-02-11 17:40:44.775195+00
BAL-10N/4TR-420C-006	97	DESCENDENTE	30000		2026-02-11 17:40:47.704187+00
BAL-10N/4TR-420C-007	105	ASCENDENTE	30000		2026-02-11 17:40:52.728556+00
BAL-10N/4TR-420C-008	105	DESCENDENTE	30000		2026-02-11 17:40:56.371433+00
BAL-10N/4TR-420C-009	124	ASCENDENTE	30000		2026-02-11 17:41:07.955378+00
BAL-10N/4TR-420C-010	124	DESCENDENTE	30000		2026-02-11 17:41:10.869696+00
BAL-10N/4TR-420C-011	133	ASCENDENTE	30000		2026-02-11 17:41:25.369779+00
BAL-10N/4TR-420C-012	133	DESCENDENTE	30000		2026-02-11 17:41:30.557548+00
BAL-10N/4TR-420C-013	154	ASCENDENTE	30000		2026-02-11 17:41:36.38416+00
BAL-10N/4TR-420C-014	154	DESCENDENTE	30000		2026-02-11 17:41:39.432133+00
BAL-10N/4TR-420C-015	171	ASCENDENTE	30000		2026-02-11 17:41:43.841417+00
BAL-10N/4TR-420C-016	171	DESCENDENTE	30000		2026-02-11 17:41:47.82797+00
BAL-12N/4TR-420C-005	56	ASCENDENTE	30000		2026-02-11 17:43:47.847596+00
BAL-12N/4TR-420C-006	56	DESCENDENTE	30000		2026-02-11 17:43:51.205321+00
BAL-12N/4TR-420C-007	77	ASCENDENTE	30000		2026-02-11 17:43:54.301559+00
BAL-12N/4TR-420C-008	77	DESCENDENTE	30000		2026-02-11 17:43:59.495232+00
BAL-12N/4TR-420C-009	78	ASCENDENTE	30000		2026-02-11 17:44:02.971762+00
BAL-12N/4TR-420C-010	78	DESCENDENTE	30000		2026-02-11 17:44:06.118543+00
BAL-12N/4TR-420C-011	85	ASCENDENTE	30000		2026-02-11 17:44:15.756097+00
BAL-12N/4TR-420C-012	85	DESCENDENTE	30000		2026-02-11 17:44:19.381478+00
BAL-12N/4TR-420C-013	86	ASCENDENTE	30000		2026-02-11 17:44:23.728851+00
BAL-12N/4TR-420C-014	86	DESCENDENTE	30000		2026-02-11 17:44:27.357865+00
BAL-12N/4TR-420C-015	96	ASCENDENTE	30000		2026-02-11 17:44:35.049518+00
BAL-12N/4TR-420C-016	96	DESCENDENTE	30000		2026-02-11 17:44:38.069813+00
BAL-12N/4TR-420C-017	134	ASCENDENTE	30000		2026-02-11 17:44:45.488658+00
BAL-12N/4TR-420C-018	134	DESCENDENTE	30000		2026-02-11 17:44:49.155379+00
BAL-12N/4TR-420C-019	123	ASCENDENTE	30000		2026-02-11 17:45:07.387674+00
BAL-12N/4TR-420C-020	123	DESCENDENTE	30000		2026-02-11 17:45:11.08121+00
BAL-12N/4TR-420C-021	162	ASCENDENTE	30000		2026-02-11 17:45:19.117533+00
BAL-12N/4TR-420C-022	162	DESCENDENTE	30000		2026-02-11 17:45:24.341337+00
BAL-12N/4TR-420C-023	182	ASCENDENTE	30000		2026-02-11 17:45:35.189184+00
BAL-12N/4TR-420C-024	182	DESCENDENTE	30000		2026-02-11 17:45:40.597678+00
BAL-12N/4TR-420C-025	189	ASCENDENTE	30000		2026-02-11 17:45:52.777625+00
BAL-12N/4TR-420C-026	189	DESCENDENTE	30000		2026-02-11 17:46:01.293567+00
BAL-12N/4TR-420C-027	191	ASCENDENTE	30000		2026-02-11 17:46:19.507007+00
BAL-12N/4TR-420C-028	191	DESCENDENTE	30000		2026-02-11 17:46:23.019841+00
BAL-12N/4TR-420C-029	223	ASCENDENTE	30000		2026-02-11 17:46:28.066586+00
BAL-12N/4TR-420C-030	223	DESCENDENTE	30000		2026-02-11 17:46:32.252833+00
BAL-12N/4TR-420C-031	224	ASCENDENTE	30000		2026-02-11 17:46:36.408593+00
BAL-12N/4TR-420C-032	224	DESCENDENTE	30000		2026-02-11 17:46:40.297201+00
BAL-12N/4TR-420C-033	198	ASCENDENTE	30000		2026-02-11 17:46:44.984888+00
BAL-12N/4TR-420C-034	198	DESCENDENTE	30000		2026-02-11 17:46:48.718881+00
BAL-12N/4TR-420C-035	199	ASCENDENTE	30000		2026-02-11 17:46:52.466196+00
BAL-12N/4TR-420C-036	199	DESCENDENTE	30000		2026-02-11 17:46:56.293076+00
BAL-4T/4N-420C-002	76	DESCENDENTE	40000		2026-02-11 17:15:25.886248+00
BAL-4T/4N-420C-001	76	ASCENDENTE	40000		2026-02-11 17:15:23.235902+00
BAL-4T/4N-420C-003	170	ASCENDENTE	40000		2026-02-11 19:31:00.247156+00
BAL-4T/4N-420C-004	170	DESCENDENTE	40000		2026-02-11 19:31:07.670482+00
BAL-4T/4N-420C-005	216	ASCENDENTE	40000		2026-02-11 19:31:17.703808+00
BAL-4T/4N-420C-006	216	DESCENDENTE	40000		2026-02-11 19:31:23.689801+00
BAL-4T/4N-420C-007	265	ASCENDENTE	40000		2026-02-11 19:31:30.677048+00
BAL-4T/4N-420C-008	265	DESCENDENTE	40000		2026-02-11 19:31:37.975339+00
BAL-8T/8N-420C-001	17	ASCENDENTE	40000		2026-02-11 17:15:01.912076+00
BAL-8T/8N-420C-002	17	DESCENDENTE	40000		2026-02-11 17:15:06.259959+00
BAL-8T/8N-420C-003	18	ASCENDENTE	40000		2026-02-11 17:15:09.448784+00
BAL-8T/8N-420C-004	18	DESCENDENTE	40000		2026-02-11 17:15:12.508458+00
BAL-8T/8N-420C-005	19	ASCENDENTE	40000		2026-02-11 19:33:49.08971+00
BAL-8T/8N-420C-006	19	DESCENDENTE	40000		2026-02-11 19:33:57.670103+00
BAL-8T/8N-420C-007	40	ASCENDENTE	40000		2026-02-11 19:34:17.366873+00
BAL-8T/8N-420C-008	40	DESCENDENTE	40000		2026-02-11 19:34:28.590309+00
BAL-8T/8N-420C-009	43	ASCENDENTE	40000		2026-02-11 19:34:33.813596+00
BAL-8T/8N-420C-010	43	DESCENDENTE	40000		2026-02-11 19:34:39.076909+00
BAL-8T/8N-420C-011	63	ASCENDENTE	40000		2026-02-11 19:36:32.886555+00
BAL-8T/8N-420C-012	63	DESCENDENTE	40000		2026-02-11 19:36:42.174084+00
BAL-8T/8N-420C-013	64	ASCENDENTE	40000		2026-02-11 19:36:47.907783+00
BAL-8T/8N-420C-014	64	DESCENDENTE	40000		2026-02-11 19:36:55.230169+00
BAL-8T/8N-420C-015	68	ASCENDENTE	40000		2026-02-11 19:37:05.881122+00
BAL-8T/8N-420C-016	68	DESCENDENTE	40000		2026-02-11 19:37:13.924351+00
BAL-8T/8N-420C-017	71	ASCENDENTE	40000		2026-02-11 19:37:21.988348+00
BAL-8T/8N-420C-018	71	DESCENDENTE	40000		2026-02-11 19:37:29.140288+00
BAL-8T/8N-420C-019	129	ASCENDENTE	40000		2026-02-11 19:37:52.180495+00
BAL-8T/8N-420C-020	129	DESCENDENTE	40000		2026-02-11 19:37:58.710298+00
BAL-8T/8N-420C-021	143	ASCENDENTE	40000		2026-02-11 19:38:09.04096+00
BAL-8T/8N-420C-022	143	DESCENDENTE	40000		2026-02-11 19:38:15.028056+00
BAL-8T/8N-420C-023	149	ASCENDENTE	40000		2026-02-11 19:38:52.055481+00
BAL-8T/8N-420C-024	149	DESCENDENTE	40000		2026-02-11 19:39:01.477403+00
BAL-8T/8N-420C-025	188	ASCENDENTE	40000		2026-02-11 19:39:25.923569+00
BAL-8T/8N-420C-026	188	DESCENDENTE	40000		2026-02-11 19:39:38.408079+00
BAL-8T/8N-420C-027	235	ASCENDENTE	40000		2026-02-11 19:39:56.644911+00
BAL-8T/8N-420C-028	235	DESCENDENTE	40000		2026-02-11 19:40:14.719438+00
BAL-8T/8N-420C-029	238	ASCENDENTE	40000		2026-02-11 19:40:34.336063+00
BAL-8T/8N-420C-030	238	DESCENDENTE	40000		2026-02-11 19:40:43.163789+00
BAL-8T/8N-420C-031	242	ASCENDENTE	40000		2026-02-11 19:40:52.561688+00
BAL-8T/8N-420C-032	242	DESCENDENTE	40000		2026-02-11 19:41:04.347108+00
BAL-8T/8N-420C-033	243	ASCENDENTE	40000		2026-02-11 19:41:10.694775+00
BAL-8T/8N-420C-034	243	DESCENDENTE	40000		2026-02-11 19:41:17.191514+00
BAL-8T/8N-420C-035	214	ASCENDENTE	40000		2026-02-11 19:41:25.802833+00
BAL-8T/8N-420C-036	214	DESCENDENTE	40000		2026-02-11 19:41:33.070267+00
BAL-8T/8N-420C-037	249	ASCENDENTE	42000		2026-02-11 19:41:52.09127+00
BAL-8T-501C-003	5	ASCENDENTE	40000		2026-02-11 17:19:00.506527+00
BAL-8T-501C-004	5	DESCENDENTE	40000		2026-02-11 17:19:06.678858+00
BAL-8T/8N-420C-038	249	DESCENDENTE	42000		2026-02-11 19:42:02.778655+00
BAL-14N/4TR-420C-007	84	ASCENDENTE	30000		2026-02-11 19:46:13.922939+00
BAL-14N/4TR-420C-008	84	DESCENDENTE	30000		2026-02-11 19:46:18.373621+00
BAL-14N/4TR-420C-009	95	ASCENDENTE	30000		2026-02-11 19:47:23.400915+00
BAL-14N/4TR-420C-010	95	DESCENDENTE	30000		2026-02-11 19:47:31.58041+00
BAL-14N/4TR-420C-011	125	ASCENDENTE	30000		2026-02-11 19:48:39.410671+00
BAL-14N/4TR-420C-012	125	DESCENDENTE	30000		2026-02-11 19:48:47.932092+00
BAL-14N/4TR-420C-013	179	ASCENDENTE	30000		2026-02-11 19:55:36.539308+00
BAL-14N/4TR-420C-014	179	DESCENDENTE	30000		2026-02-11 19:55:40.492552+00
BAL-14N/4TR-420C-015	180	ASCENDENTE	30000		2026-02-11 19:55:48.377894+00
BAL-14N/4TR-420C-016	180	DESCENDENTE	30000		2026-02-11 19:55:52.84069+00
BAL-14N/4TR-420C-017	208	ASCENDENTE	30000		2026-02-11 19:56:00.511175+00
BAL-14N/4TR-420C-018	208	DESCENDENTE	30000		2026-02-11 19:56:04.61884+00
BAL-14N/4TR-420C-019	245	ASCENDENTE	40000		2026-02-11 19:56:18.736271+00
BAL-14N/4TR-420C-020	245	DESCENDENTE	40000		2026-02-11 19:56:28.311241+00
BAL-8N/4TR-420C-008	266	DESCENDENTE	35000		2026-02-11 17:13:09.395579+00
BAL-6T-501C-007	48	ASCENDENTE	40000		2026-02-11 16:57:50.832116+00
BAL-6T-501C-021	197	ASCENDENTE	40000		2026-02-11 17:02:09.229609+00
BAL-6T-501C-037	264	ASCENDENTE	40000		2026-02-11 17:07:02.144124+00
BAL-8T-501C-005	6	ASCENDENTE	40000		2026-02-11 20:26:04.125075+00
BAL-8T-501C-006	6	DESCENDENTE	40000		2026-02-11 20:26:17.40231+00
BAL-8T-501C-007	14	ASCENDENTE	40000		2026-02-11 20:26:29.57247+00
BAL-8T-501C-008	14	DESCENDENTE	40000		2026-02-11 20:26:39.048992+00
BAL-8T-501C-009	15	ASCENDENTE	40000		2026-02-11 20:26:46.375823+00
BAL-8T-501C-010	15	DESCENDENTE	40000		2026-02-11 20:26:55.189162+00
BAL-10T-501C-015	65	ASCENDENTE	40000		2026-02-18 17:53:29.204953+00
BAL-10T-501C-016	65	DESCENDENTE	40000		2026-02-18 17:53:40.818317+00
BAL-10T-501C-017	82	ASCENDENTE	40000		2026-02-18 17:53:49.73274+00
BAL-10T-501C-018	82	DESCENDENTE	40000		2026-02-18 17:53:59.827035+00
BAL-8T-501C-011	26	ASCENDENTE	40000		2026-02-18 19:09:40.32158+00
BAL-8T-501C-012	26	DESCENDENTE	40000		2026-02-18 19:09:48.167817+00
BAL-8T-501C-013	29	ASCENDENTE	40000		2026-02-18 19:10:05.085244+00
BAL-8T-501C-014	29	DESCENDENTE	40000		2026-02-18 19:10:14.843078+00
BAL-8T-501C-015	30	ASCENDENTE	40000		2026-02-18 19:10:22.227339+00
BAL-8T-501C-016	30	DESCENDENTE	40000		2026-02-18 19:10:32.614145+00
BAL-8T-501C-017	32	ASCENDENTE	40000		2026-02-18 19:10:45.50269+00
BAL-8T-501C-018	32	DESCENDENTE	40000		2026-02-18 19:11:02.301395+00
BAL-8T-501C-019	36	ASCENDENTE	40000		2026-02-18 19:12:25.876128+00
BAL-8T-501C-020	36	DESCENDENTE	40000		2026-02-18 19:12:35.815888+00
BAL-8T-501C-021	39	ASCENDENTE	40000		2026-02-18 19:12:44.838518+00
BAL-8T-501C-022	39	DESCENDENTE	40000		2026-02-18 19:12:52.112755+00
BAL-8T-501C-023	42	ASCENDENTE	40000		2026-02-18 19:13:00.615221+00
BAL-8T-501C-024	42	DESCENDENTE	40000		2026-02-18 19:13:11.033227+00
BAL-8T-501C-025	45	ASCENDENTE	40000		2026-02-18 19:13:26.256019+00
BAL-8T-501C-026	45	DESCENDENTE	40000		2026-02-18 19:13:35.941467+00
BAL-8T-501C-027	51	ASCENDENTE	40000		2026-02-18 19:13:49.906184+00
BAL-8T-501C-028	51	DESCENDENTE	40000		2026-02-18 19:13:58.628212+00
BAL-8T-501C-029	52	ASCENDENTE	40000		2026-02-18 19:14:08.160674+00
BAL-8T-501C-030	52	DESCENDENTE	40000		2026-02-18 19:14:17.379914+00
BAL-8T-501C-031	53	ASCENDENTE	40000		2026-02-18 19:14:26.015955+00
BAL-8T-501C-032	53	DESCENDENTE	40000		2026-02-18 19:14:33.501797+00
BAL-8T-501C-033	54	ASCENDENTE	40000		2026-02-18 19:14:39.921898+00
BAL-8T-501C-034	54	DESCENDENTE	40000		2026-02-18 19:14:47.995182+00
BAL-8T-501C-035	66	ASCENDENTE	40000		2026-02-18 19:15:10.087797+00
BAL-8T-501C-036	66	DESCENDENTE	40000		2026-02-18 19:15:43.005766+00
BAL-8T-501C-037	74	ASCENDENTE	40000		2026-02-18 19:15:53.292274+00
BAL-8T-501C-038	74	DESCENDENTE	40000		2026-02-18 19:16:05.126787+00
BAL-8T-501C-039	91	ASCENDENTE	40000		2026-02-18 19:16:30.788951+00
BAL-8T-501C-040	91	DESCENDENTE	40000		2026-02-18 19:16:41.187777+00
BAL-8T-501C-041	92	ASCENDENTE	40000		2026-02-18 19:16:53.888896+00
BAL-8T-501C-042	92	DESCENDENTE	40000		2026-02-18 19:17:01.561997+00
BAL-8T-501C-043	94	ASCENDENTE	40000		2026-02-18 19:17:25.944395+00
BAL-8T-501C-044	94	DESCENDENTE	40000		2026-02-18 19:17:36.064952+00
BAL-8T-501C-045	103	ASCENDENTE	40000		2026-02-18 19:17:53.267237+00
BAL-8T-501C-046	103	DESCENDENTE	40000		2026-02-18 19:18:11.088091+00
BAL-8T-501C-047	110	ASCENDENTE	40000		2026-02-18 19:18:19.937063+00
BAL-8T-501C-048	110	DESCENDENTE	40000		2026-02-18 19:18:33.404321+00
BAL-8T-501C-049	111	ASCENDENTE	40000		2026-02-18 19:18:40.339552+00
BAL-8T-501C-050	111	DESCENDENTE	40000		2026-02-18 19:18:48.754889+00
BAL-8T-501C-051	119	ASCENDENTE	40000		2026-02-18 19:18:58.467869+00
BAL-8T-501C-052	119	DESCENDENTE	40000		2026-02-18 19:19:08.811561+00
BAL-8T-501C-053	127	ASCENDENTE	40000		2026-02-18 19:20:34.510379+00
BAL-8T-501C-054	127	DESCENDENTE	40000		2026-02-18 19:20:46.380589+00
BAL-8T-501C-055	128	ASCENDENTE	40000		2026-02-18 19:21:01.986928+00
BAL-8T-501C-056	128	DESCENDENTE	40000		2026-02-18 19:21:12.330247+00
BAL-8T-501C-057	131	ASCENDENTE	40000		2026-02-18 19:21:29.155466+00
BAL-8T-501C-058	131	DESCENDENTE	40000		2026-02-18 19:21:43.067251+00
BAL-8T-501C-059	132	ASCENDENTE	40000		2026-02-18 19:21:55.664101+00
BAL-8T-501C-060	132	DESCENDENTE	40000		2026-02-18 19:22:08.103952+00
BAL-8T-501C-061	138	ASCENDENTE	40000		2026-02-18 19:22:30.880036+00
BAL-8T-501C-062	138	DESCENDENTE	40000		2026-02-18 19:22:41.192787+00
BAL-8T-501C-063	139	ASCENDENTE	40000		2026-02-18 19:22:49.802656+00
BAL-8T-501C-064	139	DESCENDENTE	40000		2026-02-18 19:23:03.986687+00
BAL-8T-501C-065	145	ASCENDENTE	40000		2026-02-18 19:23:18.065291+00
BAL-8T-501C-066	145	DESCENDENTE	40000		2026-02-18 19:23:28.020064+00
BAL-8T-501C-067	148	ASCENDENTE	40000		2026-02-18 19:23:38.368282+00
BAL-8T-501C-068	148	DESCENDENTE	40000		2026-02-18 19:23:48.479281+00
BAL-8T-501C-069	151	ASCENDENTE	40000		2026-02-18 19:23:57.243012+00
BAL-8T-501C-070	151	DESCENDENTE	40000		2026-02-18 19:24:08.178112+00
BAL-8T-501C-071	159	ASCENDENTE	40000		2026-02-18 19:26:36.484604+00
BAL-8T-501C-072	159	DESCENDENTE	40000		2026-02-18 19:26:46.112175+00
BAL-8T-501C-073	160	ASCENDENTE	40000		2026-02-18 19:26:55.680221+00
BAL-8T-501C-074	160	DESCENDENTE	40000		2026-02-18 19:27:05.990026+00
BAL-8T-501C-075	166	ASCENDENTE	40000		2026-02-18 19:27:20.296634+00
BAL-8T-501C-076	166	DESCENDENTE	40000		2026-02-18 19:27:39.969269+00
BAL-8T-501C-077	167	ASCENDENTE	40000		2026-02-18 19:28:20.048621+00
BAL-8T-501C-078	167	DESCENDENTE	40000		2026-02-18 19:28:34.945795+00
BAL-10T-501C-019	87	ASCENDENTE	40000		2026-02-19 15:59:31.667337+00
BAL-10T-501C-020	87	DESCENDENTE	40000		2026-02-19 15:59:41.687935+00
BAL-10T-501C-021	88	ASCENDENTE	40000		2026-02-19 15:59:48.786499+00
BAL-10T-501C-022	88	DESCENDENTE	40000		2026-02-19 15:59:57.851257+00
BAL-10T-501C-023	93	ASCENDENTE	40000		2026-02-19 16:01:03.280518+00
BAL-10T-501C-024	93	DESCENDENTE	40000		2026-02-19 16:01:21.520356+00
BAL-10T-501C-025	98	ASCENDENTE	40000		2026-02-19 16:01:35.246077+00
BAL-10T-501C-026	98	DESCENDENTE	40000		2026-02-19 16:01:43.203504+00
BAL-10T-501C-027	99	ASCENDENTE	40000		2026-02-19 16:01:50.221444+00
BAL-10T-501C-028	99	DESCENDENTE	40000		2026-02-19 16:02:13.184996+00
BAL-10T-501C-029	100	ASCENDENTE	40000		2026-02-19 16:02:33.620193+00
BAL-10T-501C-030	101	ASCENDENTE	40000		2026-02-19 16:05:21.091231+00
BAL-10T-501C-031	100	DESCENDENTE	40000		2026-02-19 16:05:31.599849+00
BAL-10T-501C-032	101	DESCENDENTE	40000		2026-02-19 16:05:42.472833+00
BAL-10T-501C-033	102	ASCENDENTE	40000		2026-02-19 16:05:48.086184+00
BAL-10T-501C-034	102	DESCENDENTE	40000		2026-02-19 16:05:55.37863+00
BAL-10T-501C-035	106	ASCENDENTE	40000		2026-02-19 16:06:02.074133+00
BAL-10T-501C-036	106	DESCENDENTE	40000		2026-02-19 16:06:26.780313+00
BAL-10T-501C-037	107	ASCENDENTE	40000		2026-02-19 16:06:33.877329+00
BAL-10T-501C-038	107	DESCENDENTE	40000		2026-02-19 16:06:42.390173+00
BAL-10T-501C-039	108	ASCENDENTE	40000		2026-02-19 16:06:55.426+00
BAL-10T-501C-040	108	DESCENDENTE	40000		2026-02-19 16:07:04.227988+00
BAL-10T-501C-041	109	ASCENDENTE	40000		2026-02-19 16:07:12.517448+00
BAL-10T-501C-042	109	DESCENDENTE	40000		2026-02-19 16:07:21.970713+00
BAL-10T-501C-043	114	ASCENDENTE	40000		2026-02-19 16:07:30.247125+00
BAL-10T-501C-044	114	DESCENDENTE	40000		2026-02-19 16:07:38.945465+00
BAL-10T-501C-045	116	ASCENDENTE	40000		2026-02-19 16:08:49.49793+00
BAL-10T-501C-046	116	DESCENDENTE	40000		2026-02-19 16:08:57.699825+00
BAL-10T-501C-047	117	ASCENDENTE	40000		2026-02-19 16:09:04.381082+00
BAL-10T-501C-048	117	DESCENDENTE	40000		2026-02-19 16:09:14.805221+00
BAL-10T-501C-049	118	ASCENDENTE	40000		2026-02-19 16:09:21.911866+00
BAL-10T-501C-050	118	DESCENDENTE	40000		2026-02-19 16:09:30.213099+00
BAL-10T-501C-051	120	ASCENDENTE	40000		2026-02-19 16:09:37.468496+00
BAL-10T-501C-052	120	DESCENDENTE	40000		2026-02-19 16:09:44.841461+00
BAL-10T-501C-053	137	ASCENDENTE	40000		2026-02-19 16:10:30.619781+00
BAL-10T-501C-054	137	DESCENDENTE	40000		2026-02-19 16:10:41.905749+00
BAL-10T-501C-055	140	ASCENDENTE	40000		2026-02-19 16:11:01.717398+00
BAL-10T-501C-056	140	DESCENDENTE	40000		2026-02-19 16:11:12.285697+00
BAL-10T-501C-057	141	ASCENDENTE	40000		2026-02-19 16:12:27.996731+00
BAL-10T-501C-058	141	DESCENDENTE	40000		2026-02-19 16:12:38.615902+00
BAL-10T-501C-059	144	ASCENDENTE	40000		2026-02-20 16:52:48.143884+00
BAL-10T-501C-060	144	DESCENDENTE	40000		2026-02-20 16:53:04.636132+00
BAL-10T-501C-061	146	ASCENDENTE	40000		2026-02-20 16:53:14.324105+00
BAL-10T-501C-062	146	DESCENDENTE	40000		2026-02-20 16:53:23.780572+00
BAL-10T-501C-063	147	ASCENDENTE	40000		2026-02-20 16:53:33.347253+00
BAL-10T-501C-064	147	DESCENDENTE	40000		2026-02-20 16:53:42.177872+00
BAL-10T-501C-065	157	ASCENDENTE	40000		2026-02-20 16:53:56.655618+00
BAL-10T-501C-066	157	DESCENDENTE	40000		2026-02-20 16:54:12.643592+00
BAL-10T-501C-067	158	ASCENDENTE	40000		2026-02-20 16:54:36.271534+00
BAL-10T-501C-068	158	DESCENDENTE	40000		2026-02-20 16:54:43.002604+00
BAL-10T-501C-069	161	ASCENDENTE	40000		2026-02-20 16:55:40.661368+00
BAL-10T-501C-070	161	DESCENDENTE	40000		2026-02-20 16:55:46.592596+00
BAL-10T-501C-071	164	ASCENDENTE	40000		2026-02-20 16:55:53.269723+00
BAL-10T-501C-072	169	DESCENDENTE	40000		2026-02-20 16:56:00.457487+00
BAL-10T-501C-073	164	DESCENDENTE	40000		2026-02-20 16:56:14.287773+00
BAL-10T-501C-074	165	ASCENDENTE	40000		2026-02-20 16:56:20.289579+00
BAL-10T-501C-075	165	DESCENDENTE	40000		2026-02-20 16:56:29.679922+00
BAL-10T-501C-076	169	ASCENDENTE	40000		2026-02-20 16:56:49.606705+00
BAL-10T-501C-077	173	ASCENDENTE	40000		2026-02-20 16:56:56.30464+00
BAL-10T-501C-078	173	DESCENDENTE	40000		2026-02-20 16:57:08.308697+00
BAL-10T-501C-079	183	ASCENDENTE	40000		2026-02-20 16:57:34.080308+00
BAL-10T-501C-080	183	DESCENDENTE	40000		2026-02-20 16:57:42.838889+00
BAL-10T-501C-081	184	ASCENDENTE	40000		2026-02-20 16:57:56.296673+00
BAL-10T-501C-082	184	DESCENDENTE	40000		2026-02-20 16:58:11.215236+00
BAL-10T-501C-083	186	ASCENDENTE	40000		2026-02-20 16:58:24.941327+00
BAL-10T-501C-084	186	DESCENDENTE	40000		2026-02-20 16:58:34.465986+00
BAL-10T-501C-085	192	ASCENDENTE	40000		2026-02-20 16:58:53.298564+00
BAL-10T-501C-086	192	DESCENDENTE	40000		2026-02-20 16:59:02.119307+00
BAL-10T-501C-087	193	ASCENDENTE	40000		2026-02-20 16:59:23.04853+00
BAL-10T-501C-088	193	DESCENDENTE	40000		2026-02-20 16:59:32.139121+00
BAL-10T-501C-089	203	ASCENDENTE	40000		2026-02-20 16:59:41.801098+00
BAL-10T-501C-090	203	DESCENDENTE	40000		2026-02-20 16:59:52.304041+00
BAL-10T-501C-091	229	ASCENDENTE	40000		2026-02-20 17:04:18.090059+00
BAL-10T-501C-092	229	DESCENDENTE	40000		2026-02-20 17:04:26.741888+00
BAL-10T-501C-093	231	ASCENDENTE	40000		2026-02-20 17:04:41.714973+00
BAL-10T-501C-094	231	DESCENDENTE	40000		2026-02-20 17:04:54.409731+00
BAL-10T-501C-095	239	ASCENDENTE	40000		2026-02-20 17:05:09.140808+00
BAL-10T-501C-096	239	DESCENDENTE	40000		2026-02-20 17:05:21.067051+00
BAL-10T-501C-097	241	ASCENDENTE	40000		2026-02-20 17:05:35.668696+00
BAL-10T-501C-098	241	DESCENDENTE	40000		2026-02-20 17:05:51.19072+00
BAL-10T-501C-099	211	ASCENDENTE	40000		2026-02-20 17:07:14.922084+00
BAL-10T-501C-100	211	DESCENDENTE	40000		2026-02-20 17:07:24.428359+00
BAL-10T-501C-101	219	ASCENDENTE	40000		2026-02-20 17:07:36.601785+00
BAL-10T-501C-102	219	DESCENDENTE	40000		2026-02-20 17:07:46.090934+00
BAL-10T-501C-103	220	ASCENDENTE	40000		2026-02-20 17:08:55.062641+00
BAL-10T-501C-104	220	DESCENDENTE	40000		2026-02-20 17:09:04.501959+00
BAL-10T-501C-105	221	ASCENDENTE	40000		2026-02-20 17:09:13.165619+00
BAL-10T-501C-106	222	ASCENDENTE	40000		2026-02-20 17:09:24.889674+00
BAL-10T-501C-107	221	DESCENDENTE	40000		2026-02-20 17:09:33.744754+00
BAL-10T-501C-108	222	DESCENDENTE	40000		2026-02-20 17:09:41.595584+00
BAL-10T-501C-109	246	ASCENDENTE	42000		2026-02-20 17:10:35.134196+00
BAL-10T-501C-110	248	ASCENDENTE	42000		2026-02-20 17:10:47.550983+00
BAL-10T-501C-111	246	DESCENDENTE	42000		2026-02-20 17:11:11.579933+00
BAL-10T-501C-112	248	DESCENDENTE	42000		2026-02-20 17:11:21.843901+00
BAL-10T-501C-113	262	ASCENDENTE	40000		2026-02-20 17:11:37.905094+00
BAL-10T-501C-114	254	ASCENDENTE	40000		2026-02-20 17:11:44.605298+00
BAL-10T-501C-115	257	ASCENDENTE	40000		2026-02-20 17:11:51.730221+00
BAL-10T-501C-116	258	ASCENDENTE	40000		2026-02-20 17:11:58.799874+00
BAL-10T-501C-117	262	DESCENDENTE	40000		2026-02-20 17:12:06.983991+00
BAL-10T-501C-118	254	DESCENDENTE	40000		2026-02-20 17:14:44.476087+00
BAL-10T-501C-119	257	DESCENDENTE	40000		2026-02-20 17:14:50.004423+00
BAL-10T-501C-120	258	DESCENDENTE	40000		2026-02-20 17:14:55.686469+00
BAL-12T-501C-003	20	ASCENDENTE	40000		2026-02-20 17:16:30.407576+00
BAL-12T-501C-004	21	ASCENDENTE	40000		2026-02-20 17:16:34.645753+00
BAL-12T-501C-005	21	DESCENDENTE	40000		2026-02-20 17:16:39.637161+00
BAL-12T-501C-006	20	DESCENDENTE	40000		2026-02-20 17:16:45.622303+00
BAL-12T-501C-007	9	ASCENDENTE	40000		2026-02-20 17:17:22.222752+00
BAL-12T-501C-008	9	DESCENDENTE	40000		2026-02-20 17:17:32.026814+00
BAL-12T-501C-009	28	ASCENDENTE	40000		2026-02-20 17:17:52.630661+00
BAL-12T-501C-010	37	ASCENDENTE	40000		2026-02-20 17:17:56.539476+00
BAL-12T-501C-011	38	ASCENDENTE	40000		2026-02-20 17:18:00.02739+00
BAL-12T-501C-012	41	ASCENDENTE	40000		2026-02-20 17:18:03.771387+00
BAL-12T-501C-013	31	ASCENDENTE	40000		2026-02-20 17:18:08.035292+00
BAL-12T-501C-014	37	DESCENDENTE	40000		2026-02-20 17:18:12.038171+00
BAL-12T-501C-015	38	DESCENDENTE	40000		2026-02-20 17:18:15.871943+00
BAL-12T-501C-016	41	DESCENDENTE	40000		2026-02-20 17:18:20.291618+00
BAL-12T-501C-017	28	DESCENDENTE	40000		2026-02-20 17:18:24.611841+00
BAL-12T-501C-018	31	DESCENDENTE	40000		2026-02-20 17:18:28.963342+00
BAL-12T-501C-019	67	ASCENDENTE	40000		2026-02-20 17:43:22.003115+00
BAL-12T-501C-020	70	ASCENDENTE	40000		2026-02-20 17:43:26.798212+00
BAL-12T-501C-021	72	ASCENDENTE	40000		2026-02-20 17:43:35.189125+00
BAL-12T-501C-022	73	ASCENDENTE	40000		2026-02-20 17:43:39.773123+00
BAL-12T-501C-023	75	ASCENDENTE	40000		2026-02-20 17:44:10.636653+00
BAL-12T-501C-024	79	ASCENDENTE	40000		2026-02-20 17:44:14.668996+00
BAL-12T-501C-025	80	ASCENDENTE	40000		2026-02-20 17:44:20.104968+00
BAL-12T-501C-026	81	ASCENDENTE	40000		2026-02-20 17:44:26.37185+00
BAL-12T-501C-027	58	ASCENDENTE	40000		2026-02-20 17:44:31.642334+00
BAL-12T-501C-028	59	ASCENDENTE	40000		2026-02-20 17:44:36.595531+00
BAL-12T-501C-029	60	ASCENDENTE	40000		2026-02-20 17:44:42.040439+00
BAL-12T-501C-030	61	ASCENDENTE	40000		2026-02-20 17:44:47.685108+00
BAL-12T-501C-031	62	ASCENDENTE	40000		2026-02-20 17:44:53.013899+00
BAL-12T-501C-032	67	DESCENDENTE	40000		2026-02-20 17:44:59.637723+00
BAL-12T-501C-033	70	DESCENDENTE	40000		2026-02-20 17:45:07.150256+00
BAL-12T-501C-034	72	DESCENDENTE	40000		2026-02-20 17:45:13.188004+00
BAL-12T-501C-035	73	DESCENDENTE	40000		2026-02-20 17:45:20.449382+00
BAL-12T-501C-036	75	DESCENDENTE	40000		2026-02-20 17:45:26.446206+00
BAL-12T-501C-037	79	DESCENDENTE	40000		2026-02-20 17:46:25.719101+00
BAL-12T-501C-038	80	DESCENDENTE	40000		2026-02-20 17:46:31.563704+00
BAL-12T-501C-039	81	DESCENDENTE	40000		2026-02-20 17:46:37.775119+00
BAL-12T-501C-040	58	DESCENDENTE	40000		2026-02-20 17:46:45.351636+00
BAL-12T-501C-041	59	DESCENDENTE	40000		2026-02-20 17:46:53.507156+00
BAL-12T-501C-042	60	DESCENDENTE	40000		2026-02-20 17:46:59.662297+00
BAL-12T-501C-043	61	DESCENDENTE	40000		2026-02-20 17:47:04.615486+00
BAL-12T-501C-044	62	DESCENDENTE	40000		2026-02-20 17:47:09.815572+00
BAL-12T-501C-045	115	ASCENDENTE	40000		2026-02-20 17:49:17.081837+00
BAL-12T-501C-046	121	ASCENDENTE	40000		2026-02-20 17:49:22.717396+00
BAL-12T-501C-047	122	ASCENDENTE	40000		2026-02-20 17:49:28.035221+00
BAL-12T-501C-048	89	ASCENDENTE	40000		2026-02-20 17:49:33.034368+00
BAL-12T-501C-049	115	DESCENDENTE	40000		2026-02-20 17:49:39.539373+00
BAL-12T-501C-050	121	DESCENDENTE	40000		2026-02-20 17:49:45.263662+00
BAL-12T-501C-051	122	DESCENDENTE	40000		2026-02-20 17:49:51.044976+00
BAL-12T-501C-052	89	DESCENDENTE	40000		2026-02-20 17:49:56.930462+00
BAL-12T-501C-053	126	ASCENDENTE	40000		2026-02-20 17:50:11.386811+00
BAL-12T-501C-054	150	ASCENDENTE	40000		2026-02-20 17:50:19.839035+00
BAL-12T-501C-055	130	ASCENDENTE	40000		2026-02-20 17:50:26.056333+00
BAL-12T-501C-056	126	DESCENDENTE	40000		2026-02-20 17:50:34.254406+00
BAL-12T-501C-057	150	DESCENDENTE	40000		2026-02-20 17:50:42.509836+00
BAL-12T-501C-058	130	DESCENDENTE	40000		2026-02-20 17:50:53.321846+00
BAL-12T-501C-059	190	ASCENDENTE	40000		2026-02-20 17:51:03.288787+00
BAL-12T-501C-060	200	ASCENDENTE	40000		2026-02-20 17:51:09.287695+00
BAL-12T-501C-061	185	ASCENDENTE	40000		2026-02-20 17:51:16.041767+00
BAL-12T-501C-062	187	ASCENDENTE	40000		2026-02-20 17:51:23.096596+00
BAL-12T-501C-063	190	DESCENDENTE	40000		2026-02-20 17:51:31.588389+00
BAL-12T-501C-064	200	DESCENDENTE	40000		2026-02-20 17:51:37.803997+00
BAL-12T-501C-065	185	DESCENDENTE	40000		2026-02-20 17:51:43.885417+00
BAL-12T-501C-066	187	DESCENDENTE	40000		2026-02-20 17:51:54.578424+00
BAL-12T-501C-067	240	ASCENDENTE	40000		2026-02-20 17:52:21.434374+00
BAL-12T-501C-068	244	ASCENDENTE	40000		2026-02-20 17:52:28.741574+00
BAL-12T-501C-069	225	ASCENDENTE	40000		2026-02-20 17:52:48.075522+00
BAL-12T-501C-070	210	ASCENDENTE	40000		2026-02-20 17:52:54.996588+00
BAL-12T-501C-071	230	ASCENDENTE	40000		2026-02-20 17:53:03.020935+00
BAL-12T-501C-072	236	ASCENDENTE	40000		2026-02-20 17:53:10.604217+00
BAL-12T-501C-073	240	DESCENDENTE	40000		2026-02-20 17:53:51.064458+00
BAL-12T-501C-074	244	DESCENDENTE	40000		2026-02-20 17:54:22.186575+00
BAL-12T-501C-075	225	DESCENDENTE	40000		2026-02-20 17:54:28.279271+00
BAL-12T-501C-076	156	DESCENDENTE	40000		2026-02-20 17:54:34.491401+00
BAL-12T-501C-077	210	DESCENDENTE	40000		2026-02-20 17:54:41.18982+00
BAL-12T-501C-078	230	DESCENDENTE	40000		2026-02-20 17:54:49.51173+00
BAL-12T-501C-079	236	DESCENDENTE	40000		2026-02-20 17:54:57.627388+00
BAL-12T-501C-080	251	ASCENDENTE	42000		2026-02-20 17:55:36.55853+00
BAL-12T-501C-081	251	DESCENDENTE	42000		2026-02-20 17:55:46.834727+00
BAL-12T-501C-082	156	ASCENDENTE	40000		2026-02-20 17:57:11.898869+00
BAL-12T-501C-083	177	ASCENDENTE	40000		2026-02-20 17:57:18.268092+00
BAL-12T-501C-084	177	DESCENDENTE	40000		2026-02-20 17:57:26.406346+00
BAL-12T-501C-085	178	ASCENDENTE	40000		2026-02-20 17:57:40.49073+00
BAL-12T-501C-086	178	DESCENDENTE	40000		2026-02-20 17:57:52.948525+00
BAL-12T-501C-087	272	ASCENDENTE	40000		2026-02-20 17:58:02.249973+00
BAL-12T-501C-088	255	ASCENDENTE	40000		2026-02-20 17:58:11.314947+00
BAL-12T-501C-089	272	DESCENDENTE	40000		2026-02-20 17:58:25.392503+00
BAL-12T-501C-090	255	DESCENDENTE	40000		2026-02-20 17:58:36.00906+00
BAL-8T-501C-079	168	ASCENDENTE	40000		2026-02-20 17:59:50.672047+00
BAL-8T-501C-080	168	DESCENDENTE	40000		2026-02-20 17:59:58.417075+00
BAL-8T-501C-081	174	ASCENDENTE	40000		2026-02-20 18:00:05.192645+00
BAL-8T-501C-082	174	DESCENDENTE	40000		2026-02-20 18:00:11.794198+00
BAL-8T-501C-083	175	ASCENDENTE	40000		2026-02-20 18:00:18.51576+00
BAL-8T-501C-084	175	DESCENDENTE	40000		2026-02-20 18:00:25.627082+00
BAL-8T-501C-085	176	ASCENDENTE	40000		2026-02-20 18:00:30.825753+00
BAL-8T-501C-086	176	DESCENDENTE	40000		2026-02-20 18:00:39.122942+00
BAL-8T-501C-087	250	ASCENDENTE	42000		2026-02-20 18:02:53.876015+00
BAL-8T-501C-088	250	DESCENDENTE	42000		2026-02-20 18:03:03.137737+00
BAL-8T-501C-089	194	ASCENDENTE	40000		2026-02-20 18:03:10.648914+00
BAL-8T-501C-090	195	ASCENDENTE	40000		2026-02-20 18:03:17.6863+00
BAL-8T-501C-091	201	ASCENDENTE	40000		2026-02-20 18:03:27.236908+00
BAL-8T-501C-092	202	ASCENDENTE	40000		2026-02-20 18:03:35.041148+00
BAL-8T-501C-093	204	ASCENDENTE	40000		2026-02-20 18:03:42.380365+00
BAL-8T-501C-094	205	ASCENDENTE	40000		2026-02-20 18:05:03.708035+00
BAL-8T-501C-095	206	ASCENDENTE	40000		2026-02-20 18:05:11.564487+00
BAL-8T-501C-096	194	DESCENDENTE	40000		2026-02-20 18:05:21.68775+00
BAL-8T-501C-097	195	DESCENDENTE	40000		2026-02-20 18:07:52.922375+00
BAL-8T-501C-098	201	DESCENDENTE	40000		2026-02-20 18:09:05.51579+00
BAL-8T-501C-099	202	DESCENDENTE	40000		2026-02-20 18:09:11.866287+00
BAL-8T-501C-100	204	DESCENDENTE	40000		2026-02-20 18:09:17.925055+00
BAL-8T-501C-101	217	DESCENDENTE	40000		2026-02-20 18:09:26.072678+00
BAL-8T-501C-102	205	DESCENDENTE	40000		2026-02-20 18:09:32.506171+00
BAL-8T-501C-103	206	DESCENDENTE	40000		2026-02-20 18:09:37.875838+00
BAL-8T-501C-104	217	ASCENDENTE	40000		2026-02-20 18:09:46.850311+00
BAL-8T-501C-105	237	ASCENDENTE	40000		2026-02-20 18:09:53.07267+00
BAL-8T-501C-106	218	ASCENDENTE	40000		2026-02-20 18:09:59.988912+00
BAL-8T-501C-107	226	ASCENDENTE	40000		2026-02-20 18:12:27.006925+00
BAL-8T-501C-108	232	ASCENDENTE	40000		2026-02-20 18:13:03.537196+00
BAL-8T-501C-109	212	ASCENDENTE	40000		2026-02-20 18:13:12.760737+00
BAL-8T-501C-110	234	ASCENDENTE	40000		2026-02-20 18:13:38.117+00
BAL-8T-501C-111	237	DESCENDENTE	40000		2026-02-20 18:13:46.853051+00
BAL-8T-501C-112	218	DESCENDENTE	40000		2026-02-20 18:13:55.412403+00
BAL-8T-501C-113	226	DESCENDENTE	40000		2026-02-20 18:15:56.214019+00
BAL-8T-501C-114	232	DESCENDENTE	40000		2026-02-20 18:16:04.588452+00
BAL-8T-501C-115	212	DESCENDENTE	40000		2026-02-20 18:16:11.595067+00
BAL-8T-501C-116	234	DESCENDENTE	40000		2026-02-20 18:16:19.846077+00
BAL-8T-501C-117	267	ASCENDENTE	40000		2026-02-20 18:16:32.120848+00
BAL-8T-501C-118	268	ASCENDENTE	40000		2026-02-20 18:16:42.042685+00
BAL-8T-501C-119	270	ASCENDENTE	40000		2026-02-20 18:16:51.494121+00
BAL-8T-501C-120	260	ASCENDENTE	40000		2026-02-20 18:16:59.211476+00
BAL-8T-501C-121	271	ASCENDENTE	40000		2026-02-20 18:17:06.112476+00
BAL-8T-501C-122	256	ASCENDENTE	40000		2026-02-20 18:17:12.315453+00
BAL-8T-501C-123	261	ASCENDENTE	40000		2026-02-20 18:17:17.343557+00
BAL-8T-501C-124	267	DESCENDENTE	40000		2026-02-20 18:17:25.679239+00
BAL-8T-501C-125	268	DESCENDENTE	40000		2026-02-20 18:17:32.094378+00
BAL-8T-501C-126	270	DESCENDENTE	40000		2026-02-20 18:17:37.412971+00
BAL-8T-501C-127	271	DESCENDENTE	40000		2026-02-20 18:17:42.432667+00
BAL-8T-501C-128	256	DESCENDENTE	40000		2026-02-20 18:20:14.451808+00
BAL-8T-501C-129	260	DESCENDENTE	40000		2026-02-20 18:20:20.287657+00
BAL-8T-501C-130	261	DESCENDENTE	40000		2026-02-20 18:20:25.860142+00
\.


--
-- Data for Name: app_config_repuestos_tipo; Type: TABLE DATA; Schema: public; Owner: proyecto_user
--

COPY public.app_config_repuestos_tipo (id, id_original, descripcion, cantidad_por_balancin, grupo, orden, repuesto_id, tipo_balancin_codigo, cantidad_total, conjunto_padre_id, es_conjunto) FROM stdin;
6	4501001		1	OTROS	0	4501001	4T-501C	1	\N	f
7	10870308	POLEA 501C CL.100 DIÁ.525	1	OTROS	1	10870308	4T-501C	1	\N	t
8	501100525		1	POLEAS	12	501100525	4T-501C	1	\N	f
9	10431740	GUARN.DE GOMA 501 485X100/R40	1	POLEAS	13	10431740	4T-501C	1	\N	f
10	11430351	CASQUILLO DIST. DIÁ50/30 L=160	1	POLEAS	14	11430351	4T-501C	1	\N	f
11	5030160		1	POLEAS	15	5030160	4T-501C	1	\N	f
12	10501989	RRB DIN 625/1- 6310-2RS1-C3GLE	1	POLEAS	16	10501989	4T-501C	1	\N	f
13	10688079	SEGMENTO 2P 501C DP690/DIA.525	1	POLEAS	17	10688079	4T-501C	1	\N	t
14	10293344	PERNO DIA.29,9 L 223 M24	1	SEGMENTOS_2P	28	10293344	4T-501C	1	\N	f
15	29922324		1	SEGMENTOS_2P	29	29922324	4T-501C	1	\N	f
16	10871605	ARANDELA ISO 7089 M24 300HV, F	1	SEGMENTOS_2P	30	10871605	4T-501C	1	\N	f
17	708924300		1	SEGMENTOS_2P	31	708924300	4T-501C	1	\N	f
18	10252061	TUERCA AUTOFIJ. INLOC - 8 M24	1	SEGMENTOS_2P	32	10252061	4T-501C	1	\N	f
19	10083926	CASQUILLO PM 6040 GLACIER DS  TIPO KW SIN AGUJERO DE ENGRASE	1	SEGMENTOS_2P	33	10083926	4T-501C	1	\N	f
20	10688118	SEGMENTO 4P 501C DP690/DIÁ.525	1	SEGMENTOS_2P	34	10688118	4T-501C	1	\N	t
21	10482959	BULÓN DIA.50,0 LN 388 M30	1	SEGMENTOS_4P	45	10482959	4T-501C	1	\N	f
22	50038830		1	SEGMENTOS_4P	46	50038830	4T-501C	1	\N	f
23	11430347	TUBO DISTANCIADOR DIÁ.60/50,2	1	SEGMENTOS_4P	47	11430347	4T-501C	1	\N	f
24	10000085	TUERCA HEXAG. DIN 985-8 M30 GA	1	SEGMENTOS_4P	48	10000085	4T-501C	1	\N	f
25	10494137	CASQUILLO PM 8580 DS GLACIER	1	SEGMENTOS_4P	49	10494137	4T-501C	1	\N	f
26	10688144	CONJ. DE 4 POLEAS PORT. RB- 4T TYPE 501C/AU/GK.60	1	SEGMENTOS_4P	50	10688144	4T-501C	1	\N	t
27	4450160		1	POLEAS	61	4450160	4T-501C	1	\N	f
28	11430134	BULÓN DIÁ=85H8 L=797 M16 ARI P	1	POLEAS	62	11430134	4T-501C	1	\N	f
29	85879716		1	POLEAS	63	85879716	4T-501C	1	\N	f
30	10046154	ARANDELA SEGUR. NORDLOCK NL16	1	POLEAS	64	10046154	4T-501C	1	\N	f
31	11136966	TORNILLO DIN931-8.8U M16X65, G	1	POLEAS	65	11136966	4T-501C	1	\N	f
32	931881665		1	POLEAS	66	931881665	4T-501C	1	\N	f
33	10510857	TORNILLO TENSILOCK CL.90 M16X35	1	POLEAS	67	10510857	4T-501C	1	\N	f
34	11185341	TORNILLO HEXAGONAL 8.8 M27X500MM	1	POLEAS	68	11185341	4T-501C	1	\N	f
35	8827500		1	POLEAS	69	8827500	4T-501C	1	\N	f
36	11136925	TUERCA HEXAGONAL DIN 934-8 M27	1	POLEAS	70	11136925	4T-501C	1	\N	f
37	6501001		1	OTROS	0	6501001	6T-501C	1	\N	f
38	10870308	POLEA 501C CL.100 DIÁ.525	1	OTROS	1	10870308	6T-501C	1	\N	t
39	501100525		1	POLEAS	12	501100525	6T-501C	1	\N	f
40	10431740	GUARN.DE GOMA 501 485X100/R40	1	POLEAS	13	10431740	6T-501C	1	\N	f
41	11430351	CASQUILLO DIST. DIÁ50/30 L=160	1	POLEAS	14	11430351	6T-501C	1	\N	f
42	5030160		1	POLEAS	15	5030160	6T-501C	1	\N	f
43	10501989	RRB DIN 625/1- 6310-2RS1-C3GLE	1	POLEAS	16	10501989	6T-501C	1	\N	f
44	10688079	SEGMENTO 2P 501C DP690/DIA.525	1	POLEAS	17	10688079	6T-501C	1	\N	t
45	10293344	PERNO DIA.29,9 L 223 M24	1	SEGMENTOS_2P	28	10293344	6T-501C	1	\N	f
46	29922324		1	SEGMENTOS_2P	29	29922324	6T-501C	1	\N	f
47	10871605	ARANDELA ISO 7089 M24 300HV, F	1	SEGMENTOS_2P	30	10871605	6T-501C	1	\N	f
48	708924300		1	SEGMENTOS_2P	31	708924300	6T-501C	1	\N	f
49	10252061	TUERCA AUTOFIJ. INLOC - 8 M24	1	SEGMENTOS_2P	32	10252061	6T-501C	1	\N	f
50	10083926	CASQUILLO PM 6040 GLACIER DS  TIPO KW SIN AGUJERO DE ENGRASE	1	SEGMENTOS_2P	33	10083926	6T-501C	1	\N	f
51	10688118	SEGMENTO 4P 501C DP690/DIÁ.525	1	SEGMENTOS_2P	34	10688118	6T-501C	1	\N	t
52	10482959	BULÓN DIA.50,0 LN 388 M30	1	SEGMENTOS_4P	45	10482959	6T-501C	1	\N	f
53	50038830		1	SEGMENTOS_4P	46	50038830	6T-501C	1	\N	f
54	11430347	TUBO DISTANCIADOR DIÁ.60/50,2	1	SEGMENTOS_4P	47	11430347	6T-501C	1	\N	f
55	10000085	TUERCA HEXAG. DIN 985-8 M30 GA	1	SEGMENTOS_4P	48	10000085	6T-501C	1	\N	f
56	10494137	CASQUILLO PM 8580 DS GLACIER	1	SEGMENTOS_4P	49	10494137	6T-501C	1	\N	f
57	10688146	CONJ. DE 6 POLEAS PORT. RB- 6T TYPE 501C/AU/GK.60	1	SEGMENTOS_4P	50	10688146	6T-501C	1	\N	t
58	6650160		1	POLEAS	61	6650160	6T-501C	1	\N	f
59	11430190	EJE DIÁ=60H8 L=760 M30, P. CP	1	POLEAS	62	11430190	6T-501C	1	\N	f
60	60876030		1	POLEAS	63	60876030	6T-501C	1	\N	f
61	11424994	ARANDELA DIN 7349-31 300HSFG	1	POLEAS	64	11424994	6T-501C	1	\N	f
62	734931300		1	POLEAS	65	734931300	6T-501C	1	\N	f
64	8501001		1	OTROS	0	8501001	8T-501C	1	\N	f
65	10870308	POLEA 501C CL.100 DIÁ.525	1	OTROS	1	10870308	8T-501C	1	\N	t
5	11430348	TUBO DIST. DIÁ 35/25 L=140, TU	1	COMPONENTES	2	11430348	16N/4TR-420C	4	\N	f
2	10434107	GUARN.DE GOMA 420 422X 93/R34	1	COMPONENTES	1	10434107	16N/4TR-420C	4	\N	f
66	501100525		1	POLEAS	12	501100525	8T-501C	1	\N	f
67	10431740	GUARN.DE GOMA 501 485X100/R40	1	POLEAS	13	10431740	8T-501C	1	\N	f
68	11430351	CASQUILLO DIST. DIÁ50/30 L=160	1	POLEAS	14	11430351	8T-501C	1	\N	f
69	5030160		1	POLEAS	15	5030160	8T-501C	1	\N	f
70	10501989	RRB DIN 625/1- 6310-2RS1-C3GLE	1	POLEAS	16	10501989	8T-501C	1	\N	f
71	10688079	SEGMENTO 2P 501C DP690/DIA.525	1	POLEAS	17	10688079	8T-501C	1	\N	t
72	10293344	PERNO DIA.29,9 L 223 M24	1	SEGMENTOS_2P	28	10293344	8T-501C	1	\N	f
73	29922324		1	SEGMENTOS_2P	29	29922324	8T-501C	1	\N	f
74	10871605	ARANDELA ISO 7089 M24 300HV, F	1	SEGMENTOS_2P	30	10871605	8T-501C	1	\N	f
75	708924300		1	SEGMENTOS_2P	31	708924300	8T-501C	1	\N	f
76	10252061	TUERCA AUTOFIJ. INLOC - 8 M24	1	SEGMENTOS_2P	32	10252061	8T-501C	1	\N	f
77	10083926	CASQUILLO PM 6040 GLACIER DS  TIPO KW SIN AGUJERO DE ENGRASE	1	SEGMENTOS_2P	33	10083926	8T-501C	1	\N	f
78	10688118	SEGMENTO 4P 501C DP690/DIÁ.525	1	SEGMENTOS_2P	34	10688118	8T-501C	1	\N	t
79	10482959	BULÓN DIA.50,0 LN 388 M30	1	SEGMENTOS_4P	45	10482959	8T-501C	1	\N	f
80	50038830		1	SEGMENTOS_4P	46	50038830	8T-501C	1	\N	f
81	11430347	TUBO DISTANCIADOR DIÁ.60/50,2	1	SEGMENTOS_4P	47	11430347	8T-501C	1	\N	f
82	11424994	ARANDELA DIN 7349-31 300HSFG,	1	SEGMENTOS_4P	48	11424994	8T-501C	1	\N	f
83	734931300		1	SEGMENTOS_4P	49	734931300	8T-501C	1	\N	f
84	10000085	TUERCA HEXAG. DIN 985-8 M30 GA	1	SEGMENTOS_4P	50	10000085	8T-501C	1	\N	f
85	10494137	CASQUILLO PM 8580 DS GLACIER	1	SEGMENTOS_4P	51	10494137	8T-501C	1	\N	f
86	10688148	CONJ. DE 8 POLEAS PORT. RB- 8T TYPE 501C/AU/GK.60	1	SEGMENTOS_4P	52	10688148	8T-501C	1	\N	t
87	8850160		1	POLEAS	63	8850160	8T-501C	1	\N	f
88	10007419	TORNILLO TENSILOCK CL. 100 M16X40	1	POLEAS	64	10007419	8T-501C	1	\N	f
89	1001640		1	POLEAS	65	1001640	8T-501C	1	\N	f
90	11430183	BULÓN DIÁ=85H8 L=683 M16 ARI P	1	POLEAS	66	11430183	8T-501C	1	\N	f
91	85868316		1	POLEAS	67	85868316	8T-501C	1	\N	f
92	11136966	TORNILLO DIN931-8.8U M16X65, G	1	POLEAS	68	11136966	8T-501C	1	\N	f
93	931881665		1	POLEAS	69	931881665	8T-501C	1	\N	f
94	10046154	ARANDELA SEGUR. NORDLOCK NL16	1	POLEAS	70	10046154	8T-501C	1	\N	f
95	11430189	BULÓN DIÁ=85H8 L=456, P. RODAM	1	POLEAS	71	11430189	8T-501C	1	\N	f
96	10510857	TORNILLO TENSILOCK CL.90 M16X35	1	POLEAS	72	10510857	8T-501C	1	\N	f
97	11137005	TORNILLO DIN933-8.8U M12X45 GI	1	POLEAS	73	11137005	8T-501C	1	\N	f
98	933881245		1	POLEAS	74	933881245	8T-501C	1	\N	f
99	10000080	TUERCA HEXAGONAL DIN 985-8 M12	1	POLEAS	75	10000080	8T-501C	1	\N	f
100	10538144	ARAND.DIST. DIÁ.120/86 E=1,5 A	1	POLEAS	76	10538144	8T-501C	1	\N	f
101	1208615		1	POLEAS	77	1208615	8T-501C	1	\N	f
103	10501001		1	OTROS	0	10501001	10T-501C	1	\N	f
104	10870308	POLEA 501C CL.100 DIÁ.525	1	OTROS	1	10870308	10T-501C	1	\N	t
105	501100525		1	POLEAS	12	501100525	10T-501C	1	\N	f
106	10431740	GUARN.DE GOMA 501 485X100/R40	1	POLEAS	13	10431740	10T-501C	1	\N	f
107	11430351	CASQUILLO DIST. DIÁ50/30 L=160	1	POLEAS	14	11430351	10T-501C	1	\N	f
108	5030160		1	POLEAS	15	5030160	10T-501C	1	\N	f
109	10501989	RRB DIN 625/1- 6310-2RS1-C3GLE	1	POLEAS	16	10501989	10T-501C	1	\N	f
110	10688079	SEGMENTO 2P 501C DP690/DIA.525	1	POLEAS	17	10688079	10T-501C	1	\N	t
111	10293344	PERNO DIA.29,9 L 223 M24	1	SEGMENTOS_2P	28	10293344	10T-501C	1	\N	f
112	29922324		1	SEGMENTOS_2P	29	29922324	10T-501C	1	\N	f
113	10871605	ARANDELA ISO 7089 M24 300HV, F	1	SEGMENTOS_2P	30	10871605	10T-501C	1	\N	f
114	708924300		1	SEGMENTOS_2P	31	708924300	10T-501C	1	\N	f
115	10252061	TUERCA AUTOFIJ. INLOC - 8 M24	1	SEGMENTOS_2P	32	10252061	10T-501C	1	\N	f
116	10083926	CASQUILLO PM 6040 GLACIER DS  TIPO KW SIN AGUJERO DE ENGRASE	1	SEGMENTOS_2P	33	10083926	10T-501C	1	\N	f
117	10688118	SEGMENTO 4P 501C DP690/DIÁ.525	1	SEGMENTOS_2P	34	10688118	10T-501C	1	\N	t
118	10482959	BULÓN DIA.50,0 LN 388 M30	1	SEGMENTOS_4P	45	10482959	10T-501C	1	\N	f
119	50038830		1	SEGMENTOS_4P	46	50038830	10T-501C	1	\N	f
120	11430347	TUBO DISTANCIADOR DIÁ.60/50,2	1	SEGMENTOS_4P	47	11430347	10T-501C	1	\N	f
121	10000085	TUERCA HEXAG. DIN 985-8 M30 GA	1	SEGMENTOS_4P	48	10000085	10T-501C	1	\N	f
122	10494137	CASQUILLO PM 8580 DS GLACIER	1	SEGMENTOS_4P	49	10494137	10T-501C	1	\N	f
123	10688150	CONJ. DE 10 POLEAS PORT. RB- 10T TYPE 501C/AU/GK.60	1	SEGMENTOS_4P	50	10688150	10T-501C	1	\N	t
124	101050160		1	POLEAS	61	101050160	10T-501C	1	\N	f
125	11430190	EJE DIÁ=60H8 L=760 M30, P. CP	1	POLEAS	62	11430190	10T-501C	1	\N	f
126	60876030		1	POLEAS	63	60876030	10T-501C	1	\N	f
128	12501001		1	OTROS	0	12501001	12T-501C	1	\N	f
129	10870308	POLEA 501C CL.100 DIÁ.525	1	OTROS	1	10870308	12T-501C	1	\N	t
130	501100525		1	POLEAS	12	501100525	12T-501C	1	\N	f
131	10431740	GUARN.DE GOMA 501 485X100/R40	1	POLEAS	13	10431740	12T-501C	1	\N	f
132	11430351	CASQUILLO DIST. DIÁ50/30 L=160	1	POLEAS	14	11430351	12T-501C	1	\N	f
133	5030160		1	POLEAS	15	5030160	12T-501C	1	\N	f
134	10501989	RRB DIN 625/1- 6310-2RS1-C3GLE	1	POLEAS	16	10501989	12T-501C	1	\N	f
135	10688079	SEGMENTO 2P 501C DP690/DIA.525	1	POLEAS	17	10688079	12T-501C	1	\N	t
136	10293344	PERNO DIA.29,9 L 223 M24	1	SEGMENTOS_2P	28	10293344	12T-501C	1	\N	f
137	29922324		1	SEGMENTOS_2P	29	29922324	12T-501C	1	\N	f
138	10871605	ARANDELA ISO 7089 M24 300HV, F	1	SEGMENTOS_2P	30	10871605	12T-501C	1	\N	f
139	708924300		1	SEGMENTOS_2P	31	708924300	12T-501C	1	\N	f
140	10252061	TUERCA AUTOFIJ. INLOC - 8 M24	1	SEGMENTOS_2P	32	10252061	12T-501C	1	\N	f
141	10083926	CASQUILLO PM 6040 GLACIER DS  TIPO KW SIN AGUJERO DE ENGRASE	1	SEGMENTOS_2P	33	10083926	12T-501C	1	\N	f
142	10688118	SEGMENTO 4P 501C DP690/DIÁ.525	1	SEGMENTOS_2P	34	10688118	12T-501C	1	\N	t
143	10482959	BULÓN DIA.50,0 LN 388 M30	1	SEGMENTOS_4P	45	10482959	12T-501C	1	\N	f
144	50038830		1	SEGMENTOS_4P	46	50038830	12T-501C	1	\N	f
145	11430347	TUBO DISTANCIADOR DIÁ.60/50,2	1	SEGMENTOS_4P	47	11430347	12T-501C	1	\N	f
146	10000085	TUERCA HEXAG. DIN 985-8 M30 GA	1	SEGMENTOS_4P	48	10000085	12T-501C	1	\N	f
147	10494137	CASQUILLO PM 8580 DS GLACIER	1	SEGMENTOS_4P	49	10494137	12T-501C	1	\N	f
148	10688152	CONJ. DE 12 POLEAS PORT. RB- 12T TYPE 501C/AU/GK.60	1	SEGMENTOS_4P	50	10688152	12T-501C	1	\N	t
149	121250160		1	POLEAS	61	121250160	12T-501C	1	\N	f
150	11430190	EJE DIÁ=60H8 L=760 M30, P. CP	1	POLEAS	62	11430190	12T-501C	1	\N	f
151	60876030		1	POLEAS	63	60876030	12T-501C	1	\N	f
153	84420001		1	OTROS	0	84420001	8N-4TR-420C	1	\N	f
154	10870719	POLEA 420C LW 93 DIA.455	1	OTROS	1	10870719	8N-4TR-420C	1	\N	t
155	42093455		1	POLEAS	12	42093455	8N-4TR-420C	1	\N	f
156	10465474	CUERPO DE POLEA 420C 330X120	1	POLEAS	13	10465474	8N-4TR-420C	1	\N	t
157	420330120		1	POLEAS	14	420330120	8N-4TR-420C	1	\N	f
158	10456706	ARO LATER. DIA455/330,5 S=17 R	1	POLEAS	15	10456706	8N-4TR-420C	1	\N	f
159	455330517		1	POLEAS	16	455330517	8N-4TR-420C	1	\N	f
160	10149393	ANILLO ELÁSTICO 323,8X 6,0	1	POLEAS	17	10149393	8N-4TR-420C	1	\N	f
161	10434107	GUARN.DE GOMA 420 422X 93/R34	1	POLEAS	18	10434107	8N-4TR-420C	1	\N	f
162	11430348	TUBO DIST. DIÁ 35/25 L=140, TU	1	POLEAS	19	11430348	8N-4TR-420C	1	\N	f
163	3525140		1	POLEAS	20	3525140	8N-4TR-420C	1	\N	f
164	10501992	RRB DIN 625/1- 6307-2RS1-C3GLE	1	POLEAS	21	10501992	8N-4TR-420C	1	\N	f
165	10000400	CIRCLIP INTER. DIN 472 80X2,5	1	POLEAS	22	10000400	8N-4TR-420C	1	\N	f
166	4728025		1	POLEAS	23	4728025	8N-4TR-420C	1	\N	f
167	10834428	ANILLO DIST. DIÁ.57/35 E=18,5	1	POLEAS	24	10834428	8N-4TR-420C	1	\N	f
168	5735185		1	POLEAS	25	5735185	8N-4TR-420C	1	\N	f
169	10871370	ARANDELA OBTURAD.-Z010F 50X 80	1	POLEAS	26	10871370	8N-4TR-420C	1	\N	f
170	0105080		1	POLEAS	27	0105080	8N-4TR-420C	1	\N	f
171	10967011	SEGMENTO 2N 420C RA572/DM455	1	POLEAS	28	10967011	8N-4TR-420C	1	\N	t
172	11413499	POLEA 420C CL93 DIÁ455 CON LAM	1	SEGMENTOS_2P	39	11413499	8N-4TR-420C	1	\N	t
174	104420001		1	OTROS	0	104420001	10N-4TR-420C	1	\N	f
175	10870719	POLEA 420C LW 93 DIA.455	1	OTROS	1	10870719	10N-4TR-420C	1	\N	t
176	42093455		1	POLEAS	12	42093455	10N-4TR-420C	1	\N	f
177	10465474	CUERPO DE POLEA 420C 330X120	1	POLEAS	13	10465474	10N-4TR-420C	1	\N	t
178	420330120		1	POLEAS	14	420330120	10N-4TR-420C	1	\N	f
179	10456706	ARO LATER. DIA455/330,5 S=17 R	1	POLEAS	15	10456706	10N-4TR-420C	1	\N	f
180	455330517		1	POLEAS	16	455330517	10N-4TR-420C	1	\N	f
181	10149393	ANILLO ELÁSTICO 323,8X 6,0	1	POLEAS	17	10149393	10N-4TR-420C	1	\N	f
182	10434107	GUARN.DE GOMA 420 422X 93/R34	1	POLEAS	18	10434107	10N-4TR-420C	1	\N	f
183	11430348	TUBO DIST. DIÁ 35/25 L=140, TU	1	POLEAS	19	11430348	10N-4TR-420C	1	\N	f
184	3525140		1	POLEAS	20	3525140	10N-4TR-420C	1	\N	f
185	10501992	RRB DIN 625/1- 6307-2RS1-C3GLE	1	POLEAS	21	10501992	10N-4TR-420C	1	\N	f
186	10000400	CIRCLIP INTER. DIN 472 80X2,5	1	POLEAS	22	10000400	10N-4TR-420C	1	\N	f
187	4728025		1	POLEAS	23	4728025	10N-4TR-420C	1	\N	f
188	10834428	ANILLO DIST. DIÁ.57/35 E=18,5	1	POLEAS	24	10834428	10N-4TR-420C	1	\N	f
189	5735185		1	POLEAS	25	5735185	10N-4TR-420C	1	\N	f
190	10871370	ARANDELA OBTURAD.-Z010F 50X 80	1	POLEAS	26	10871370	10N-4TR-420C	1	\N	f
191	0105080		1	POLEAS	27	0105080	10N-4TR-420C	1	\N	f
192	10967011	SEGMENTO 2N 420C RA572/DM455	1	POLEAS	28	10967011	10N-4TR-420C	1	\N	t
193	11413499	POLEA 420C CL93 DIÁ455 CON LAM	1	SEGMENTOS_2P	39	11413499	10N-4TR-420C	1	\N	t
195	124420001		1	OTROS	0	124420001	12N-4TR-420C	1	\N	f
196	10870719	POLEA 420C LW 93 DIA.455	1	OTROS	1	10870719	12N-4TR-420C	1	\N	t
197	42093455		1	POLEAS	12	42093455	12N-4TR-420C	1	\N	f
198	10434107	GUARN.DE GOMA 420 422X 93/R34	1	POLEAS	13	10434107	12N-4TR-420C	1	\N	f
199	10501992	RRB DIN 625/1- 6307-2RS1-C3GLE	1	POLEAS	14	10501992	12N-4TR-420C	1	\N	f
200	10000400	CIRCLIP INTER. DIN 472 80X2,5	1	POLEAS	15	10000400	12N-4TR-420C	1	\N	f
201	4728025		1	POLEAS	16	4728025	12N-4TR-420C	1	\N	f
202	10539609	POLEA SENSOR C CL 64 DIA265	1	POLEAS	17	10539609	12N-4TR-420C	1	\N	t
203	10539289	GUARN.COMA C 258X69/R30/CONCAV	1	POLEAS	18	10539289	12N-4TR-420C	1	\N	f
204	2586930		1	POLEAS	19	2586930	12N-4TR-420C	1	\N	f
205	10420185	RRB DIN 625/1- 6205-2RS-C3 LT	1	POLEAS	20	10420185	12N-4TR-420C	1	\N	f
206	10967012	SEGM. DE 2S 420C DP572/DIÁ455 C	1	POLEAS	21	10967012	12N-4TR-420C	1	\N	f
207	10456209	PERNO DIA.24,9 LN 192 M20	1	POLEAS	22	10456209	12N-4TR-420C	1	\N	f
208	24919220		1	POLEAS	23	24919220	12N-4TR-420C	1	\N	f
209	10796747	TUERCA AUTOFIJ. INLOC - 8 M20	1	POLEAS	24	10796747	12N-4TR-420C	1	\N	f
210	10183056	CASQUILLO PM 5540	1	POLEAS	25	10183056	12N-4TR-420C	1	\N	f
211	11383870	4N/TR-SEG. 420C RA572/DM455	1	POLEAS	26	11383870	12N-4TR-420C	1	\N	f
212	10456214	BULÓN DIA.40,0 LN 347 M24	1	POLEAS	27	10456214	12N-4TR-420C	1	\N	f
213	40034724		1	POLEAS	28	40034724	12N-4TR-420C	1	\N	f
214	11430350	DI-RO DM 55 / 40,2 L=220	1	POLEAS	29	11430350	12N-4TR-420C	1	\N	f
215	55402220		1	POLEAS	30	55402220	12N-4TR-420C	1	\N	f
216	10000084	TUERCA HEXAG. DIN 985-8 M24 GA	1	POLEAS	31	10000084	12N-4TR-420C	1	\N	f
217	10288696	BULÓN DIA.24,9 LN 148 M20	1	POLEAS	32	10288696	12N-4TR-420C	1	\N	f
218	24914820		1	POLEAS	33	24914820	12N-4TR-420C	1	\N	f
220	144420001		1	OTROS	0	144420001	14N-4TR-420C	1	\N	f
221	10434107	GUARN.DE GOMA  420 422X 93/R34	1	OTROS	1	10434107	14N-4TR-420C	1	\N	f
222	10501992	RB DIN 625/1- 6307-2RS1-C3GLE VT210 (90% +/-5%)ROD.RAN.BOLAS	1	OTROS	2	10501992	14N-4TR-420C	1	\N	f
223	10539289	GUARN. GOMA C 258X69/R30/CONCAV.P.POL.SENSOR (RPD EN CP SUJ.)	1	OTROS	3	10539289	14N-4TR-420C	1	\N	f
224	2586930		1	OTROS	4	2586930	14N-4TR-420C	1	\N	f
225	10420185	ROD.RA.BOLAS  DIN 625/1- 6205-2RS-C3 LT VT210 (TTF 90% +/-5%)	1	OTROS	5	10420185	14N-4TR-420C	1	\N	f
226	10456209	PERNO DIA.24,9 LN 192 M20      PARA POLEA TIPO 420C	1	OTROS	6	10456209	14N-4TR-420C	1	\N	t
227	10796747	TUERCA AUTOFIJ.  INLOC - 8 M20 C.ELEM.DE FIJAC. ~DIN934 GALV.	1	POLEAS	17	10796747	14N-4TR-420C	1	\N	f
228	10183056	CASQUILLO PM 5540 DS  TIPO: KW SIN AGUJ.DE ENGRASE    GLACIER	1	POLEAS	18	10183056	14N-4TR-420C	1	\N	f
229	10456214	BULÓN DIA.40,0 LN 347 M24      P.2CP EN BAST.DE 4P. TIPO-420C	1	POLEAS	19	10456214	14N-4TR-420C	1	\N	f
230	11430350	TUBO DISTANCIADOR DIÁ.55/40,2 L=220	1	POLEAS	20	11430350	14N-4TR-420C	1	\N	f
231	55402220		1	POLEAS	21	55402220	14N-4TR-420C	1	\N	f
232	10000084	TUERCA HEXAG. DIN 985-8 M24 GALVANIZADA (CON ELEM. DE FIJ.)	1	POLEAS	22	10000084	14N-4TR-420C	1	\N	f
233	10288696	BULÓN DIA.24,9 LN 148 M20      PARA POLEA TIPO C/401(>1970)	1	POLEAS	23	10288696	14N-4TR-420C	1	\N	t
234	10531093	BULÓN DIA. 20,0 LN 193 M16 P.BÁSCULA POLEA SENS.EN BRAZO OSC.	1	POLEAS	24	10531093	14N-4TR-420C	1	\N	t
235	20019316		1	POLEAS	25	20019316	14N-4TR-420C	1	\N	f
236	11430340	TUBO DIST. DIÁ=30/20.2 L=126, P. BÁSCULA P. SENS. EN BRAZO GI	1	POLEAS	26	11430340	14N-4TR-420C	1	\N	f
237	30202126		1	POLEAS	27	30202126	14N-4TR-420C	1	\N	f
238	10000082	TUERCA HEX. DIN 985-8 M16 ELECTROGALVAN. (C.ELEM.DE FIJAC.)	1	POLEAS	28	10000082	14N-4TR-420C	1	\N	f
239	11430217	BULÓN DIÁ 40H8 L=222, COJINETE P. BRAZO GIR. 4P/2PG CP 420C	1	POLEAS	29	11430217	14N-4TR-420C	1	\N	f
240	10004958	TORNILLO TENSILOCK CL. 90 M10X20 T.CON DIENTES DE PARADA RLZ	1	POLEAS	30	10004958	14N-4TR-420C	1	\N	f
241	10535780	TORNILLO DIN7984-8.8 M12X20, T	1	POLEAS	31	10535780	14N-4TR-420C	1	\N	f
242	10262938	ARANDELA SEGUR.  NORDLOCK NL12 RECUB.DE LAMINILLAS DE CINC	1	POLEAS	32	10262938	14N-4TR-420C	1	\N	f
243	10487980	CASQUILLO PM 7580 DS   TIPO KW SIN AGUJ.DE ENGRASE    GLACIER	1	POLEAS	33	10487980	14N-4TR-420C	1	\N	f
244	10083913	CASQUILLO PM 3030 DS  TIPO: KW SIN AGUJ.DE ENGRASE    GLACIER	1	POLEAS	34	10083913	14N-4TR-420C	1	\N	f
245	10389587	CASQUILLO PM 4040 DS  TIPO: KW SIN AGUJ.DE ENGRASE    GLACIER	1	POLEAS	35	10389587	14N-4TR-420C	1	\N	f
246	11545032	EJE DIÁ75H8 LN 585 M16 AGP P. C. 4 POL. EN ARM 6/8 ARM. 420C	1	POLEAS	36	11545032	14N-4TR-420C	1	\N	f
247	10046154	ARANDELA SEGUR.  NORDLOCK NL16 RECUB.DE LAMINILLAS DE CINC	1	POLEAS	37	10046154	14N-4TR-420C	1	\N	f
248	11136966	TORNILLO DIN931-8.8U M16X65, GIC, TORN.HEX., GIC (ISO 4014)	1	POLEAS	38	11136966	14N-4TR-420C	1	\N	f
249	10007419	TORNILLO TENSILOCK CL. 100 M16X40 T.DIENTES DE PARADA RLZ	1	POLEAS	39	10007419	14N-4TR-420C	1	\N	f
250	1001640		1	POLEAS	40	1001640	14N-4TR-420C	1	\N	f
251	11545033	BULÓN DIÁ 75H8 LN 407 P. APOYO 6 Y 8 POL. TIPO 420C	1	POLEAS	41	11545033	14N-4TR-420C	1	\N	f
252	10510857	TORNILLO TENSILOCK CL.90 M16X35 T.CON DIENTE, RV.LAM.DE ZINC	1	POLEAS	42	10510857	14N-4TR-420C	1	\N	f
253	10004961	TORNILLO TENSILOCK CL. 100 M12X30 T. DIENTES DE PARADA RLZ	1	POLEAS	43	10004961	14N-4TR-420C	1	\N	f
254	1001230		1	POLEAS	44	1001230	14N-4TR-420C	1	\N	f
255	11545040	EJE DIÁ90H8 LN 581 P. APOYO 10-16 POL. 420C	1	POLEAS	45	11545040	14N-4TR-420C	1	\N	f
256	11185338	TORNILLO ISO 4014-8.8U M27X500 ESP. FVZ TORN.HEX. GALV.INM.CA	1	POLEAS	46	11185338	14N-4TR-420C	1	\N	f
257	11136925	TUERCA HEXAG. ISO 4032-8 M27 GIC	1	POLEAS	47	11136925	14N-4TR-420C	1	\N	f
258	4032827		1	POLEAS	48	4032827	14N-4TR-420C	1	\N	f
259	11424367	ARANDELA ISO 7089 M27 300HV, FLZNNC-720H-L, REV.L.ZN SIN BIS.	1	POLEAS	49	11424367	14N-4TR-420C	1	\N	f
260	11137015	TORNILLO ISO 4017-8.8 M16X45 G	1	POLEAS	50	11137015	14N-4TR-420C	1	\N	f
261	11544995	EJE DIÁ55H8 LN 653 M24 P. C. DE 2 POL. EN ARM. 6 POL. 420C	1	POLEAS	51	11544995	14N-4TR-420C	1	\N	f
262	11136880	TUERCA HEXAG. ISO 4032-8 M16 GIC	1	POLEAS	52	11136880	14N-4TR-420C	1	\N	f
263	4032816		1	POLEAS	53	4032816	14N-4TR-420C	1	\N	f
264	10083934	CASQUILLO PM 90100 DS     GLACIER	1	POLEAS	54	10083934	14N-4TR-420C	1	\N	f
265	164420001		1	OTROS	0	164420001	16N-4TR-420C	1	\N	f
266	10870719	POLEA 420C LW 93 DIA.455	1	OTROS	1	10870719	16N-4TR-420C	1	\N	t
267	42093455		1	POLEAS	12	42093455	16N-4TR-420C	1	\N	f
268	10434107	GUARN.DE GOMA 420 422X 93/R34	1	POLEAS	13	10434107	16N-4TR-420C	1	\N	f
269	11430348	TUBO DIST. DIÁ 35/25 L=140, TU	1	POLEAS	14	11430348	16N-4TR-420C	1	\N	f
270	3525140		1	POLEAS	15	3525140	16N-4TR-420C	1	\N	f
271	10501992	RRB DIN 625/1- 6307-2RS1-C3GLE	1	POLEAS	16	10501992	16N-4TR-420C	1	\N	f
272	10967011	SEGMENTO 2N 420C RA572/DM455	1	POLEAS	17	10967011	16N-4TR-420C	1	\N	t
273	10456209	PERNO DIA.24,9 LN 192 M20	1	SEGMENTOS_2P	28	10456209	16N-4TR-420C	1	\N	f
274	24919220		1	SEGMENTOS_2P	29	24919220	16N-4TR-420C	1	\N	f
275	10873673	ARANDELA ISO 7089 M20 300HV, F	1	SEGMENTOS_2P	30	10873673	16N-4TR-420C	1	\N	f
276	708920300		1	SEGMENTOS_2P	31	708920300	16N-4TR-420C	1	\N	f
277	10796747	TUERCA AUTOFIJ. INLOC - 8 M20	1	SEGMENTOS_2P	32	10796747	16N-4TR-420C	1	\N	f
278	10946704	BÁSCULA 2P/420C/AC.110/DP572/S	1	SEGMENTOS_2P	33	10946704	16N-4TR-420C	1	\N	f
279	10389587	CASQUILLO PM 4040 GLACIER DS	1	SEGMENTOS_2P	34	10389587	16N-4TR-420C	1	\N	f
280	10967061	SEGMENTO 4N 420C RA572/DM455	1	SEGMENTOS_2P	35	10967061	16N-4TR-420C	1	\N	t
281	10456214	BULÓN DIA.40,0 LN 347 M24	1	SEGMENTOS_4P	46	10456214	16N-4TR-420C	1	\N	f
282	40034724		1	SEGMENTOS_4P	47	40034724	16N-4TR-420C	1	\N	f
283	11430350	DI-RO DM 55 / 40,2 L=220	1	SEGMENTOS_4P	48	11430350	16N-4TR-420C	1	\N	f
284	55402220		1	SEGMENTOS_4P	49	55402220	16N-4TR-420C	1	\N	f
285	10000084	TUERCA HEXAG. DIN 985-8 M24 GA	1	SEGMENTOS_4P	50	10000084	16N-4TR-420C	1	\N	f
286	11137015	TORNILLO ISO 4017-8.8 M16X45 G	1	SEGMENTOS_4P	51	11137015	16N-4TR-420C	1	\N	f
287	10046154	ARANDELA SEGUR. NORDLOCK NL16	1	SEGMENTOS_4P	52	10046154	16N-4TR-420C	1	\N	f
288	10487980	CASQUILLO PM 7580 DS	1	SEGMENTOS_4P	53	10487980	16N-4TR-420C	1	\N	f
289	11383870	4N/TR-SEG. 420C RA572/DM455	1	SEGMENTOS_4P	54	11383870	16N-4TR-420C	1	\N	f
291	44420001		1	OTROS	0	44420001	4T-4N-420C	1	\N	f
292	10870719	POLEA 420C LW 93 DIA.455	1	OTROS	1	10870719	4T-4N-420C	1	\N	t
293	42093455		1	POLEAS	12	42093455	4T-4N-420C	1	\N	f
294	10434107	GUARN.DE GOMA 420 422X 93/R34	1	POLEAS	13	10434107	4T-4N-420C	1	\N	f
295	11430348	TUBO DIST. DIÁ 35/25 L=140, TU	1	POLEAS	14	11430348	4T-4N-420C	1	\N	f
296	3525140		1	POLEAS	15	3525140	4T-4N-420C	1	\N	f
297	10501992	RRB DIN 625/1- 6307-2RS1-C3GLE	1	POLEAS	16	10501992	4T-4N-420C	1	\N	f
298	10967012	SEGM. DE 2S 420C DP572/DIÁ455 C	1	POLEAS	17	10967012	4T-4N-420C	1	\N	f
299	10456209	PERNO DIA.24,9 LN 192 M20	1	POLEAS	18	10456209	4T-4N-420C	1	\N	f
300	24919220		1	POLEAS	19	24919220	4T-4N-420C	1	\N	f
301	10796747	TUERCA AUTOFIJ. INLOC - 8 M20	1	POLEAS	20	10796747	4T-4N-420C	1	\N	f
302	10183056	CASQUILLO PM 5540	1	POLEAS	21	10183056	4T-4N-420C	1	\N	f
303	10967000	SEGMENTO 2P 501C DP 690/DIA.525	1	POLEAS	22	10967000	4T-4N-420C	1	\N	t
304	10293344	PERNO DIA.29,9 L 225 M24	1	SEGMENTOS_2P	33	10293344	4T-4N-420C	1	\N	f
305	29922524		1	SEGMENTOS_2P	34	29922524	4T-4N-420C	1	\N	f
306	10252061	TUERCA AUTOFIJ. INLOC - 8 M24	1	SEGMENTOS_2P	35	10252061	4T-4N-420C	1	\N	f
4	10870719	POLEA 420C LW 93 DIA.455	0	POLEAS	0	10870719	16N/4TR-420C	0	\N	t
309	10501992	RRB DIN 625/1- 6307-2RS1-C3GLE	1	COMPONENTES	3	10501992	16N/4TR-420C	4	\N	f
310	10967011	SEGMENTO 2N 420C RA572/DM455	0	SEGMENTOS	4	10967011	16N/4TR-420C	0	\N	t
311	10456209	PERNO DIA.24,9 LN 192 M20	1	COMPONENTES	5	10456209	16N/4TR-420C	4	\N	f
312	10873673	ARANDELA ISO 7089 M20 300HV, F	1	COMPONENTES	6	10873673	16N/4TR-420C	4	\N	f
314	10946704	BÁSCULA 2P/420C/AC.110/DP572/S	1	COMPONENTES	8	10946704	16N/4TR-420C	4	\N	f
316	10967061	SEGMENTO 4N 420C RA572/DM455	0	SEGMENTOS	10	10967061	16N/4TR-420C	0	\N	t
333	11383873	4N/TR-SEG. 420C RA572/DM455	0	SEGMENTOS	33	11383873	16N/4TR-420C	0	\N	t
317	10456214	BULÓN DIA.40,0 LN 347 M24	1	COMPONENTES	34	10456214	16N/4TR-420C	4	\N	f
318	11430350	DI-RO DM 55 / 40,2 L=220	1	COMPONENTES	35	11430350	16N/4TR-420C	4	\N	f
320	11137015	TORNILLO ISO 4017-8.8 M16X45 G	1	COMPONENTES	14	11137015	16N/4TR-420C	4	\N	f
319	10000084	TUERCA HEXAG. DIN 985-8 M24 GA	1	COMPONENTES	36	10000084	16N/4TR-420C	4	\N	f
324	10288696	BULÓN DIA.24,9 LN 148 M20	1	COMPONENTES	37	10288696	16N/4TR-420C	4	\N	f
313	10796747	TUERCA AUTOFIJ. INLOC - 8 M20	1	COMPONENTES	38	10796747	16N/4TR-420C	4	\N	f
325	10531093	BULÓN DIA. 20,0 LN 193 M16 P.B	1	COMPONENTES	39	10531093	16N/4TR-420C	4	\N	f
321	10046154	ARANDELA SEGUR. NORDLOCK NL16	1	COMPONENTES	15	10046154	16N/4TR-420C	4	\N	f
326	11430340	TUBO DIST. DIÁ=30/20.2 L=126,	1	COMPONENTES	40	11430340	16N/4TR-420C	4	\N	f
327	10000082	TUERCA HEX. DIN 985-8 M16 ELEC	1	COMPONENTES	41	10000082	16N/4TR-420C	4	\N	f
328	11430217	BULÓN DIÁ 40H8 L=222, COJINETE	1	COMPONENTES	42	11430217	16N/4TR-420C	4	\N	f
329	10004958	TORNILLO TENSILOCK CL. 90 M10X20	1	COMPONENTES	43	10004958	16N/4TR-420C	4	\N	f
330	10535780	TORNILLO DIN7984-8.8 M12X20, T	1	COMPONENTES	44	10535780	16N/4TR-420C	4	\N	f
331	10262938	ARANDELA SEGUR. NORDLOCK NL12	1	COMPONENTES	45	10262938	16N/4TR-420C	4	\N	f
332	10083913	CASQUILLO PM 3030	1	COMPONENTES	47	10083913	16N/4TR-420C	4	\N	f
315	10389587	CASQUILLO PM 4040	1	COMPONENTES	48	10389587	16N/4TR-420C	4	\N	f
323	11383870	4N/TR-SEG. 420C RA572/DM455	0	SEGMENTOS	17	11383870	16N/4TR-420C	0	\N	t
334	11436868	RB-16N/4TR 420CL/AU/GK.110	0	SEGMENTOS	49	11436868	16N/4TR-420C	0	\N	t
335	11430201	EJE DIÁ 75H8 L=584 M16 AGP P.B	1	COMPONENTES	50	11430201	16N/4TR-420C	4	\N	f
336	11136966	TORNILLO DIN931-8.8U M16X65, G	1	COMPONENTES	51	11136966	16N/4TR-420C	4	\N	f
322	10487980	CASQUILLO PM 7580 DS	1	COMPONENTES	56	10487980	16N/4TR-420C	4	\N	f
341	10083434	CASQUILLO PM 90100	1	COMPONENTES	57	10083434	16N/4TR-420C	4	\N	f
342	11185338	TORNILLO M27X500	1	COMPONENTES	58	11185338	16N/4TR-420C	4	\N	f
343	11136925	TUERCA HEXAGONAL M27	1	COMPONENTES	59	11136925	16N/4TR-420C	4	\N	f
344	11424367	ARANDELA M27	1	COMPONENTES	60	11424367	16N/4TR-420C	4	\N	f
337	11430202	BULÓN DIÁ 75H8 L=406, P. RADAM	1	COMPONENTES	52	11430202	16N/4TR-420C	4	\N	f
338	10510857	TORNILLO TENSILOCK CL.90 M16X35	1	COMPONENTES	53	10510857	16N/4TR-420C	4	\N	f
339	10007419	TORNILLO TENSILOCK CL. 100 M16	1	COMPONENTES	54	10007419	16N/4TR-420C	4	\N	f
340	11430191	EJE DIÁ 90H8 L=580 P. APOYO DE	1	COMPONENTES	55	11430191	16N/4TR-420C	4	\N	f
\.


--
-- Data for Name: app_formulario_reacondicionamiento; Type: TABLE DATA; Schema: public; Owner: proyecto_user
--

COPY public.app_formulario_reacondicionamiento (codigo_formulario, tipo, fecha, horas_funcionamiento, linea_inicial, torre_inicial, linea_final, torre_final, control_particulas, codigo_informe, torque_verificado, limpieza_verificada, continuidad_verificada, fecha_creacion, fecha_actualizacion, aprobado_por_id, balancin_id, historial_oh_id, realizado_por_analisis_id, realizado_por_recambio_id, usuario_creacion_id) FROM stdin;
TRM-FCRB-16N-4TR-420C-001	16N/4TR-420C	2026-02-25	28224	ROJA	1	ROJA	1	t	1111	t	t	t	2026-02-25 17:27:27.40689+00	2026-02-25 17:27:27.406899+00	3	BAL-16N/4TR-420C-001	2	4	4	4
TRM-FCRB-16N-4TR-420C-002	16N/4TR-420C	2026-02-25	28224	ROJA	1	AMARILLA	2	t	11	t	t	t	2026-02-25 17:33:16.847365+00	2026-02-25 17:33:16.847375+00	3	BAL-16N/4TR-420C-001	2	4	4	4
\.


--
-- Data for Name: app_historial_oh; Type: TABLE DATA; Schema: public; Owner: proyecto_user
--

COPY public.app_historial_oh (id, balancin_codigo, linea_nombre, torre_numero, sentido, tipo_balancin, rango_oh_horas, inicio_oc, horas_promedio_dia, factor_correccion, numero_oh, fecha_oh, horas_operacion, backlog, anio, dia_semana, observaciones, fecha_registro, usuario_registro) FROM stdin;
1	BAL-16N/4TR-420C-001	ROJA	1	ASCENDENTE	16N/4TR-420C	30000	2014-05-01	16	1.00	1	2018-04-01	22560	7440	2018	Sunday	Primer OH - Torre 1 ASC (Abr-18)	2026-02-18 14:44:01.009194+00	\N
2	BAL-16N/4TR-420C-001	ROJA	1	ASCENDENTE	16N/4TR-420C	30000	2014-05-01	16	1.00	2	2023-02-01	28224	1776	2023	Wednesday	Segundo OH - Torre 1 ASC (Feb-23)	2026-02-18 14:44:01.009194+00	\N
3	BAL-16N/4TR-420C-002	ROJA	1	DESCENDENTE	16N/4TR-420C	30000	2014-05-01	16	1.00	1	2018-04-01	22672	7328	2018	Sunday	Primer OH - Torre 1 DESC (Abr-18)	2026-02-18 14:44:01.019967+00	\N
4	BAL-16N/4TR-420C-002	ROJA	1	DESCENDENTE	16N/4TR-420C	30000	2014-05-01	16	1.00	2	2023-02-01	28224	1776	2023	Wednesday	Segundo OH - Torre 1 DESC (Feb-23)	2026-02-18 14:44:01.019967+00	\N
5	BAL-6T-501C-001	ROJA	2	ASCENDENTE	6T-501C	40000	2014-05-01	16	1.00	1	2018-11-01	26256	13744	2018	Thursday	Primer OH - Torre 2 ASC (Nov-18)	2026-02-18 14:44:01.028223+00	\N
6	BAL-6T-501C-001	ROJA	2	ASCENDENTE	6T-501C	40000	2014-05-01	16	1.00	2	2025-11-01	40800	-800	2025	Saturday	Segundo OH - Torre 2 ASC (Nov-25)	2026-02-18 14:44:01.028223+00	\N
7	BAL-6T-501C-002	ROJA	2	DESCENDENTE	6T-501C	40000	2014-05-01	16	1.00	1	2019-01-01	26928	13072	2019	Tuesday	Primer OH - Torre 2 DESC (Ene-19)	2026-02-18 14:44:01.03966+00	\N
8	BAL-6T-501C-002	ROJA	2	DESCENDENTE	6T-501C	40000	2014-05-01	16	1.00	2	2025-11-01	40128	-128	2025	Saturday	Segundo OH - Torre 2 DESC (Nov-25)	2026-02-18 14:44:01.03966+00	\N
9	BAL-10T-501C-001	ROJA	3	ASCENDENTE	10T-501C	30000	2014-05-01	16	1.00	1	2019-01-01	26992	3008	2019	Tuesday	Primer OH - Torre 3 ASC (Ene-19)	2026-02-18 14:44:01.047156+00	\N
10	BAL-10T-501C-001	ROJA	3	ASCENDENTE	10T-501C	30000	2014-05-01	16	1.00	2	2025-11-01	39936	-9936	2025	Saturday	Segundo OH - Torre 3 ASC (Nov-25)	2026-02-18 14:44:01.047156+00	\N
11	BAL-10T-501C-002	ROJA	3	DESCENDENTE	10T-501C	30000	2014-05-01	16	1.00	1	2019-12-01	27152	2848	2019	Sunday	Primer OH - Torre 3 DESC (Dic-19)	2026-02-18 14:44:01.053894+00	\N
12	BAL-10T-501C-002	ROJA	3	DESCENDENTE	10T-501C	30000	2014-05-01	16	1.00	2	2025-11-01	39776	-9776	2025	Saturday	Segundo OH - Torre 3 DESC (Nov-25)	2026-02-18 14:44:01.053894+00	\N
13	BAL-8T-501C-001	ROJA	4	ASCENDENTE	8T-501C	40000	2014-05-01	16	1.00	1	2019-12-01	32176	7824	2019	Sunday	Primer OH - Torre 4 ASC (Dic-19)	2026-02-18 14:44:01.062704+00	\N
15	BAL-8T-501C-002	ROJA	4	DESCENDENTE	8T-501C	40000	2014-05-01	16	1.00	1	2019-09-01	31008	8992	2019	Sunday	Primer OH - Torre 4 DESC (Sep-19)	2026-02-18 14:44:01.070314+00	\N
17	BAL-8T-501C-003	ROJA	5	ASCENDENTE	8T-501C	40000	2014-05-01	16	1.00	1	2018-10-01	25792	14208	2018	Monday	Primer OH - Torre 5 ASC (Oct-18)	2026-02-18 14:44:01.081248+00	\N
19	BAL-8T-501C-004	ROJA	5	DESCENDENTE	8T-501C	40000	2014-05-01	16	1.00	1	2018-11-01	25904	14096	2018	Thursday	Primer OH - Torre 5 DESC (Nov-18)	2026-02-18 14:44:01.088642+00	\N
21	BAL-8T-501C-005	ROJA	6A	ASCENDENTE	8T-501C	40000	2014-05-01	16	1.00	1	2018-11-01	25904	14096	2018	Thursday	Primer OH - Torre 6A ASC (Nov-18)	2026-02-18 14:44:01.101592+00	\N
23	BAL-8T-501C-006	ROJA	6A	DESCENDENTE	8T-501C	40000	2014-05-01	16	1.00	1	2018-06-01	23880	16120	2018	Friday	Primer OH - Torre 6A DESC (Jun-18)	2026-02-18 14:44:01.107895+00	\N
24	BAL-8T-501C-006	ROJA	6A	DESCENDENTE	8T-501C	40000	2014-05-01	16	1.00	2	2023-03-01	27472	12528	2023	Wednesday	Segundo OH - Torre 6A DESC (Mar-23)	2026-02-18 14:44:01.107895+00	\N
25	BAL-10T-501C-003	ROJA	6B	ASCENDENTE	10T-501C	30000	2014-05-01	16	1.00	1	2018-07-01	23936	6064	2018	Sunday	Primer OH - Torre 6B ASC (Jul-18)	2026-02-18 14:44:01.119436+00	\N
26	BAL-10T-501C-003	ROJA	6B	ASCENDENTE	10T-501C	30000	2014-05-01	16	1.00	2	2023-03-01	27520	2480	2023	Wednesday	Segundo OH - Torre 6B ASC (Mar-23)	2026-02-18 14:44:01.119436+00	\N
27	BAL-10T-501C-004	ROJA	6B	DESCENDENTE	10T-501C	30000	2014-05-01	16	1.00	1	2018-07-01	24016	5984	2018	Sunday	Primer OH - Torre 6B DESC (Jul-18)	2026-02-18 14:44:01.129463+00	\N
28	BAL-10T-501C-004	ROJA	6B	DESCENDENTE	10T-501C	30000	2014-05-01	16	1.00	2	2023-03-01	27792	2208	2023	Wednesday	Segundo OH - Torre 6B DESC (Mar-23)	2026-02-18 14:44:01.129463+00	\N
29	BAL-12T-501C-001	ROJA	7A	ASCENDENTE	12T-501C	30000	2014-05-01	16	1.00	1	2018-07-01	24160	5840	2018	Sunday	Primer OH - Torre 7A ASC (Jul-18)	2026-02-18 14:44:01.140318+00	\N
30	BAL-12T-501C-001	ROJA	7A	ASCENDENTE	12T-501C	30000	2014-05-01	16	1.00	2	2023-03-01	27440	2560	2023	Wednesday	Segundo OH - Torre 7A ASC (Mar-23)	2026-02-18 14:44:01.140318+00	\N
31	BAL-12T-501C-002	ROJA	7A	DESCENDENTE	12T-501C	30000	2014-05-01	16	1.00	1	2018-07-01	11776	18224	2018	Sunday	Primer OH - Torre 7A DESC (Jul-18)	2026-02-18 14:44:01.851382+00	\N
32	BAL-12T-501C-002	ROJA	7A	DESCENDENTE	12T-501C	30000	2014-05-01	16	1.00	2	2020-12-01	26416	3584	2020	Tuesday	Segundo OH - Torre 7A DESC (Dic-20)	2026-02-18 14:44:01.851382+00	\N
\.


--
-- Data for Name: app_historialadicional; Type: TABLE DATA; Schema: public; Owner: proyecto_user
--

COPY public.app_historialadicional (id, tipo_movimiento, cantidad, stock_restante, observaciones, fecha_movimiento, repuesto_id, usuario_id) FROM stdin;
1	entrada	5	20	Entrada de 5 unidades. 	2026-02-05 14:55:38.771233+00	10000082	3
2	salida	5	15	Salida de 5 unidades. 	2026-02-05 14:55:47.120327+00	10000082	3
3	entrada	2	17	Entrada de 2 unidades. 	2026-02-18 18:51:11.695671+00	10000082	1
4	salida	2	15	Salida de 2 unidades. 	2026-02-18 18:51:22.981147+00	10000082	1
\.


--
-- Data for Name: app_historialbalancin; Type: TABLE DATA; Schema: public; Owner: proyecto_user
--

COPY public.app_historialbalancin (id, estado_anterior, estado_nuevo, accion, observaciones, fecha_cambio, balancin_id, usuario_id) FROM stdin;
1	mantenimiento	baja	Cambio de estado: Dado de baja		2026-02-04 18:05:01.757825+00	BAL-SOP-8T-006	1
2	NUEVO	INSTALADO	INSTALACION	Balancín instalado en L1-T1 (Secc:Sección 1)	2026-02-11 16:17:48.598177+00	BAL-16N/4TR-0002	3
3	NUEVO	INSTALADO	INSTALACION	Balancín instalado en L1-T1 (Secc:Sección 1)	2026-02-11 16:33:29.74958+00	BAL-16N/4TR-420C-001	3
4	NUEVO	INSTALADO	INSTALACION	Balancín instalado en L1-T1 (Secc:Sección 1)	2026-02-11 16:33:50.728077+00	BAL-16N/4TR-420C-002	3
5	NUEVO	INSTALADO	INSTALACION	Balancín instalado en L1-T10 (Secc:Sección 1)	2026-02-11 16:34:32.383055+00	BAL-16N/4TR-420C-003	3
6	NUEVO	INSTALADO	INSTALACION	Balancín instalado en L1-T10 (Secc:Sección 1)	2026-02-11 16:34:42.433334+00	BAL-16N/4TR-420C-004	3
7	NUEVO	INSTALADO	INSTALACION	Balancín instalado en L1-T11 (Secc:Sección 1)	2026-02-11 16:34:58.245227+00	BAL-16N/4TR-420C-005	3
8	NUEVO	INSTALADO	INSTALACION	Balancín instalado en L1-T11 (Secc:Sección 1)	2026-02-11 16:35:14.443132+00	BAL-16N/4TR-420C-00	3
9	NUEVO	INSTALADO	INSTALACION	Balancín instalado en L1-T11 (Secc:Sección 1)	2026-02-11 16:47:01.241694+00	BAL-16N/4TR-420C-006	3
10	NUEVO	INSTALADO	INSTALACION	Balancín instalado en L2-T12 (Secc:Sección 1)	2026-02-11 16:47:36.503037+00	BAL-16N/4TR-420C-007	3
11	NUEVO	INSTALADO	INSTALACION	Balancín instalado en L2-T12 (Secc:Sección 1)	2026-02-11 16:47:42.856503+00	BAL-16N/4TR-420C-008	3
12	NUEVO	INSTALADO	INSTALACION	Balancín instalado en L2-T13 (Secc:Sección 1)	2026-02-11 16:47:51.429795+00	BAL-16N/4TR-420C-009	3
13	NUEVO	INSTALADO	INSTALACION	Balancín instalado en L2-T13 (Secc:Sección 1)	2026-02-11 16:47:56.914629+00	BAL-16N/4TR-420C-010	3
14	NUEVO	INSTALADO	INSTALACION	Balancín instalado en L2-T25 (Secc:Sección 1)	2026-02-11 16:48:08.705745+00	BAL-16N/4TR-420C-011	3
15	NUEVO	INSTALADO	INSTALACION	Balancín instalado en L2-T25 (Secc:Sección 1)	2026-02-11 16:48:17.81968+00	BAL-16N/4TR-420C-012	3
16	NUEVO	INSTALADO	INSTALACION	Balancín instalado en L4-T18 (Secc:Sección 1)	2026-02-11 16:49:16.045148+00	BAL-16N/4TR-420C-013	3
17	NUEVO	INSTALADO	INSTALACION	Balancín instalado en L4-T18 (Secc:Sección 1)	2026-02-11 16:49:23.729219+00	BAL-16N/4TR-420C-014	3
18	NUEVO	INSTALADO	INSTALACION	Balancín instalado en L5-T10 (Secc:Sección 1)	2026-02-11 16:49:53.186946+00	BAL-16N/4TR-420C-015	3
19	NUEVO	INSTALADO	INSTALACION	Balancín instalado en L5-T10 (Secc:Sección 1)	2026-02-11 16:50:03.195067+00	BAL-16N/4TR-420C-016	3
20	NUEVO	INSTALADO	INSTALACION	Balancín instalado en L5-T11 (Secc:Sección 1)	2026-02-11 16:50:15.480622+00	BAL-16N/4TR-420C-017	3
21	NUEVO	INSTALADO	INSTALACION	Balancín instalado en L5-T11 (Secc:Sección 1)	2026-02-11 16:50:20.897173+00	BAL-16N/4TR-420C-018	3
22	NUEVO	INSTALADO	INSTALACION	Balancín instalado en L5-T25 (Secc:Sección 1)	2026-02-11 16:50:31.629726+00	BAL-16N/4TR-420C-019	3
23	NUEVO	INSTALADO	INSTALACION	Balancín instalado en L5-T25 (Secc:Sección 1)	2026-02-11 16:50:41.581535+00	BAL-16N/4TR-420C-020	3
24	NUEVO	INSTALADO	INSTALACION	Balancín instalado en L5-T26 (Secc:Sección 1)	2026-02-11 16:50:51.695202+00	BAL-16N/4TR-420C-021	3
25	NUEVO	INSTALADO	INSTALACION	Balancín instalado en L5-T26 (Secc:Sección 1)	2026-02-11 16:50:58.432445+00	BAL-16N/4TR-420C-022	3
26	NUEVO	INSTALADO	INSTALACION	Balancín instalado en L6-T10 (Secc:Sección 1)	2026-02-11 16:51:38.851338+00	BAL-16N/4TR-420C-023	3
27	NUEVO	INSTALADO	INSTALACION	Balancín instalado en L6-T10 (Secc:Sección 1)	2026-02-11 16:51:47.351514+00	BAL-16N/4TR-420C-024	3
28	NUEVO	INSTALADO	INSTALACION	Balancín instalado en L6-T18 (Secc:Sección 1)	2026-02-11 16:52:13.495778+00	BAL-16N/4TR-420C-025	3
29	NUEVO	INSTALADO	INSTALACION	Balancín instalado en L6-T18 (Secc:Sección 1)	2026-02-11 16:52:20.655758+00	BAL-16N/4TR-420C-026	3
30	NUEVO	INSTALADO	INSTALACION	Balancín instalado en L7-T26 (Secc:Sección 1)	2026-02-11 16:52:53.677996+00	BAL-16N/4TR-420C-027	3
31	NUEVO	INSTALADO	INSTALACION	Balancín instalado en L7-T26 (Secc:Sección 1)	2026-02-11 16:52:59.433908+00	BAL-16N/4TR-420C-028	3
32	NUEVO	INSTALADO	INSTALACION	Balancín instalado en L8-T1 (Secc:Sección 2)	2026-02-11 16:53:26.089366+00	BAL-16N/4TR-420C-029	3
33	NUEVO	INSTALADO	INSTALACION	Balancín instalado en L8-T1 (Secc:Sección 2)	2026-02-11 16:53:33.399452+00	BAL-16N/4TR-420C-030	3
34	NUEVO	INSTALADO	INSTALACION	Balancín instalado en L8-T2 (Secc:Sección 2)	2026-02-11 16:53:40.630792+00	BAL-16N/4TR-420C-031	3
35	NUEVO	INSTALADO	INSTALACION	Balancín instalado en L8-T2 (Secc:Sección 2)	2026-02-11 16:53:47.171953+00	BAL-16N/4TR-420C-032	3
36	NUEVO	INSTALADO	INSTALACION	Balancín instalado en L9-T7 (Secc:Sección 1)	2026-02-11 16:54:12.758806+00	BAL-16N/4TR-420C-033	3
37	NUEVO	INSTALADO	INSTALACION	Balancín instalado en L9-T7 (Secc:Sección 1)	2026-02-11 16:54:18.634113+00	BAL-16N/4TR-420C-034	3
38	NUEVO	INSTALADO	INSTALACION	Balancín instalado en L10-T1 (Secc:Sección 1)	2026-02-11 16:54:26.287201+00	BAL-16N/4TR-420C-035	3
39	NUEVO	INSTALADO	INSTALACION	Balancín instalado en L10-T1 (Secc:Sección 1)	2026-02-11 16:54:34.850829+00	BAL-16N/4TR-420C-036	3
40	NUEVO	INSTALADO	INSTALACION	Balancín instalado en L10-T21 (Secc:Sección 1)	2026-02-11 16:54:42.528425+00	BAL-16N/4TR-420C-037	3
41	NUEVO	INSTALADO	INSTALACION	Balancín instalado en L10-T21 (Secc:Sección 1)	2026-02-11 16:54:50.35108+00	BAL-16N/4TR-420C-038	3
42	NUEVO	INSTALADO	INSTALACION	Balancín instalado en L1-T2 (Secc:Sección 1)	2026-02-11 16:56:47.181704+00	BAL-6T-501C-001	3
43	NUEVO	INSTALADO	INSTALACION	Balancín instalado en L1-T2 (Secc:Sección 1)	2026-02-11 16:56:53.592223+00	BAL-6T-501C-002	3
44	NUEVO	INSTALADO	INSTALACION	Balancín instalado en L2-T2 (Secc:Sección 1)	2026-02-11 16:57:16.743519+00	BAL-6T-501C-003	3
45	NUEVO	INSTALADO	INSTALACION	Balancín instalado en L2-T2 (Secc:Sección 1)	2026-02-11 16:57:21.586233+00	BAL-6T-501C-004	3
46	NUEVO	INSTALADO	INSTALACION	Balancín instalado en L2-T5 (Secc:Sección 1)	2026-02-11 16:57:35.452836+00	BAL-6T-501C-005	3
47	NUEVO	INSTALADO	INSTALACION	Balancín instalado en L2-T5 (Secc:Sección 1)	2026-02-11 16:57:45.330469+00	BAL-6T-501C-006	3
48	NUEVO	INSTALADO	INSTALACION	Balancín instalado en L2-T26 (Secc:Sección 1)	2026-02-11 16:57:50.834088+00	BAL-6T-501C-007	3
49	NUEVO	INSTALADO	INSTALACION	Balancín instalado en L2-T26 (Secc:Sección 1)	2026-02-11 16:57:56.074029+00	BAL-6T-501C-008	3
50	NUEVO	INSTALADO	INSTALACION	Balancín instalado en L2-T27 (Secc:Sección 1)	2026-02-11 16:58:00.503501+00	BAL-6T-501C-009	3
51	NUEVO	INSTALADO	INSTALACION	Balancín instalado en L2-T27 (Secc:Sección 1)	2026-02-11 16:58:04.514043+00	BAL-6T-501C-010	3
52	NUEVO	INSTALADO	INSTALACION	Balancín instalado en L3-T3 (Secc:Sección 1)	2026-02-11 16:58:28.458877+00	BAL-6T-501C-011	3
53	NUEVO	INSTALADO	INSTALACION	Balancín instalado en L3-T3 (Secc:Sección 1)	2026-02-11 16:58:33.317247+00	BAL-6T-501C-012	3
54	NUEVO	INSTALADO	INSTALACION	Balancín instalado en L3-T25 (Secc:Sección 1)	2026-02-11 16:58:52.2803+00	BAL-6T-501C-013	3
55	NUEVO	INSTALADO	INSTALACION	Balancín instalado en L3-T25 (Secc:Sección 1)	2026-02-11 16:58:56.757958+00	BAL-6T-501C-014	3
56	NUEVO	INSTALADO	INSTALACION	Balancín instalado en L4-T5 (Secc:Sección 1)	2026-02-11 16:59:56.605495+00	BAL-6T-501C-015	3
57	NUEVO	INSTALADO	INSTALACION	Balancín instalado en L4-T5 (Secc:Sección 1)	2026-02-11 17:00:02.757711+00	BAL-6T-501C-016	3
58	NUEVO	INSTALADO	INSTALACION	Balancín instalado en L5-T17 (Secc:Sección 1)	2026-02-11 17:00:46.923035+00	BAL-6T-501C-017	3
59	NUEVO	INSTALADO	INSTALACION	Balancín instalado en L5-T17 (Secc:Sección 1)	2026-02-11 17:00:51.939375+00	BAL-6T-501C-018	3
60	NUEVO	INSTALADO	INSTALACION	Balancín instalado en L7-T16 (Secc:Sección 1)	2026-02-11 17:01:49.286629+00	BAL-6T-501C-019	3
61	NUEVO	INSTALADO	INSTALACION	Balancín instalado en L7-T16 (Secc:Sección 1)	2026-02-11 17:02:04.119183+00	BAL-6T-501C-020	3
62	NUEVO	INSTALADO	INSTALACION	Balancín instalado en L7-T17 (Secc:Sección 1)	2026-02-11 17:02:09.231363+00	BAL-6T-501C-021	3
63	NUEVO	INSTALADO	INSTALACION	Balancín instalado en L7-T17 (Secc:Sección 1)	2026-02-11 17:02:15.821505+00	BAL-6T-501C-022	3
64	NUEVO	INSTALADO	INSTALACION	Balancín instalado en L8-T2 (Secc:Sección 1)	2026-02-11 17:04:00.744105+00	BAL-6T-501C-023	3
65	NUEVO	INSTALADO	INSTALACION	Balancín instalado en L8-T2 (Secc:Sección 1)	2026-02-11 17:04:09.929263+00	BAL-6T-501C-024	3
66	NUEVO	INSTALADO	INSTALACION	Balancín instalado en L8-T6 (Secc:Sección 1)	2026-02-11 17:04:26.700685+00	BAL-6T-501C-025	3
67	NUEVO	INSTALADO	INSTALACION	Balancín instalado en L8-T6 (Secc:Sección 1)	2026-02-11 17:04:35.834769+00	BAL-6T-501C-026	3
68	NUEVO	INSTALADO	INSTALACION	Balancín instalado en L8-T8 (Secc:Sección 1)	2026-02-11 17:05:02.952959+00	BAL-6T-501C-027	3
69	NUEVO	INSTALADO	INSTALACION	Balancín instalado en L8-T8 (Secc:Sección 1)	2026-02-11 17:05:12.606368+00	BAL-6T-501C-028	3
70	NUEVO	INSTALADO	INSTALACION	Balancín instalado en L9-T3A (Secc:Sección 1)	2026-02-11 17:05:27.78168+00	BAL-6T-501C-029	3
71	NUEVO	INSTALADO	INSTALACION	Balancín instalado en L9-T3A (Secc:Sección 1)	2026-02-11 17:05:33.471964+00	BAL-6T-501C-030	3
72	NUEVO	INSTALADO	INSTALACION	Balancín instalado en L8-T6 (Secc:Sección 2)	2026-02-11 17:05:51.529191+00	BAL-6T-501C-031	3
73	NUEVO	INSTALADO	INSTALACION	Balancín instalado en L8-T6 (Secc:Sección 2)	2026-02-11 17:05:58.715653+00	BAL-6T-501C-032	3
74	NUEVO	INSTALADO	INSTALACION	Balancín instalado en L10-T7 (Secc:Sección 1)	2026-02-11 17:06:26.502151+00	BAL-6T-501C-033	3
75	NUEVO	INSTALADO	INSTALACION	Balancín instalado en L10-T7 (Secc:Sección 1)	2026-02-11 17:06:33.267986+00	BAL-6T-501C-034	3
76	NUEVO	INSTALADO	INSTALACION	Balancín instalado en L10-T11 (Secc:Sección 1)	2026-02-11 17:06:43.024077+00	BAL-6T-501C-035	3
77	NUEVO	INSTALADO	INSTALACION	Balancín instalado en L10-T11 (Secc:Sección 1)	2026-02-11 17:06:49.97646+00	BAL-6T-501C-036	3
78	NUEVO	INSTALADO	INSTALACION	Balancín instalado en L10-T12 (Secc:Sección 1)	2026-02-11 17:07:02.146254+00	BAL-6T-501C-037	3
79	NUEVO	INSTALADO	INSTALACION	Balancín instalado en L10-T12 (Secc:Sección 1)	2026-02-11 17:07:08.118316+00	BAL-6T-501C-038	3
80	NUEVO	INSTALADO	INSTALACION	Balancín instalado en L10-T17 (Secc:Sección 1)	2026-02-11 17:07:13.175701+00	BAL-6T-501C-039	3
81	NUEVO	INSTALADO	INSTALACION	Balancín instalado en L10-T17 (Secc:Sección 1)	2026-02-11 17:07:18.899064+00	BAL-6T-501C-040	3
82	NUEVO	INSTALADO	INSTALACION	Balancín instalado en L1-T3 (Secc:Sección 1)	2026-02-11 17:08:50.553125+00	BAL-10T-501C-001	3
83	NUEVO	INSTALADO	INSTALACION	Balancín instalado en L1-T3 (Secc:Sección 1)	2026-02-11 17:08:57.723803+00	BAL-10T-501C-002	3
84	NUEVO	INSTALADO	INSTALACION	Balancín instalado en L1-T6B (Secc:Sección 1)	2026-02-11 17:09:09.775495+00	BAL-10T-501C-003	3
85	NUEVO	INSTALADO	INSTALACION	Balancín instalado en L1-T6B (Secc:Sección 1)	2026-02-11 17:09:14.970804+00	BAL-10T-501C-004	3
86	NUEVO	INSTALADO	INSTALACION	Balancín instalado en L1-T13 (Secc:Sección 1)	2026-02-11 17:09:28.988007+00	BAL-10T-501C-005	3
87	NUEVO	INSTALADO	INSTALACION	Balancín instalado en L1-T13 (Secc:Sección 1)	2026-02-11 17:09:34.492744+00	BAL-10T-501C-006	3
88	NUEVO	INSTALADO	INSTALACION	Balancín instalado en L1-T19 (Secc:Sección 1)	2026-02-11 17:09:40.331631+00	BAL-10T-501C-007	3
89	NUEVO	INSTALADO	INSTALACION	Balancín instalado en L1-T19 (Secc:Sección 1)	2026-02-11 17:09:45.100079+00	BAL-10T-501C-008	3
90	NUEVO	INSTALADO	INSTALACION	Balancín instalado en L2-T3 (Secc:Sección 1)	2026-02-11 17:09:51.645535+00	BAL-10T-501C-009	3
91	NUEVO	INSTALADO	INSTALACION	Balancín instalado en L2-T3 (Secc:Sección 1)	2026-02-11 17:10:12.239428+00	BAL-10T-501C-010	3
92	NUEVO	INSTALADO	INSTALACION	Balancín instalado en L2-T22 (Secc:Sección 1)	2026-02-11 17:10:39.177261+00	BAL-10T-501C-011	3
93	NUEVO	INSTALADO	INSTALACION	Balancín instalado en L2-T22 (Secc:Sección 1)	2026-02-11 17:10:43.711447+00	BAL-10T-501C-012	3
94	NUEVO	INSTALADO	INSTALACION	Balancín instalado en L2-T28 (Secc:Sección 1)	2026-02-11 17:10:49.462257+00	BAL-10T-501C-013	3
95	NUEVO	INSTALADO	INSTALACION	Balancín instalado en L2-T28 (Secc:Sección 1)	2026-02-11 17:10:53.568309+00	BAL-10T-501C-014	3
96	NUEVO	INSTALADO	INSTALACION	Balancín instalado en L1-T4 (Secc:Sección 1)	2026-02-11 17:11:32.867492+00	BAL-8T-501C-001	3
97	NUEVO	INSTALADO	INSTALACION	Balancín instalado en L1-T4 (Secc:Sección 1)	2026-02-11 17:11:41.932976+00	BAL-8T-501C-002	3
98	NUEVO	INSTALADO	INSTALACION	Balancín instalado en L6-T27 (Secc:Sección 1)	2026-02-11 17:12:00.255574+00	BAL-4T-501C-001	3
99	NUEVO	INSTALADO	INSTALACION	Balancín instalado en L6-T27 (Secc:Sección 1)	2026-02-11 17:12:02.697051+00	BAL-4T-501C-002	3
100	NUEVO	INSTALADO	INSTALACION	Balancín instalado en L1-T7A (Secc:Sección 1)	2026-02-11 17:12:20.401285+00	BAL-12T-501C-001	3
101	NUEVO	INSTALADO	INSTALACION	Balancín instalado en L1-T7A (Secc:Sección 1)	2026-02-11 17:12:26.073942+00	BAL-12T-501C-002	3
102	NUEVO	INSTALADO	INSTALACION	Balancín instalado en L2-T11 (Secc:Sección 1)	2026-02-11 17:12:46.211693+00	BAL-8N/4TR-420C-001	3
103	NUEVO	INSTALADO	INSTALACION	Balancín instalado en L2-T11 (Secc:Sección 1)	2026-02-11 17:12:48.39262+00	BAL-8N/4TR-420C-002	3
104	NUEVO	INSTALADO	INSTALACION	Balancín instalado en L4-T26 (Secc:Sección 1)	2026-02-11 17:12:50.862501+00	BAL-8N/4TR-420C-003	3
105	NUEVO	INSTALADO	INSTALACION	Balancín instalado en L4-T26 (Secc:Sección 1)	2026-02-11 17:12:56.583393+00	BAL-8N/4TR-420C-004	3
106	NUEVO	INSTALADO	INSTALACION	Balancín instalado en L7-T1 (Secc:Sección 1)	2026-02-11 17:12:59.370082+00	BAL-8N/4TR-420C-005	3
107	NUEVO	INSTALADO	INSTALACION	Balancín instalado en L7-T1 (Secc:Sección 1)	2026-02-11 17:13:02.499963+00	BAL-8N/4TR-420C-006	3
108	NUEVO	INSTALADO	INSTALACION	Balancín instalado en L10-T14 (Secc:Sección 1)	2026-02-11 17:13:06.721223+00	BAL-8N/4TR-420C-007	3
109	NUEVO	INSTALADO	INSTALACION	Balancín instalado en L10-T14 (Secc:Sección 1)	2026-02-11 17:13:09.399587+00	BAL-8N/4TR-420C-008	3
110	NUEVO	INSTALADO	INSTALACION	Balancín instalado en L2-T1 (Secc:Sección 1)	2026-02-11 17:13:22.697245+00	BAL-14N/4TR-420C-001	3
111	NUEVO	INSTALADO	INSTALACION	Balancín instalado en L2-T1 (Secc:Sección 1)	2026-02-11 17:13:26.219637+00	BAL-14N/4TR-420C-002	3
112	NUEVO	INSTALADO	INSTALACION	Balancín instalado en L2-T24 (Secc:Sección 1)	2026-02-11 17:13:30.632345+00	BAL-14N/4TR-420C-003	3
113	NUEVO	INSTALADO	INSTALACION	Balancín instalado en L2-T24 (Secc:Sección 1)	2026-02-11 17:13:33.533242+00	BAL-14N/4TR-420C-004	3
114	NUEVO	INSTALADO	INSTALACION	Balancín instalado en L4-T27 (Secc:Sección 1)	2026-02-11 17:13:36.354864+00	BAL-14N/4TR-420C-005	3
115	NUEVO	INSTALADO	INSTALACION	Balancín instalado en L4-T27 (Secc:Sección 1)	2026-02-11 17:13:41.108889+00	BAL-14N/4TR-420C-006	3
116	NUEVO	INSTALADO	INSTALACION	Balancín instalado en L1-T8 (Secc:Sección 1)	2026-02-11 17:14:00.050177+00	BAL-12N/4TR-420C-001	3
117	NUEVO	INSTALADO	INSTALACION	Balancín instalado en L1-T8 (Secc:Sección 1)	2026-02-11 17:14:11.344669+00	BAL-12N/4TR-420C-002	3
118	NUEVO	INSTALADO	INSTALACION	Balancín instalado en L3-T1 (Secc:Sección 1)	2026-02-11 17:14:23.150449+00	BAL-12N/4TR-420C-003	3
119	NUEVO	INSTALADO	INSTALACION	Balancín instalado en L3-T1 (Secc:Sección 1)	2026-02-11 17:14:27.633347+00	BAL-12N/4TR-420C-004	3
120	NUEVO	INSTALADO	INSTALACION	Balancín instalado en L1-T9 (Secc:Sección 1)	2026-02-11 17:14:39.038375+00	BAL-10N/4TR-420C-001	3
121	NUEVO	INSTALADO	INSTALACION	Balancín instalado en L1-T9 (Secc:Sección 1)	2026-02-11 17:14:42.519695+00	BAL-10N/4TR-420C-002	3
122	NUEVO	INSTALADO	INSTALACION	Balancín instalado en L1-T14 (Secc:Sección 1)	2026-02-11 17:15:01.914429+00	BAL-8T/8N-420C-001	3
123	NUEVO	INSTALADO	INSTALACION	Balancín instalado en L1-T14 (Secc:Sección 1)	2026-02-11 17:15:06.262319+00	BAL-8T/8N-420C-002	3
124	NUEVO	INSTALADO	INSTALACION	Balancín instalado en L1-T15 (Secc:Sección 1)	2026-02-11 17:15:09.451424+00	BAL-8T/8N-420C-003	3
125	NUEVO	INSTALADO	INSTALACION	Balancín instalado en L1-T15 (Secc:Sección 1)	2026-02-11 17:15:12.510974+00	BAL-8T/8N-420C-004	3
126	NUEVO	INSTALADO	INSTALACION	Balancín instalado en L3-T19 (Secc:Sección 1)	2026-02-11 17:15:23.238158+00	BAL-4T/4N-420C-001	3
127	NUEVO	INSTALADO	INSTALACION	Balancín instalado en L3-T19 (Secc:Sección 1)	2026-02-11 17:15:25.888457+00	BAL-4T/4N-420C-002	3
128	NUEVO	INSTALADO	INSTALACION	Balancín instalado en L1-T5 (Secc:Sección 1)	2026-02-11 17:19:00.509772+00	BAL-8T-501C-003	3
129	NUEVO	INSTALADO	INSTALACION	Balancín instalado en L1-T5 (Secc:Sección 1)	2026-02-11 17:19:06.682072+00	BAL-8T-501C-004	3
130	NUEVO	INSTALADO	INSTALACION	Balancín instalado en L3-T13 (Secc:Sección 1)	2026-02-11 17:40:37.308925+00	BAL-10N/4TR-420C-003	3
131	NUEVO	INSTALADO	INSTALACION	Balancín instalado en L3-T13 (Secc:Sección 1)	2026-02-11 17:40:39.905303+00	BAL-10N/4TR-420C-004	3
132	NUEVO	INSTALADO	INSTALACION	Balancín instalado en L4-T11 (Secc:Sección 1)	2026-02-11 17:40:44.777708+00	BAL-10N/4TR-420C-005	3
133	NUEVO	INSTALADO	INSTALACION	Balancín instalado en L4-T11 (Secc:Sección 1)	2026-02-11 17:40:47.70685+00	BAL-10N/4TR-420C-006	3
134	NUEVO	INSTALADO	INSTALACION	Balancín instalado en L4-T19 (Secc:Sección 1)	2026-02-11 17:40:52.730887+00	BAL-10N/4TR-420C-007	3
135	NUEVO	INSTALADO	INSTALACION	Balancín instalado en L4-T19 (Secc:Sección 1)	2026-02-11 17:40:56.375582+00	BAL-10N/4TR-420C-008	3
136	NUEVO	INSTALADO	INSTALACION	Balancín instalado en L4-T38 (Secc:Sección 1)	2026-02-11 17:41:07.958041+00	BAL-10N/4TR-420C-009	3
137	NUEVO	INSTALADO	INSTALACION	Balancín instalado en L4-T38 (Secc:Sección 1)	2026-02-11 17:41:10.871961+00	BAL-10N/4TR-420C-010	3
138	NUEVO	INSTALADO	INSTALACION	Balancín instalado en L5-T8 (Secc:Sección 1)	2026-02-11 17:41:25.372501+00	BAL-10N/4TR-420C-011	3
139	NUEVO	INSTALADO	INSTALACION	Balancín instalado en L5-T8 (Secc:Sección 1)	2026-02-11 17:41:30.560505+00	BAL-10N/4TR-420C-012	3
140	NUEVO	INSTALADO	INSTALACION	Balancín instalado en L6-T9 (Secc:Sección 1)	2026-02-11 17:41:36.386792+00	BAL-10N/4TR-420C-013	3
141	NUEVO	INSTALADO	INSTALACION	Balancín instalado en L6-T9 (Secc:Sección 1)	2026-02-11 17:41:39.434714+00	BAL-10N/4TR-420C-014	3
142	NUEVO	INSTALADO	INSTALACION	Balancín instalado en L6-T26 (Secc:Sección 1)	2026-02-11 17:41:43.845014+00	BAL-10N/4TR-420C-015	3
143	NUEVO	INSTALADO	INSTALACION	Balancín instalado en L6-T26 (Secc:Sección 1)	2026-02-11 17:41:47.830973+00	BAL-10N/4TR-420C-016	3
144	NUEVO	INSTALADO	INSTALACION	Balancín instalado en L3-T2 (Secc:Sección 1)	2026-02-11 17:43:47.850531+00	BAL-12N/4TR-420C-005	3
145	NUEVO	INSTALADO	INSTALACION	Balancín instalado en L3-T2 (Secc:Sección 1)	2026-02-11 17:43:51.208304+00	BAL-12N/4TR-420C-006	3
146	NUEVO	INSTALADO	INSTALACION	Balancín instalado en L3-T20 (Secc:Sección 1)	2026-02-11 17:43:54.304152+00	BAL-12N/4TR-420C-007	3
147	NUEVO	INSTALADO	INSTALACION	Balancín instalado en L3-T20 (Secc:Sección 1)	2026-02-11 17:43:59.497944+00	BAL-12N/4TR-420C-008	3
148	NUEVO	INSTALADO	INSTALACION	Balancín instalado en L3-T21 (Secc:Sección 1)	2026-02-11 17:44:02.97468+00	BAL-12N/4TR-420C-009	3
149	NUEVO	INSTALADO	INSTALACION	Balancín instalado en L3-T21 (Secc:Sección 1)	2026-02-11 17:44:06.120615+00	BAL-12N/4TR-420C-010	3
150	NUEVO	INSTALADO	INSTALACION	Balancín instalado en L4-T1 (Secc:Sección 1)	2026-02-11 17:44:15.758212+00	BAL-12N/4TR-420C-011	3
151	NUEVO	INSTALADO	INSTALACION	Balancín instalado en L4-T1 (Secc:Sección 1)	2026-02-11 17:44:19.38495+00	BAL-12N/4TR-420C-012	3
152	NUEVO	INSTALADO	INSTALACION	Balancín instalado en L4-T2 (Secc:Sección 1)	2026-02-11 17:44:23.731765+00	BAL-12N/4TR-420C-013	3
153	NUEVO	INSTALADO	INSTALACION	Balancín instalado en L4-T2 (Secc:Sección 1)	2026-02-11 17:44:27.360146+00	BAL-12N/4TR-420C-014	3
154	NUEVO	INSTALADO	INSTALACION	Balancín instalado en L4-T10 (Secc:Sección 1)	2026-02-11 17:44:35.051788+00	BAL-12N/4TR-420C-015	3
155	NUEVO	INSTALADO	INSTALACION	Balancín instalado en L4-T10 (Secc:Sección 1)	2026-02-11 17:44:38.072982+00	BAL-12N/4TR-420C-016	3
156	NUEVO	INSTALADO	INSTALACION	Balancín instalado en L5-T9 (Secc:Sección 1)	2026-02-11 17:44:45.492312+00	BAL-12N/4TR-420C-017	3
157	NUEVO	INSTALADO	INSTALACION	Balancín instalado en L5-T9 (Secc:Sección 1)	2026-02-11 17:44:49.157564+00	BAL-12N/4TR-420C-018	3
158	NUEVO	INSTALADO	INSTALACION	Balancín instalado en L4-T37 (Secc:Sección 1)	2026-02-11 17:45:07.390239+00	BAL-12N/4TR-420C-019	3
159	NUEVO	INSTALADO	INSTALACION	Balancín instalado en L4-T37 (Secc:Sección 1)	2026-02-11 17:45:11.083965+00	BAL-12N/4TR-420C-020	3
160	NUEVO	INSTALADO	INSTALACION	Balancín instalado en L6-T17 (Secc:Sección 1)	2026-02-11 17:45:19.119908+00	BAL-12N/4TR-420C-021	3
161	NUEVO	INSTALADO	INSTALACION	Balancín instalado en L6-T17 (Secc:Sección 1)	2026-02-11 17:45:24.344127+00	BAL-12N/4TR-420C-022	3
162	NUEVO	INSTALADO	INSTALACION	Balancín instalado en L7-T2 (Secc:Sección 1)	2026-02-11 17:45:35.191837+00	BAL-12N/4TR-420C-023	3
163	NUEVO	INSTALADO	INSTALACION	Balancín instalado en L7-T2 (Secc:Sección 1)	2026-02-11 17:45:40.600019+00	BAL-12N/4TR-420C-024	3
164	NUEVO	INSTALADO	INSTALACION	Balancín instalado en L7-T9 (Secc:Sección 1)	2026-02-11 17:45:52.779876+00	BAL-12N/4TR-420C-025	3
165	NUEVO	INSTALADO	INSTALACION	Balancín instalado en L7-T9 (Secc:Sección 1)	2026-02-11 17:46:01.2962+00	BAL-12N/4TR-420C-026	3
166	NUEVO	INSTALADO	INSTALACION	Balancín instalado en L7-T11 (Secc:Sección 1)	2026-02-11 17:46:19.509584+00	BAL-12N/4TR-420C-027	3
167	NUEVO	INSTALADO	INSTALACION	Balancín instalado en L7-T11 (Secc:Sección 1)	2026-02-11 17:46:23.022111+00	BAL-12N/4TR-420C-028	3
168	NUEVO	INSTALADO	INSTALACION	Balancín instalado en L8-T15 (Secc:Sección 1)	2026-02-11 17:46:28.070245+00	BAL-12N/4TR-420C-029	3
169	NUEVO	INSTALADO	INSTALACION	Balancín instalado en L8-T15 (Secc:Sección 1)	2026-02-11 17:46:32.256298+00	BAL-12N/4TR-420C-030	3
170	NUEVO	INSTALADO	INSTALACION	Balancín instalado en L8-T16 (Secc:Sección 1)	2026-02-11 17:46:36.410819+00	BAL-12N/4TR-420C-031	3
171	NUEVO	INSTALADO	INSTALACION	Balancín instalado en L8-T16 (Secc:Sección 1)	2026-02-11 17:46:40.299567+00	BAL-12N/4TR-420C-032	3
172	NUEVO	INSTALADO	INSTALACION	Balancín instalado en L7-T18 (Secc:Sección 1)	2026-02-11 17:46:44.987393+00	BAL-12N/4TR-420C-033	3
173	NUEVO	INSTALADO	INSTALACION	Balancín instalado en L7-T18 (Secc:Sección 1)	2026-02-11 17:46:48.72174+00	BAL-12N/4TR-420C-034	3
174	NUEVO	INSTALADO	INSTALACION	Balancín instalado en L7-T19 (Secc:Sección 1)	2026-02-11 17:46:52.468557+00	BAL-12N/4TR-420C-035	3
175	NUEVO	INSTALADO	INSTALACION	Balancín instalado en L7-T19 (Secc:Sección 1)	2026-02-11 17:46:56.295307+00	BAL-12N/4TR-420C-036	3
176	NUEVO	INSTALADO	INSTALACION	Balancín instalado en L6-T25 (Secc:Sección 1)	2026-02-11 19:31:00.250142+00	BAL-4T/4N-420C-003	3
177	NUEVO	INSTALADO	INSTALACION	Balancín instalado en L6-T25 (Secc:Sección 1)	2026-02-11 19:31:07.673022+00	BAL-4T/4N-420C-004	3
178	NUEVO	INSTALADO	INSTALACION	Balancín instalado en L8-T9 (Secc:Sección 1)	2026-02-11 19:31:17.706147+00	BAL-4T/4N-420C-005	3
179	NUEVO	INSTALADO	INSTALACION	Balancín instalado en L8-T9 (Secc:Sección 1)	2026-02-11 19:31:23.692055+00	BAL-4T/4N-420C-006	3
180	NUEVO	INSTALADO	INSTALACION	Balancín instalado en L10-T13 (Secc:Sección 1)	2026-02-11 19:31:30.679762+00	BAL-4T/4N-420C-007	3
181	NUEVO	INSTALADO	INSTALACION	Balancín instalado en L10-T13 (Secc:Sección 1)	2026-02-11 19:31:37.977553+00	BAL-4T/4N-420C-008	3
182	NUEVO	INSTALADO	INSTALACION	Balancín instalado en L1-T16 (Secc:Sección 1)	2026-02-11 19:33:49.094692+00	BAL-8T/8N-420C-005	3
183	NUEVO	INSTALADO	INSTALACION	Balancín instalado en L1-T16 (Secc:Sección 1)	2026-02-11 19:33:57.673007+00	BAL-8T/8N-420C-006	3
184	NUEVO	INSTALADO	INSTALACION	Balancín instalado en L2-T18 (Secc:Sección 1)	2026-02-11 19:34:17.369097+00	BAL-8T/8N-420C-007	3
185	NUEVO	INSTALADO	INSTALACION	Balancín instalado en L2-T18 (Secc:Sección 1)	2026-02-11 19:34:28.592901+00	BAL-8T/8N-420C-008	3
186	NUEVO	INSTALADO	INSTALACION	Balancín instalado en L2-T21 (Secc:Sección 1)	2026-02-11 19:34:33.816397+00	BAL-8T/8N-420C-009	3
187	NUEVO	INSTALADO	INSTALACION	Balancín instalado en L2-T21 (Secc:Sección 1)	2026-02-11 19:34:39.079732+00	BAL-8T/8N-420C-010	3
188	NUEVO	INSTALADO	INSTALACION	Balancín instalado en L3-T8A (Secc:Sección 1)	2026-02-11 19:36:32.88934+00	BAL-8T/8N-420C-011	3
189	NUEVO	INSTALADO	INSTALACION	Balancín instalado en L3-T8A (Secc:Sección 1)	2026-02-11 19:36:42.176799+00	BAL-8T/8N-420C-012	3
190	NUEVO	INSTALADO	INSTALACION	Balancín instalado en L3-T8B (Secc:Sección 1)	2026-02-11 19:36:47.910202+00	BAL-8T/8N-420C-013	3
191	NUEVO	INSTALADO	INSTALACION	Balancín instalado en L3-T8B (Secc:Sección 1)	2026-02-11 19:36:55.232404+00	BAL-8T/8N-420C-014	3
192	NUEVO	INSTALADO	INSTALACION	Balancín instalado en L3-T12 (Secc:Sección 1)	2026-02-11 19:37:05.883877+00	BAL-8T/8N-420C-015	3
193	NUEVO	INSTALADO	INSTALACION	Balancín instalado en L3-T12 (Secc:Sección 1)	2026-02-11 19:37:13.928062+00	BAL-8T/8N-420C-016	3
194	NUEVO	INSTALADO	INSTALACION	Balancín instalado en L3-T15 (Secc:Sección 1)	2026-02-11 19:37:21.991017+00	BAL-8T/8N-420C-017	3
195	NUEVO	INSTALADO	INSTALACION	Balancín instalado en L3-T15 (Secc:Sección 1)	2026-02-11 19:37:29.142947+00	BAL-8T/8N-420C-018	3
196	NUEVO	INSTALADO	INSTALACION	Balancín instalado en L5-T5 (Secc:Sección 1)	2026-02-11 19:37:52.183322+00	BAL-8T/8N-420C-019	3
197	NUEVO	INSTALADO	INSTALACION	Balancín instalado en L5-T5 (Secc:Sección 1)	2026-02-11 19:37:58.712649+00	BAL-8T/8N-420C-020	3
198	NUEVO	INSTALADO	INSTALACION	Balancín instalado en L5-T18 (Secc:Sección 1)	2026-02-11 19:38:09.043222+00	BAL-8T/8N-420C-021	3
199	NUEVO	INSTALADO	INSTALACION	Balancín instalado en L5-T18 (Secc:Sección 1)	2026-02-11 19:38:15.030321+00	BAL-8T/8N-420C-022	3
200	NUEVO	INSTALADO	INSTALACION	Balancín instalado en L5-T22 (Secc:Sección 1)	2026-02-11 19:38:52.057432+00	BAL-8T/8N-420C-023	3
201	NUEVO	INSTALADO	INSTALACION	Balancín instalado en L5-T22 (Secc:Sección 1)	2026-02-11 19:39:01.48004+00	BAL-8T/8N-420C-024	3
202	NUEVO	INSTALADO	INSTALACION	Balancín instalado en L7-T8 (Secc:Sección 1)	2026-02-11 19:39:25.926274+00	BAL-8T/8N-420C-025	3
203	NUEVO	INSTALADO	INSTALACION	Balancín instalado en L7-T8 (Secc:Sección 1)	2026-02-11 19:39:38.410829+00	BAL-8T/8N-420C-026	3
204	NUEVO	INSTALADO	INSTALACION	Balancín instalado en L8-T8 (Secc:Sección 2)	2026-02-11 19:39:56.647211+00	BAL-8T/8N-420C-027	3
205	NUEVO	INSTALADO	INSTALACION	Balancín instalado en L8-T8 (Secc:Sección 2)	2026-02-11 19:40:14.722104+00	BAL-8T/8N-420C-028	3
206	NUEVO	INSTALADO	INSTALACION	Balancín instalado en L8-T11 (Secc:Sección 2)	2026-02-11 19:40:34.339041+00	BAL-8T/8N-420C-029	3
207	NUEVO	INSTALADO	INSTALACION	Balancín instalado en L8-T11 (Secc:Sección 2)	2026-02-11 19:40:43.166713+00	BAL-8T/8N-420C-030	3
208	NUEVO	INSTALADO	INSTALACION	Balancín instalado en L8-T14 (Secc:Sección 2)	2026-02-11 19:40:52.564455+00	BAL-8T/8N-420C-031	3
209	NUEVO	INSTALADO	INSTALACION	Balancín instalado en L8-T14 (Secc:Sección 2)	2026-02-11 19:41:04.350082+00	BAL-8T/8N-420C-032	3
210	NUEVO	INSTALADO	INSTALACION	Balancín instalado en L8-T15 (Secc:Sección 2)	2026-02-11 19:41:10.697381+00	BAL-8T/8N-420C-033	3
211	NUEVO	INSTALADO	INSTALACION	Balancín instalado en L8-T15 (Secc:Sección 2)	2026-02-11 19:41:17.194239+00	BAL-8T/8N-420C-034	3
212	NUEVO	INSTALADO	INSTALACION	Balancín instalado en L8-T7 (Secc:Sección 1)	2026-02-11 19:41:25.806053+00	BAL-8T/8N-420C-035	3
213	NUEVO	INSTALADO	INSTALACION	Balancín instalado en L8-T7 (Secc:Sección 1)	2026-02-11 19:41:33.072722+00	BAL-8T/8N-420C-036	3
214	NUEVO	INSTALADO	INSTALACION	Balancín instalado en L9-T4 (Secc:Sección 1)	2026-02-11 19:41:52.093938+00	BAL-8T/8N-420C-037	3
215	NUEVO	INSTALADO	INSTALACION	Balancín instalado en L9-T4 (Secc:Sección 1)	2026-02-11 19:42:02.782511+00	BAL-8T/8N-420C-038	3
216	NUEVO	INSTALADO	INSTALACION	Balancín instalado en L3-T26 (Secc:Sección 1)	2026-02-11 19:46:13.925082+00	BAL-14N/4TR-420C-007	3
217	NUEVO	INSTALADO	INSTALACION	Balancín instalado en L3-T26 (Secc:Sección 1)	2026-02-11 19:46:18.375705+00	BAL-14N/4TR-420C-008	3
218	NUEVO	INSTALADO	INSTALACION	Balancín instalado en L4-T9 (Secc:Sección 1)	2026-02-11 19:47:23.403599+00	BAL-14N/4TR-420C-009	3
219	NUEVO	INSTALADO	INSTALACION	Balancín instalado en L4-T9 (Secc:Sección 1)	2026-02-11 19:47:31.582975+00	BAL-14N/4TR-420C-010	3
220	NUEVO	INSTALADO	INSTALACION	Balancín instalado en L5-T1 (Secc:Sección 1)	2026-02-11 19:48:39.413608+00	BAL-14N/4TR-420C-011	3
221	NUEVO	INSTALADO	INSTALACION	Balancín instalado en L5-T1 (Secc:Sección 1)	2026-02-11 19:48:47.934195+00	BAL-14N/4TR-420C-012	3
222	NUEVO	INSTALADO	INSTALACION	Balancín instalado en L6-T34 (Secc:Sección 1)	2026-02-11 19:55:36.542709+00	BAL-14N/4TR-420C-013	3
223	NUEVO	INSTALADO	INSTALACION	Balancín instalado en L6-T34 (Secc:Sección 1)	2026-02-11 19:55:40.495764+00	BAL-14N/4TR-420C-014	3
224	NUEVO	INSTALADO	INSTALACION	Balancín instalado en L6-T35 (Secc:Sección 1)	2026-02-11 19:55:48.380799+00	BAL-14N/4TR-420C-015	3
225	NUEVO	INSTALADO	INSTALACION	Balancín instalado en L6-T35 (Secc:Sección 1)	2026-02-11 19:55:52.842999+00	BAL-14N/4TR-420C-016	3
226	NUEVO	INSTALADO	INSTALACION	Balancín instalado en L8-T1 (Secc:Sección 1)	2026-02-11 19:56:00.513594+00	BAL-14N/4TR-420C-017	3
227	NUEVO	INSTALADO	INSTALACION	Balancín instalado en L8-T1 (Secc:Sección 1)	2026-02-11 19:56:04.62103+00	BAL-14N/4TR-420C-018	3
228	NUEVO	INSTALADO	INSTALACION	Balancín instalado en L9-T1 (Secc:Sección 1)	2026-02-11 19:56:18.739173+00	BAL-14N/4TR-420C-019	3
229	NUEVO	INSTALADO	INSTALACION	Balancín instalado en L9-T1 (Secc:Sección 1)	2026-02-11 19:56:28.313825+00	BAL-14N/4TR-420C-020	3
230	NUEVO	INSTALADO	INSTALACION	Balancín instalado en L1-T6A (Secc:Sección 1)	2026-02-11 20:26:04.128381+00	BAL-8T-501C-005	3
231	NUEVO	INSTALADO	INSTALACION	Balancín instalado en L1-T6A (Secc:Sección 1)	2026-02-11 20:26:17.404233+00	BAL-8T-501C-006	3
232	NUEVO	INSTALADO	INSTALACION	Balancín instalado en L1-T12A (Secc:Sección 1)	2026-02-11 20:26:29.574495+00	BAL-8T-501C-007	3
233	NUEVO	INSTALADO	INSTALACION	Balancín instalado en L1-T12A (Secc:Sección 1)	2026-02-11 20:26:39.052216+00	BAL-8T-501C-008	3
234	NUEVO	INSTALADO	INSTALACION	Balancín instalado en L1-T12B (Secc:Sección 1)	2026-02-11 20:26:46.378219+00	BAL-8T-501C-009	3
235	NUEVO	INSTALADO	INSTALACION	Balancín instalado en L1-T12B (Secc:Sección 1)	2026-02-11 20:26:55.191415+00	BAL-8T-501C-010	3
236	NUEVO	INSTALADO	INSTALACION	Balancín instalado en L3-T9 (Secc:Sección 1)	2026-02-18 17:53:29.21673+00	BAL-10T-501C-015	1
237	NUEVO	INSTALADO	INSTALACION	Balancín instalado en L3-T9 (Secc:Sección 1)	2026-02-18 17:53:40.821175+00	BAL-10T-501C-016	1
238	NUEVO	INSTALADO	INSTALACION	Balancín instalado en L3-T24B (Secc:Sección 1)	2026-02-18 17:53:49.735098+00	BAL-10T-501C-017	1
239	NUEVO	INSTALADO	INSTALACION	Balancín instalado en L3-T24B (Secc:Sección 1)	2026-02-18 17:53:59.829493+00	BAL-10T-501C-018	1
240	NUEVO	INSTALADO	INSTALACION	Balancín instalado en L2-T4 (Secc:Sección 1)	2026-02-18 19:09:40.32664+00	BAL-8T-501C-011	1
241	NUEVO	INSTALADO	INSTALACION	Balancín instalado en L2-T4 (Secc:Sección 1)	2026-02-18 19:09:48.170869+00	BAL-8T-501C-012	1
242	NUEVO	INSTALADO	INSTALACION	Balancín instalado en L2-T7 (Secc:Sección 1)	2026-02-18 19:10:05.088095+00	BAL-8T-501C-013	1
243	NUEVO	INSTALADO	INSTALACION	Balancín instalado en L2-T7 (Secc:Sección 1)	2026-02-18 19:10:14.845012+00	BAL-8T-501C-014	1
244	NUEVO	INSTALADO	INSTALACION	Balancín instalado en L2-T8 (Secc:Sección 1)	2026-02-18 19:10:22.230079+00	BAL-8T-501C-015	1
245	NUEVO	INSTALADO	INSTALACION	Balancín instalado en L2-T8 (Secc:Sección 1)	2026-02-18 19:10:32.617848+00	BAL-8T-501C-016	1
246	NUEVO	INSTALADO	INSTALACION	Balancín instalado en L2-T10 (Secc:Sección 1)	2026-02-18 19:10:45.505769+00	BAL-8T-501C-017	1
247	NUEVO	INSTALADO	INSTALACION	Balancín instalado en L2-T10 (Secc:Sección 1)	2026-02-18 19:11:02.305618+00	BAL-8T-501C-018	1
248	NUEVO	INSTALADO	INSTALACION	Balancín instalado en L2-T14 (Secc:Sección 1)	2026-02-18 19:12:25.878943+00	BAL-8T-501C-019	1
249	NUEVO	INSTALADO	INSTALACION	Balancín instalado en L2-T14 (Secc:Sección 1)	2026-02-18 19:12:35.818478+00	BAL-8T-501C-020	1
250	NUEVO	INSTALADO	INSTALACION	Balancín instalado en L2-T17 (Secc:Sección 1)	2026-02-18 19:12:44.841481+00	BAL-8T-501C-021	1
251	NUEVO	INSTALADO	INSTALACION	Balancín instalado en L2-T17 (Secc:Sección 1)	2026-02-18 19:12:52.115555+00	BAL-8T-501C-022	1
252	NUEVO	INSTALADO	INSTALACION	Balancín instalado en L2-T20 (Secc:Sección 1)	2026-02-18 19:13:00.617699+00	BAL-8T-501C-023	1
253	NUEVO	INSTALADO	INSTALACION	Balancín instalado en L2-T20 (Secc:Sección 1)	2026-02-18 19:13:11.035396+00	BAL-8T-501C-024	1
254	NUEVO	INSTALADO	INSTALACION	Balancín instalado en L2-T23 (Secc:Sección 1)	2026-02-18 19:13:26.258975+00	BAL-8T-501C-025	1
255	NUEVO	INSTALADO	INSTALACION	Balancín instalado en L2-T23 (Secc:Sección 1)	2026-02-18 19:13:35.944383+00	BAL-8T-501C-026	1
256	NUEVO	INSTALADO	INSTALACION	Balancín instalado en L2-T29A (Secc:Sección 1)	2026-02-18 19:13:49.908789+00	BAL-8T-501C-027	1
257	NUEVO	INSTALADO	INSTALACION	Balancín instalado en L2-T29A (Secc:Sección 1)	2026-02-18 19:13:58.6302+00	BAL-8T-501C-028	1
258	NUEVO	INSTALADO	INSTALACION	Balancín instalado en L2-T29B (Secc:Sección 1)	2026-02-18 19:14:08.163415+00	BAL-8T-501C-029	1
259	NUEVO	INSTALADO	INSTALACION	Balancín instalado en L2-T29B (Secc:Sección 1)	2026-02-18 19:14:17.382615+00	BAL-8T-501C-030	1
260	NUEVO	INSTALADO	INSTALACION	Balancín instalado en L2-T30 (Secc:Sección 1)	2026-02-18 19:14:26.018391+00	BAL-8T-501C-031	1
261	NUEVO	INSTALADO	INSTALACION	Balancín instalado en L2-T30 (Secc:Sección 1)	2026-02-18 19:14:33.504756+00	BAL-8T-501C-032	1
262	NUEVO	INSTALADO	INSTALACION	Balancín instalado en L2-T31 (Secc:Sección 1)	2026-02-18 19:14:39.92428+00	BAL-8T-501C-033	1
263	NUEVO	INSTALADO	INSTALACION	Balancín instalado en L2-T31 (Secc:Sección 1)	2026-02-18 19:14:47.999485+00	BAL-8T-501C-034	1
264	NUEVO	INSTALADO	INSTALACION	Balancín instalado en L3-T10 (Secc:Sección 1)	2026-02-18 19:15:10.090396+00	BAL-8T-501C-035	1
265	NUEVO	INSTALADO	INSTALACION	Balancín instalado en L3-T10 (Secc:Sección 1)	2026-02-18 19:15:43.008722+00	BAL-8T-501C-036	1
266	NUEVO	INSTALADO	INSTALACION	Balancín instalado en L3-T17B (Secc:Sección 1)	2026-02-18 19:15:53.295323+00	BAL-8T-501C-037	1
267	NUEVO	INSTALADO	INSTALACION	Balancín instalado en L3-T17B (Secc:Sección 1)	2026-02-18 19:16:05.129056+00	BAL-8T-501C-038	1
268	NUEVO	INSTALADO	INSTALACION	Balancín instalado en L4-T6 (Secc:Sección 1)	2026-02-18 19:16:30.791076+00	BAL-8T-501C-039	1
269	NUEVO	INSTALADO	INSTALACION	Balancín instalado en L4-T6 (Secc:Sección 1)	2026-02-18 19:16:41.19015+00	BAL-8T-501C-040	1
270	NUEVO	INSTALADO	INSTALACION	Balancín instalado en L4-T7 (Secc:Sección 1)	2026-02-18 19:16:53.891748+00	BAL-8T-501C-041	1
271	NUEVO	INSTALADO	INSTALACION	Balancín instalado en L4-T7 (Secc:Sección 1)	2026-02-18 19:17:01.564976+00	BAL-8T-501C-042	1
272	NUEVO	INSTALADO	INSTALACION	Balancín instalado en L4-T8B (Secc:Sección 1)	2026-02-18 19:17:25.946896+00	BAL-8T-501C-043	1
273	NUEVO	INSTALADO	INSTALACION	Balancín instalado en L4-T8B (Secc:Sección 1)	2026-02-18 19:17:36.067028+00	BAL-8T-501C-044	1
274	NUEVO	INSTALADO	INSTALACION	Balancín instalado en L4-T17 (Secc:Sección 1)	2026-02-18 19:17:53.270023+00	BAL-8T-501C-045	1
275	NUEVO	INSTALADO	INSTALACION	Balancín instalado en L4-T17 (Secc:Sección 1)	2026-02-18 19:18:11.090759+00	BAL-8T-501C-046	1
276	NUEVO	INSTALADO	INSTALACION	Balancín instalado en L4-T24 (Secc:Sección 1)	2026-02-18 19:18:19.939956+00	BAL-8T-501C-047	1
277	NUEVO	INSTALADO	INSTALACION	Balancín instalado en L4-T24 (Secc:Sección 1)	2026-02-18 19:18:33.407133+00	BAL-8T-501C-048	1
278	NUEVO	INSTALADO	INSTALACION	Balancín instalado en L4-T25 (Secc:Sección 1)	2026-02-18 19:18:40.342555+00	BAL-8T-501C-049	1
279	NUEVO	INSTALADO	INSTALACION	Balancín instalado en L4-T25 (Secc:Sección 1)	2026-02-18 19:18:48.757685+00	BAL-8T-501C-050	1
280	NUEVO	INSTALADO	INSTALACION	Balancín instalado en L4-T33 (Secc:Sección 1)	2026-02-18 19:18:58.471033+00	BAL-8T-501C-051	1
281	NUEVO	INSTALADO	INSTALACION	Balancín instalado en L4-T33 (Secc:Sección 1)	2026-02-18 19:19:08.814029+00	BAL-8T-501C-052	1
282	NUEVO	INSTALADO	INSTALACION	Balancín instalado en L5-T3 (Secc:Sección 1)	2026-02-18 19:20:34.512625+00	BAL-8T-501C-053	1
283	NUEVO	INSTALADO	INSTALACION	Balancín instalado en L5-T3 (Secc:Sección 1)	2026-02-18 19:20:46.38331+00	BAL-8T-501C-054	1
284	NUEVO	INSTALADO	INSTALACION	Balancín instalado en L5-T4 (Secc:Sección 1)	2026-02-18 19:21:01.990028+00	BAL-8T-501C-055	1
285	NUEVO	INSTALADO	INSTALACION	Balancín instalado en L5-T4 (Secc:Sección 1)	2026-02-18 19:21:12.332835+00	BAL-8T-501C-056	1
286	NUEVO	INSTALADO	INSTALACION	Balancín instalado en L5-T7A (Secc:Sección 1)	2026-02-18 19:21:29.158089+00	BAL-8T-501C-057	1
287	NUEVO	INSTALADO	INSTALACION	Balancín instalado en L5-T7A (Secc:Sección 1)	2026-02-18 19:21:43.069817+00	BAL-8T-501C-058	1
288	NUEVO	INSTALADO	INSTALACION	Balancín instalado en L5-T7B (Secc:Sección 1)	2026-02-18 19:21:55.666746+00	BAL-8T-501C-059	1
289	NUEVO	INSTALADO	INSTALACION	Balancín instalado en L5-T7B (Secc:Sección 1)	2026-02-18 19:22:08.109952+00	BAL-8T-501C-060	1
290	NUEVO	INSTALADO	INSTALACION	Balancín instalado en L5-T13 (Secc:Sección 1)	2026-02-18 19:22:30.882144+00	BAL-8T-501C-061	1
291	NUEVO	INSTALADO	INSTALACION	Balancín instalado en L5-T13 (Secc:Sección 1)	2026-02-18 19:22:41.19502+00	BAL-8T-501C-062	1
292	NUEVO	INSTALADO	INSTALACION	Balancín instalado en L5-T14 (Secc:Sección 1)	2026-02-18 19:22:49.805618+00	BAL-8T-501C-063	1
293	NUEVO	INSTALADO	INSTALACION	Balancín instalado en L5-T14 (Secc:Sección 1)	2026-02-18 19:23:03.988566+00	BAL-8T-501C-064	1
294	NUEVO	INSTALADO	INSTALACION	Balancín instalado en L5-T20A (Secc:Sección 1)	2026-02-18 19:23:18.067418+00	BAL-8T-501C-065	1
295	NUEVO	INSTALADO	INSTALACION	Balancín instalado en L5-T20A (Secc:Sección 1)	2026-02-18 19:23:28.022865+00	BAL-8T-501C-066	1
296	NUEVO	INSTALADO	INSTALACION	Balancín instalado en L5-T21B (Secc:Sección 1)	2026-02-18 19:23:38.371048+00	BAL-8T-501C-067	1
297	NUEVO	INSTALADO	INSTALACION	Balancín instalado en L5-T21B (Secc:Sección 1)	2026-02-18 19:23:48.482013+00	BAL-8T-501C-068	1
298	NUEVO	INSTALADO	INSTALACION	Balancín instalado en L5-T24 (Secc:Sección 1)	2026-02-18 19:23:57.245457+00	BAL-8T-501C-069	1
299	NUEVO	INSTALADO	INSTALACION	Balancín instalado en L5-T24 (Secc:Sección 1)	2026-02-18 19:24:08.180349+00	BAL-8T-501C-070	1
300	NUEVO	INSTALADO	INSTALACION	Balancín instalado en L6-T13 (Secc:Sección 1)	2026-02-18 19:26:36.488043+00	BAL-8T-501C-071	1
301	NUEVO	INSTALADO	INSTALACION	Balancín instalado en L6-T13 (Secc:Sección 1)	2026-02-18 19:26:46.114866+00	BAL-8T-501C-072	1
302	NUEVO	INSTALADO	INSTALACION	Balancín instalado en L6-T14 (Secc:Sección 1)	2026-02-18 19:26:55.68299+00	BAL-8T-501C-073	1
303	NUEVO	INSTALADO	INSTALACION	Balancín instalado en L6-T14 (Secc:Sección 1)	2026-02-18 19:27:05.992552+00	BAL-8T-501C-074	1
304	NUEVO	INSTALADO	INSTALACION	Balancín instalado en L6-T21 (Secc:Sección 1)	2026-02-18 19:27:20.299416+00	BAL-8T-501C-075	1
305	NUEVO	INSTALADO	INSTALACION	Balancín instalado en L6-T21 (Secc:Sección 1)	2026-02-18 19:27:39.972103+00	BAL-8T-501C-076	1
306	NUEVO	INSTALADO	INSTALACION	Balancín instalado en L6-T22 (Secc:Sección 1)	2026-02-18 19:28:20.051381+00	BAL-8T-501C-077	1
307	NUEVO	INSTALADO	INSTALACION	Balancín instalado en L6-T22 (Secc:Sección 1)	2026-02-18 19:28:34.948176+00	BAL-8T-501C-078	1
308	NUEVO	INSTALADO	INSTALACION	Balancín instalado en L4-T3A (Secc:Sección 1)	2026-02-19 15:59:31.67124+00	BAL-10T-501C-019	1
309	NUEVO	INSTALADO	INSTALACION	Balancín instalado en L4-T3A (Secc:Sección 1)	2026-02-19 15:59:41.690081+00	BAL-10T-501C-020	1
310	NUEVO	INSTALADO	INSTALACION	Balancín instalado en L4-T3B (Secc:Sección 1)	2026-02-19 15:59:48.789636+00	BAL-10T-501C-021	1
311	NUEVO	INSTALADO	INSTALACION	Balancín instalado en L4-T3B (Secc:Sección 1)	2026-02-19 15:59:57.853943+00	BAL-10T-501C-022	1
312	NUEVO	INSTALADO	INSTALACION	Balancín instalado en L4-T8A (Secc:Sección 1)	2026-02-19 16:01:03.283245+00	BAL-10T-501C-023	1
313	NUEVO	INSTALADO	INSTALACION	Balancín instalado en L4-T8A (Secc:Sección 1)	2026-02-19 16:01:21.523434+00	BAL-10T-501C-024	1
314	NUEVO	INSTALADO	INSTALACION	Balancín instalado en L4-T12 (Secc:Sección 1)	2026-02-19 16:01:35.253+00	BAL-10T-501C-025	1
315	NUEVO	INSTALADO	INSTALACION	Balancín instalado en L4-T12 (Secc:Sección 1)	2026-02-19 16:01:43.205827+00	BAL-10T-501C-026	1
316	NUEVO	INSTALADO	INSTALACION	Balancín instalado en L4-T13 (Secc:Sección 1)	2026-02-19 16:01:50.223454+00	BAL-10T-501C-027	1
317	NUEVO	INSTALADO	INSTALACION	Balancín instalado en L4-T13 (Secc:Sección 1)	2026-02-19 16:02:13.187499+00	BAL-10T-501C-028	1
318	NUEVO	INSTALADO	INSTALACION	Balancín instalado en L4-T14 (Secc:Sección 1)	2026-02-19 16:02:33.622439+00	BAL-10T-501C-029	1
319	NUEVO	INSTALADO	INSTALACION	Balancín instalado en L4-T15 (Secc:Sección 1)	2026-02-19 16:05:21.094502+00	BAL-10T-501C-030	1
320	NUEVO	INSTALADO	INSTALACION	Balancín instalado en L4-T14 (Secc:Sección 1)	2026-02-19 16:05:31.603141+00	BAL-10T-501C-031	1
321	NUEVO	INSTALADO	INSTALACION	Balancín instalado en L4-T15 (Secc:Sección 1)	2026-02-19 16:05:42.475734+00	BAL-10T-501C-032	1
322	NUEVO	INSTALADO	INSTALACION	Balancín instalado en L4-T16 (Secc:Sección 1)	2026-02-19 16:05:48.092237+00	BAL-10T-501C-033	1
323	NUEVO	INSTALADO	INSTALACION	Balancín instalado en L4-T16 (Secc:Sección 1)	2026-02-19 16:05:55.381562+00	BAL-10T-501C-034	1
324	NUEVO	INSTALADO	INSTALACION	Balancín instalado en L4-T20 (Secc:Sección 1)	2026-02-19 16:06:02.077112+00	BAL-10T-501C-035	1
325	NUEVO	INSTALADO	INSTALACION	Balancín instalado en L4-T20 (Secc:Sección 1)	2026-02-19 16:06:26.782681+00	BAL-10T-501C-036	1
326	NUEVO	INSTALADO	INSTALACION	Balancín instalado en L4-T21 (Secc:Sección 1)	2026-02-19 16:06:33.879592+00	BAL-10T-501C-037	1
327	NUEVO	INSTALADO	INSTALACION	Balancín instalado en L4-T21 (Secc:Sección 1)	2026-02-19 16:06:42.393196+00	BAL-10T-501C-038	1
328	NUEVO	INSTALADO	INSTALACION	Balancín instalado en L4-T22 (Secc:Sección 1)	2026-02-19 16:06:55.427939+00	BAL-10T-501C-039	1
329	NUEVO	INSTALADO	INSTALACION	Balancín instalado en L4-T22 (Secc:Sección 1)	2026-02-19 16:07:04.230883+00	BAL-10T-501C-040	1
330	NUEVO	INSTALADO	INSTALACION	Balancín instalado en L4-T23 (Secc:Sección 1)	2026-02-19 16:07:12.520735+00	BAL-10T-501C-041	1
331	NUEVO	INSTALADO	INSTALACION	Balancín instalado en L4-T23 (Secc:Sección 1)	2026-02-19 16:07:21.974709+00	BAL-10T-501C-042	1
332	NUEVO	INSTALADO	INSTALACION	Balancín instalado en L4-T28 (Secc:Sección 1)	2026-02-19 16:07:30.249837+00	BAL-10T-501C-043	1
333	NUEVO	INSTALADO	INSTALACION	Balancín instalado en L4-T28 (Secc:Sección 1)	2026-02-19 16:07:38.948948+00	BAL-10T-501C-044	1
334	NUEVO	INSTALADO	INSTALACION	Balancín instalado en L4-T30 (Secc:Sección 1)	2026-02-19 16:08:49.500527+00	BAL-10T-501C-045	1
335	NUEVO	INSTALADO	INSTALACION	Balancín instalado en L4-T30 (Secc:Sección 1)	2026-02-19 16:08:57.702564+00	BAL-10T-501C-046	1
336	NUEVO	INSTALADO	INSTALACION	Balancín instalado en L4-T31 (Secc:Sección 1)	2026-02-19 16:09:04.383977+00	BAL-10T-501C-047	1
337	NUEVO	INSTALADO	INSTALACION	Balancín instalado en L4-T31 (Secc:Sección 1)	2026-02-19 16:09:14.807426+00	BAL-10T-501C-048	1
338	NUEVO	INSTALADO	INSTALACION	Balancín instalado en L4-T32 (Secc:Sección 1)	2026-02-19 16:09:21.914352+00	BAL-10T-501C-049	1
339	NUEVO	INSTALADO	INSTALACION	Balancín instalado en L4-T32 (Secc:Sección 1)	2026-02-19 16:09:30.215677+00	BAL-10T-501C-050	1
340	NUEVO	INSTALADO	INSTALACION	Balancín instalado en L4-T34 (Secc:Sección 1)	2026-02-19 16:09:37.470456+00	BAL-10T-501C-051	1
341	NUEVO	INSTALADO	INSTALACION	Balancín instalado en L4-T34 (Secc:Sección 1)	2026-02-19 16:09:44.84376+00	BAL-10T-501C-052	1
342	NUEVO	INSTALADO	INSTALACION	Balancín instalado en L5-T12 (Secc:Sección 1)	2026-02-19 16:10:30.624309+00	BAL-10T-501C-053	1
343	NUEVO	INSTALADO	INSTALACION	Balancín instalado en L5-T12 (Secc:Sección 1)	2026-02-19 16:10:41.908367+00	BAL-10T-501C-054	1
344	NUEVO	INSTALADO	INSTALACION	Balancín instalado en L5-T15 (Secc:Sección 1)	2026-02-19 16:11:01.720062+00	BAL-10T-501C-055	1
345	NUEVO	INSTALADO	INSTALACION	Balancín instalado en L5-T15 (Secc:Sección 1)	2026-02-19 16:11:12.28798+00	BAL-10T-501C-056	1
346	NUEVO	INSTALADO	INSTALACION	Balancín instalado en L5-T16 (Secc:Sección 1)	2026-02-19 16:12:27.999597+00	BAL-10T-501C-057	1
347	NUEVO	INSTALADO	INSTALACION	Balancín instalado en L5-T16 (Secc:Sección 1)	2026-02-19 16:12:38.618697+00	BAL-10T-501C-058	1
348	NUEVO	INSTALADO	INSTALACION	Balancín instalado en L5-T19 (Secc:Sección 1)	2026-02-20 16:52:48.149645+00	BAL-10T-501C-059	1
349	NUEVO	INSTALADO	INSTALACION	Balancín instalado en L5-T19 (Secc:Sección 1)	2026-02-20 16:53:04.639073+00	BAL-10T-501C-060	1
350	NUEVO	INSTALADO	INSTALACION	Balancín instalado en L5-T20B (Secc:Sección 1)	2026-02-20 16:53:14.333152+00	BAL-10T-501C-061	1
351	NUEVO	INSTALADO	INSTALACION	Balancín instalado en L5-T20B (Secc:Sección 1)	2026-02-20 16:53:23.783108+00	BAL-10T-501C-062	1
352	NUEVO	INSTALADO	INSTALACION	Balancín instalado en L5-T21A (Secc:Sección 1)	2026-02-20 16:53:33.349561+00	BAL-10T-501C-063	1
353	NUEVO	INSTALADO	INSTALACION	Balancín instalado en L5-T21A (Secc:Sección 1)	2026-02-20 16:53:42.18037+00	BAL-10T-501C-064	1
354	NUEVO	INSTALADO	INSTALACION	Balancín instalado en L6-T12A (Secc:Sección 1)	2026-02-20 16:53:56.657544+00	BAL-10T-501C-065	1
355	NUEVO	INSTALADO	INSTALACION	Balancín instalado en L6-T12A (Secc:Sección 1)	2026-02-20 16:54:12.646043+00	BAL-10T-501C-066	1
356	NUEVO	INSTALADO	INSTALACION	Balancín instalado en L6-T12B (Secc:Sección 1)	2026-02-20 16:54:36.273666+00	BAL-10T-501C-067	1
357	NUEVO	INSTALADO	INSTALACION	Balancín instalado en L6-T12B (Secc:Sección 1)	2026-02-20 16:54:43.0053+00	BAL-10T-501C-068	1
358	NUEVO	INSTALADO	INSTALACION	Balancín instalado en L6-T15 (Secc:Sección 1)	2026-02-20 16:55:40.663798+00	BAL-10T-501C-069	1
359	NUEVO	INSTALADO	INSTALACION	Balancín instalado en L6-T15 (Secc:Sección 1)	2026-02-20 16:55:46.595036+00	BAL-10T-501C-070	1
360	NUEVO	INSTALADO	INSTALACION	Balancín instalado en L6-T19 (Secc:Sección 1)	2026-02-20 16:55:53.272182+00	BAL-10T-501C-071	1
361	NUEVO	INSTALADO	INSTALACION	Balancín instalado en L6-T24 (Secc:Sección 1)	2026-02-20 16:56:00.460041+00	BAL-10T-501C-072	1
362	NUEVO	INSTALADO	INSTALACION	Balancín instalado en L6-T19 (Secc:Sección 1)	2026-02-20 16:56:14.290517+00	BAL-10T-501C-073	1
363	NUEVO	INSTALADO	INSTALACION	Balancín instalado en L6-T20 (Secc:Sección 1)	2026-02-20 16:56:20.292301+00	BAL-10T-501C-074	1
364	NUEVO	INSTALADO	INSTALACION	Balancín instalado en L6-T20 (Secc:Sección 1)	2026-02-20 16:56:29.682243+00	BAL-10T-501C-075	1
365	NUEVO	INSTALADO	INSTALACION	Balancín instalado en L6-T24 (Secc:Sección 1)	2026-02-20 16:56:49.609023+00	BAL-10T-501C-076	1
366	NUEVO	INSTALADO	INSTALACION	Balancín instalado en L6-T28 (Secc:Sección 1)	2026-02-20 16:56:56.307559+00	BAL-10T-501C-077	1
367	NUEVO	INSTALADO	INSTALACION	Balancín instalado en L6-T28 (Secc:Sección 1)	2026-02-20 16:57:08.311165+00	BAL-10T-501C-078	1
368	NUEVO	INSTALADO	INSTALACION	Balancín instalado en L7-T3 (Secc:Sección 1)	2026-02-20 16:57:34.083+00	BAL-10T-501C-079	1
369	NUEVO	INSTALADO	INSTALACION	Balancín instalado en L7-T3 (Secc:Sección 1)	2026-02-20 16:57:42.841204+00	BAL-10T-501C-080	1
370	NUEVO	INSTALADO	INSTALACION	Balancín instalado en L7-T4 (Secc:Sección 1)	2026-02-20 16:57:56.299126+00	BAL-10T-501C-081	1
371	NUEVO	INSTALADO	INSTALACION	Balancín instalado en L7-T4 (Secc:Sección 1)	2026-02-20 16:58:11.217874+00	BAL-10T-501C-082	1
372	NUEVO	INSTALADO	INSTALACION	Balancín instalado en L7-T6 (Secc:Sección 1)	2026-02-20 16:58:24.943588+00	BAL-10T-501C-083	1
373	NUEVO	INSTALADO	INSTALACION	Balancín instalado en L7-T6 (Secc:Sección 1)	2026-02-20 16:58:34.468759+00	BAL-10T-501C-084	1
374	NUEVO	INSTALADO	INSTALACION	Balancín instalado en L7-T12 (Secc:Sección 1)	2026-02-20 16:58:53.301215+00	BAL-10T-501C-085	1
375	NUEVO	INSTALADO	INSTALACION	Balancín instalado en L7-T12 (Secc:Sección 1)	2026-02-20 16:59:02.121599+00	BAL-10T-501C-086	1
376	NUEVO	INSTALADO	INSTALACION	Balancín instalado en L7-T13 (Secc:Sección 1)	2026-02-20 16:59:23.051248+00	BAL-10T-501C-087	1
377	NUEVO	INSTALADO	INSTALACION	Balancín instalado en L7-T13 (Secc:Sección 1)	2026-02-20 16:59:32.141506+00	BAL-10T-501C-088	1
378	NUEVO	INSTALADO	INSTALACION	Balancín instalado en L7-T23 (Secc:Sección 1)	2026-02-20 16:59:41.803639+00	BAL-10T-501C-089	1
379	NUEVO	INSTALADO	INSTALACION	Balancín instalado en L7-T23 (Secc:Sección 1)	2026-02-20 16:59:52.3065+00	BAL-10T-501C-090	1
380	NUEVO	INSTALADO	INSTALACION	Balancín instalado en L8-T3A (Secc:Sección 2)	2026-02-20 17:04:18.092961+00	BAL-10T-501C-091	1
381	NUEVO	INSTALADO	INSTALACION	Balancín instalado en L8-T3A (Secc:Sección 2)	2026-02-20 17:04:26.744725+00	BAL-10T-501C-092	1
382	NUEVO	INSTALADO	INSTALACION	Balancín instalado en L8-T4 (Secc:Sección 2)	2026-02-20 17:04:41.717731+00	BAL-10T-501C-093	1
383	NUEVO	INSTALADO	INSTALACION	Balancín instalado en L8-T4 (Secc:Sección 2)	2026-02-20 17:04:54.411641+00	BAL-10T-501C-094	1
384	NUEVO	INSTALADO	INSTALACION	Balancín instalado en L8-T12 (Secc:Sección 2)	2026-02-20 17:05:09.14352+00	BAL-10T-501C-095	1
385	NUEVO	INSTALADO	INSTALACION	Balancín instalado en L8-T12 (Secc:Sección 2)	2026-02-20 17:05:21.069284+00	BAL-10T-501C-096	1
386	NUEVO	INSTALADO	INSTALACION	Balancín instalado en L8-T13B (Secc:Sección 2)	2026-02-20 17:05:35.67115+00	BAL-10T-501C-097	1
387	NUEVO	INSTALADO	INSTALACION	Balancín instalado en L8-T13B (Secc:Sección 2)	2026-02-20 17:05:51.193431+00	BAL-10T-501C-098	1
388	NUEVO	INSTALADO	INSTALACION	Balancín instalado en L8-T4 (Secc:Sección 1)	2026-02-20 17:07:14.92491+00	BAL-10T-501C-099	1
389	NUEVO	INSTALADO	INSTALACION	Balancín instalado en L8-T4 (Secc:Sección 1)	2026-02-20 17:07:24.430715+00	BAL-10T-501C-100	1
390	NUEVO	INSTALADO	INSTALACION	Balancín instalado en L8-T12 (Secc:Sección 1)	2026-02-20 17:07:36.604671+00	BAL-10T-501C-101	1
391	NUEVO	INSTALADO	INSTALACION	Balancín instalado en L8-T12 (Secc:Sección 1)	2026-02-20 17:07:46.093232+00	BAL-10T-501C-102	1
392	NUEVO	INSTALADO	INSTALACION	Balancín instalado en L8-T13 (Secc:Sección 1)	2026-02-20 17:08:55.064819+00	BAL-10T-501C-103	1
393	NUEVO	INSTALADO	INSTALACION	Balancín instalado en L8-T13 (Secc:Sección 1)	2026-02-20 17:09:04.504736+00	BAL-10T-501C-104	1
394	NUEVO	INSTALADO	INSTALACION	Balancín instalado en L8-T14A (Secc:Sección 1)	2026-02-20 17:09:13.167959+00	BAL-10T-501C-105	1
395	NUEVO	INSTALADO	INSTALACION	Balancín instalado en L8-T14B (Secc:Sección 1)	2026-02-20 17:09:24.892264+00	BAL-10T-501C-106	1
396	NUEVO	INSTALADO	INSTALACION	Balancín instalado en L8-T14A (Secc:Sección 1)	2026-02-20 17:09:33.747482+00	BAL-10T-501C-107	1
397	NUEVO	INSTALADO	INSTALACION	Balancín instalado en L8-T14B (Secc:Sección 1)	2026-02-20 17:09:41.597564+00	BAL-10T-501C-108	1
398	NUEVO	INSTALADO	INSTALACION	Balancín instalado en L9-T2 (Secc:Sección 1)	2026-02-20 17:10:35.13691+00	BAL-10T-501C-109	1
399	NUEVO	INSTALADO	INSTALACION	Balancín instalado en L9-T3B (Secc:Sección 1)	2026-02-20 17:10:47.553171+00	BAL-10T-501C-110	1
400	NUEVO	INSTALADO	INSTALACION	Balancín instalado en L9-T2 (Secc:Sección 1)	2026-02-20 17:11:11.583025+00	BAL-10T-501C-111	1
401	NUEVO	INSTALADO	INSTALACION	Balancín instalado en L9-T3B (Secc:Sección 1)	2026-02-20 17:11:21.846178+00	BAL-10T-501C-112	1
402	NUEVO	INSTALADO	INSTALACION	Balancín instalado en L10-T10 (Secc:Sección 1)	2026-02-20 17:11:37.907451+00	BAL-10T-501C-113	1
403	NUEVO	INSTALADO	INSTALACION	Balancín instalado en L10-T2 (Secc:Sección 1)	2026-02-20 17:11:44.607483+00	BAL-10T-501C-114	1
404	NUEVO	INSTALADO	INSTALACION	Balancín instalado en L10-T5 (Secc:Sección 1)	2026-02-20 17:11:51.732585+00	BAL-10T-501C-115	1
405	NUEVO	INSTALADO	INSTALACION	Balancín instalado en L10-T6 (Secc:Sección 1)	2026-02-20 17:11:58.802189+00	BAL-10T-501C-116	1
406	NUEVO	INSTALADO	INSTALACION	Balancín instalado en L10-T10 (Secc:Sección 1)	2026-02-20 17:12:06.986197+00	BAL-10T-501C-117	1
407	NUEVO	INSTALADO	INSTALACION	Balancín instalado en L10-T2 (Secc:Sección 1)	2026-02-20 17:14:44.478497+00	BAL-10T-501C-118	1
408	NUEVO	INSTALADO	INSTALACION	Balancín instalado en L10-T5 (Secc:Sección 1)	2026-02-20 17:14:50.006717+00	BAL-10T-501C-119	1
409	NUEVO	INSTALADO	INSTALACION	Balancín instalado en L10-T6 (Secc:Sección 1)	2026-02-20 17:14:55.688436+00	BAL-10T-501C-120	1
410	NUEVO	INSTALADO	INSTALACION	Balancín instalado en L1-T17 (Secc:Sección 1)	2026-02-20 17:16:30.410633+00	BAL-12T-501C-003	1
411	NUEVO	INSTALADO	INSTALACION	Balancín instalado en L1-T18 (Secc:Sección 1)	2026-02-20 17:16:34.649757+00	BAL-12T-501C-004	1
412	NUEVO	INSTALADO	INSTALACION	Balancín instalado en L1-T18 (Secc:Sección 1)	2026-02-20 17:16:39.639887+00	BAL-12T-501C-005	1
413	NUEVO	INSTALADO	INSTALACION	Balancín instalado en L1-T17 (Secc:Sección 1)	2026-02-20 17:16:45.62499+00	BAL-12T-501C-006	1
414	NUEVO	INSTALADO	INSTALACION	Balancín instalado en L1-T7B (Secc:Sección 1)	2026-02-20 17:17:22.224988+00	BAL-12T-501C-007	1
415	NUEVO	INSTALADO	INSTALACION	Balancín instalado en L1-T7B (Secc:Sección 1)	2026-02-20 17:17:32.029501+00	BAL-12T-501C-008	1
416	NUEVO	INSTALADO	INSTALACION	Balancín instalado en L2-T6 (Secc:Sección 1)	2026-02-20 17:17:52.633316+00	BAL-12T-501C-009	1
417	NUEVO	INSTALADO	INSTALACION	Balancín instalado en L2-T15 (Secc:Sección 1)	2026-02-20 17:17:56.541317+00	BAL-12T-501C-010	1
418	NUEVO	INSTALADO	INSTALACION	Balancín instalado en L2-T16 (Secc:Sección 1)	2026-02-20 17:18:00.030052+00	BAL-12T-501C-011	1
419	NUEVO	INSTALADO	INSTALACION	Balancín instalado en L2-T19 (Secc:Sección 1)	2026-02-20 17:18:03.77407+00	BAL-12T-501C-012	1
420	NUEVO	INSTALADO	INSTALACION	Balancín instalado en L2-T9 (Secc:Sección 1)	2026-02-20 17:18:08.040015+00	BAL-12T-501C-013	1
421	NUEVO	INSTALADO	INSTALACION	Balancín instalado en L2-T15 (Secc:Sección 1)	2026-02-20 17:18:12.040817+00	BAL-12T-501C-014	1
422	NUEVO	INSTALADO	INSTALACION	Balancín instalado en L2-T16 (Secc:Sección 1)	2026-02-20 17:18:15.874987+00	BAL-12T-501C-015	1
423	NUEVO	INSTALADO	INSTALACION	Balancín instalado en L2-T19 (Secc:Sección 1)	2026-02-20 17:18:20.293929+00	BAL-12T-501C-016	1
424	NUEVO	INSTALADO	INSTALACION	Balancín instalado en L2-T6 (Secc:Sección 1)	2026-02-20 17:18:24.614318+00	BAL-12T-501C-017	1
425	NUEVO	INSTALADO	INSTALACION	Balancín instalado en L2-T9 (Secc:Sección 1)	2026-02-20 17:18:28.966095+00	BAL-12T-501C-018	1
426	NUEVO	INSTALADO	INSTALACION	Balancín instalado en L3-T11 (Secc:Sección 1)	2026-02-20 17:43:22.008001+00	BAL-12T-501C-019	4
427	NUEVO	INSTALADO	INSTALACION	Balancín instalado en L3-T14 (Secc:Sección 1)	2026-02-20 17:43:26.801034+00	BAL-12T-501C-020	4
428	NUEVO	INSTALADO	INSTALACION	Balancín instalado en L3-T16 (Secc:Sección 1)	2026-02-20 17:43:35.19141+00	BAL-12T-501C-021	4
429	NUEVO	INSTALADO	INSTALACION	Balancín instalado en L3-T17A (Secc:Sección 1)	2026-02-20 17:43:39.77528+00	BAL-12T-501C-022	4
430	NUEVO	INSTALADO	INSTALACION	Balancín instalado en L3-T18 (Secc:Sección 1)	2026-02-20 17:44:10.638986+00	BAL-12T-501C-023	4
431	NUEVO	INSTALADO	INSTALACION	Balancín instalado en L3-T22 (Secc:Sección 1)	2026-02-20 17:44:14.670793+00	BAL-12T-501C-024	4
432	NUEVO	INSTALADO	INSTALACION	Balancín instalado en L3-T23 (Secc:Sección 1)	2026-02-20 17:44:20.107193+00	BAL-12T-501C-025	4
433	NUEVO	INSTALADO	INSTALACION	Balancín instalado en L3-T24A (Secc:Sección 1)	2026-02-20 17:44:26.374803+00	BAL-12T-501C-026	4
434	NUEVO	INSTALADO	INSTALACION	Balancín instalado en L3-T4 (Secc:Sección 1)	2026-02-20 17:44:31.644452+00	BAL-12T-501C-027	4
435	NUEVO	INSTALADO	INSTALACION	Balancín instalado en L3-T5 (Secc:Sección 1)	2026-02-20 17:44:36.597886+00	BAL-12T-501C-028	4
436	NUEVO	INSTALADO	INSTALACION	Balancín instalado en L3-T6A (Secc:Sección 1)	2026-02-20 17:44:42.043134+00	BAL-12T-501C-029	4
437	NUEVO	INSTALADO	INSTALACION	Balancín instalado en L3-T6B (Secc:Sección 1)	2026-02-20 17:44:47.688563+00	BAL-12T-501C-030	4
438	NUEVO	INSTALADO	INSTALACION	Balancín instalado en L3-T7 (Secc:Sección 1)	2026-02-20 17:44:53.018773+00	BAL-12T-501C-031	4
439	NUEVO	INSTALADO	INSTALACION	Balancín instalado en L3-T11 (Secc:Sección 1)	2026-02-20 17:44:59.639902+00	BAL-12T-501C-032	4
440	NUEVO	INSTALADO	INSTALACION	Balancín instalado en L3-T14 (Secc:Sección 1)	2026-02-20 17:45:07.153017+00	BAL-12T-501C-033	4
441	NUEVO	INSTALADO	INSTALACION	Balancín instalado en L3-T16 (Secc:Sección 1)	2026-02-20 17:45:13.190689+00	BAL-12T-501C-034	4
442	NUEVO	INSTALADO	INSTALACION	Balancín instalado en L3-T17A (Secc:Sección 1)	2026-02-20 17:45:20.453109+00	BAL-12T-501C-035	4
443	NUEVO	INSTALADO	INSTALACION	Balancín instalado en L3-T18 (Secc:Sección 1)	2026-02-20 17:45:26.449147+00	BAL-12T-501C-036	4
444	NUEVO	INSTALADO	INSTALACION	Balancín instalado en L3-T22 (Secc:Sección 1)	2026-02-20 17:46:25.721439+00	BAL-12T-501C-037	4
445	NUEVO	INSTALADO	INSTALACION	Balancín instalado en L3-T23 (Secc:Sección 1)	2026-02-20 17:46:31.567181+00	BAL-12T-501C-038	4
446	NUEVO	INSTALADO	INSTALACION	Balancín instalado en L3-T24A (Secc:Sección 1)	2026-02-20 17:46:37.778297+00	BAL-12T-501C-039	4
447	NUEVO	INSTALADO	INSTALACION	Balancín instalado en L3-T4 (Secc:Sección 1)	2026-02-20 17:46:45.354653+00	BAL-12T-501C-040	4
448	NUEVO	INSTALADO	INSTALACION	Balancín instalado en L3-T5 (Secc:Sección 1)	2026-02-20 17:46:53.509655+00	BAL-12T-501C-041	4
449	NUEVO	INSTALADO	INSTALACION	Balancín instalado en L3-T6A (Secc:Sección 1)	2026-02-20 17:46:59.665004+00	BAL-12T-501C-042	4
450	NUEVO	INSTALADO	INSTALACION	Balancín instalado en L3-T6B (Secc:Sección 1)	2026-02-20 17:47:04.61753+00	BAL-12T-501C-043	4
451	NUEVO	INSTALADO	INSTALACION	Balancín instalado en L3-T7 (Secc:Sección 1)	2026-02-20 17:47:09.817879+00	BAL-12T-501C-044	4
452	NUEVO	INSTALADO	INSTALACION	Balancín instalado en L4-T29 (Secc:Sección 1)	2026-02-20 17:49:17.087069+00	BAL-12T-501C-045	4
453	NUEVO	INSTALADO	INSTALACION	Balancín instalado en L4-T35 (Secc:Sección 1)	2026-02-20 17:49:22.71933+00	BAL-12T-501C-046	4
454	NUEVO	INSTALADO	INSTALACION	Balancín instalado en L4-T36 (Secc:Sección 1)	2026-02-20 17:49:28.037497+00	BAL-12T-501C-047	4
455	NUEVO	INSTALADO	INSTALACION	Balancín instalado en L4-T4 (Secc:Sección 1)	2026-02-20 17:49:33.037065+00	BAL-12T-501C-048	4
456	NUEVO	INSTALADO	INSTALACION	Balancín instalado en L4-T29 (Secc:Sección 1)	2026-02-20 17:49:39.541795+00	BAL-12T-501C-049	4
457	NUEVO	INSTALADO	INSTALACION	Balancín instalado en L4-T35 (Secc:Sección 1)	2026-02-20 17:49:45.265575+00	BAL-12T-501C-050	4
458	NUEVO	INSTALADO	INSTALACION	Balancín instalado en L4-T36 (Secc:Sección 1)	2026-02-20 17:49:51.047142+00	BAL-12T-501C-051	4
459	NUEVO	INSTALADO	INSTALACION	Balancín instalado en L4-T4 (Secc:Sección 1)	2026-02-20 17:49:56.933191+00	BAL-12T-501C-052	4
460	NUEVO	INSTALADO	INSTALACION	Balancín instalado en L5-T2 (Secc:Sección 1)	2026-02-20 17:50:11.388897+00	BAL-12T-501C-053	4
461	NUEVO	INSTALADO	INSTALACION	Balancín instalado en L5-T23 (Secc:Sección 1)	2026-02-20 17:50:19.840956+00	BAL-12T-501C-054	4
462	NUEVO	INSTALADO	INSTALACION	Balancín instalado en L5-T6 (Secc:Sección 1)	2026-02-20 17:50:26.060155+00	BAL-12T-501C-055	4
463	NUEVO	INSTALADO	INSTALACION	Balancín instalado en L5-T2 (Secc:Sección 1)	2026-02-20 17:50:34.257111+00	BAL-12T-501C-056	4
464	NUEVO	INSTALADO	INSTALACION	Balancín instalado en L5-T23 (Secc:Sección 1)	2026-02-20 17:50:42.511994+00	BAL-12T-501C-057	4
465	NUEVO	INSTALADO	INSTALACION	Balancín instalado en L5-T6 (Secc:Sección 1)	2026-02-20 17:50:53.324295+00	BAL-12T-501C-058	4
466	NUEVO	INSTALADO	INSTALACION	Balancín instalado en L7-T10 (Secc:Sección 1)	2026-02-20 17:51:03.291573+00	BAL-12T-501C-059	4
467	NUEVO	INSTALADO	INSTALACION	Balancín instalado en L7-T20 (Secc:Sección 1)	2026-02-20 17:51:09.289903+00	BAL-12T-501C-060	4
468	NUEVO	INSTALADO	INSTALACION	Balancín instalado en L7-T5 (Secc:Sección 1)	2026-02-20 17:51:16.044162+00	BAL-12T-501C-061	4
469	NUEVO	INSTALADO	INSTALACION	Balancín instalado en L7-T7 (Secc:Sección 1)	2026-02-20 17:51:23.099293+00	BAL-12T-501C-062	4
470	NUEVO	INSTALADO	INSTALACION	Balancín instalado en L7-T10 (Secc:Sección 1)	2026-02-20 17:51:31.591132+00	BAL-12T-501C-063	4
471	NUEVO	INSTALADO	INSTALACION	Balancín instalado en L7-T20 (Secc:Sección 1)	2026-02-20 17:51:37.807671+00	BAL-12T-501C-064	4
472	NUEVO	INSTALADO	INSTALACION	Balancín instalado en L7-T5 (Secc:Sección 1)	2026-02-20 17:51:43.888126+00	BAL-12T-501C-065	4
473	NUEVO	INSTALADO	INSTALACION	Balancín instalado en L7-T7 (Secc:Sección 1)	2026-02-20 17:51:54.580906+00	BAL-12T-501C-066	4
474	NUEVO	INSTALADO	INSTALACION	Balancín instalado en L8-T13A (Secc:Sección 2)	2026-02-20 17:52:21.436608+00	BAL-12T-501C-067	4
475	NUEVO	INSTALADO	INSTALACION	Balancín instalado en L8-T16 (Secc:Sección 2)	2026-02-20 17:52:28.744691+00	BAL-12T-501C-068	4
476	NUEVO	INSTALADO	INSTALACION	Balancín instalado en L8-T17 (Secc:Sección 1)	2026-02-20 17:52:48.078184+00	BAL-12T-501C-069	4
477	NUEVO	INSTALADO	INSTALACION	Balancín instalado en L8-T3 (Secc:Sección 1)	2026-02-20 17:52:54.998849+00	BAL-12T-501C-070	4
478	NUEVO	INSTALADO	INSTALACION	Balancín instalado en L8-T3B (Secc:Sección 2)	2026-02-20 17:53:03.023214+00	BAL-12T-501C-071	4
479	NUEVO	INSTALADO	INSTALACION	Balancín instalado en L8-T9 (Secc:Sección 2)	2026-02-20 17:53:10.606606+00	BAL-12T-501C-072	4
480	NUEVO	INSTALADO	INSTALACION	Balancín instalado en L8-T13A (Secc:Sección 2)	2026-02-20 17:53:51.079601+00	BAL-12T-501C-073	4
481	NUEVO	INSTALADO	INSTALACION	Balancín instalado en L8-T16 (Secc:Sección 2)	2026-02-20 17:54:22.190914+00	BAL-12T-501C-074	4
482	NUEVO	INSTALADO	INSTALACION	Balancín instalado en L8-T17 (Secc:Sección 1)	2026-02-20 17:54:28.282486+00	BAL-12T-501C-075	4
483	NUEVO	INSTALADO	INSTALACION	Balancín instalado en L6-T11 (Secc:Sección 1)	2026-02-20 17:54:34.493893+00	BAL-12T-501C-076	4
484	NUEVO	INSTALADO	INSTALACION	Balancín instalado en L8-T3 (Secc:Sección 1)	2026-02-20 17:54:41.192201+00	BAL-12T-501C-077	4
485	NUEVO	INSTALADO	INSTALACION	Balancín instalado en L8-T3B (Secc:Sección 2)	2026-02-20 17:54:49.514309+00	BAL-12T-501C-078	4
486	NUEVO	INSTALADO	INSTALACION	Balancín instalado en L8-T9 (Secc:Sección 2)	2026-02-20 17:54:57.629668+00	BAL-12T-501C-079	4
487	NUEVO	INSTALADO	INSTALACION	Balancín instalado en L9-T6 (Secc:Sección 1)	2026-02-20 17:55:36.562491+00	BAL-12T-501C-080	4
488	NUEVO	INSTALADO	INSTALACION	Balancín instalado en L9-T6 (Secc:Sección 1)	2026-02-20 17:55:46.83806+00	BAL-12T-501C-081	4
489	NUEVO	INSTALADO	INSTALACION	Balancín instalado en L6-T11 (Secc:Sección 1)	2026-02-20 17:57:11.903201+00	BAL-12T-501C-082	4
490	NUEVO	INSTALADO	INSTALACION	Balancín instalado en L6-T32 (Secc:Sección 1)	2026-02-20 17:57:18.270297+00	BAL-12T-501C-083	4
491	NUEVO	INSTALADO	INSTALACION	Balancín instalado en L6-T32 (Secc:Sección 1)	2026-02-20 17:57:26.408826+00	BAL-12T-501C-084	4
492	NUEVO	INSTALADO	INSTALACION	Balancín instalado en L6-T33 (Secc:Sección 1)	2026-02-20 17:57:40.493133+00	BAL-12T-501C-085	4
493	NUEVO	INSTALADO	INSTALACION	Balancín instalado en L6-T33 (Secc:Sección 1)	2026-02-20 17:57:52.951344+00	BAL-12T-501C-086	4
494	NUEVO	INSTALADO	INSTALACION	Balancín instalado en L10-T20 (Secc:Sección 1)	2026-02-20 17:58:02.252443+00	BAL-12T-501C-087	4
495	NUEVO	INSTALADO	INSTALACION	Balancín instalado en L10-T3 (Secc:Sección 1)	2026-02-20 17:58:11.317164+00	BAL-12T-501C-088	4
496	NUEVO	INSTALADO	INSTALACION	Balancín instalado en L10-T20 (Secc:Sección 1)	2026-02-20 17:58:25.396295+00	BAL-12T-501C-089	4
497	NUEVO	INSTALADO	INSTALACION	Balancín instalado en L10-T3 (Secc:Sección 1)	2026-02-20 17:58:36.011926+00	BAL-12T-501C-090	4
498	NUEVO	INSTALADO	INSTALACION	Balancín instalado en L6-T23 (Secc:Sección 1)	2026-02-20 17:59:50.676025+00	BAL-8T-501C-079	4
499	NUEVO	INSTALADO	INSTALACION	Balancín instalado en L6-T23 (Secc:Sección 1)	2026-02-20 17:59:58.420813+00	BAL-8T-501C-080	4
500	NUEVO	INSTALADO	INSTALACION	Balancín instalado en L6-T29 (Secc:Sección 1)	2026-02-20 18:00:05.194975+00	BAL-8T-501C-081	4
501	NUEVO	INSTALADO	INSTALACION	Balancín instalado en L6-T29 (Secc:Sección 1)	2026-02-20 18:00:11.796537+00	BAL-8T-501C-082	4
502	NUEVO	INSTALADO	INSTALACION	Balancín instalado en L6-T30 (Secc:Sección 1)	2026-02-20 18:00:18.518618+00	BAL-8T-501C-083	4
503	NUEVO	INSTALADO	INSTALACION	Balancín instalado en L6-T30 (Secc:Sección 1)	2026-02-20 18:00:25.630194+00	BAL-8T-501C-084	4
504	NUEVO	INSTALADO	INSTALACION	Balancín instalado en L6-T31 (Secc:Sección 1)	2026-02-20 18:00:30.828426+00	BAL-8T-501C-085	4
505	NUEVO	INSTALADO	INSTALACION	Balancín instalado en L6-T31 (Secc:Sección 1)	2026-02-20 18:00:39.126827+00	BAL-8T-501C-086	4
506	NUEVO	INSTALADO	INSTALACION	Balancín instalado en L9-T5 (Secc:Sección 1)	2026-02-20 18:02:53.880088+00	BAL-8T-501C-087	4
507	NUEVO	INSTALADO	INSTALACION	Balancín instalado en L9-T5 (Secc:Sección 1)	2026-02-20 18:03:03.140437+00	BAL-8T-501C-088	4
508	NUEVO	INSTALADO	INSTALACION	Balancín instalado en L7-T14 (Secc:Sección 1)	2026-02-20 18:03:10.651344+00	BAL-8T-501C-089	4
509	NUEVO	INSTALADO	INSTALACION	Balancín instalado en L7-T15 (Secc:Sección 1)	2026-02-20 18:03:17.688395+00	BAL-8T-501C-090	4
510	NUEVO	INSTALADO	INSTALACION	Balancín instalado en L7-T21 (Secc:Sección 1)	2026-02-20 18:03:27.241547+00	BAL-8T-501C-091	4
511	NUEVO	INSTALADO	INSTALACION	Balancín instalado en L7-T22 (Secc:Sección 1)	2026-02-20 18:03:35.043584+00	BAL-8T-501C-092	4
512	NUEVO	INSTALADO	INSTALACION	Balancín instalado en L7-T24 (Secc:Sección 1)	2026-02-20 18:03:42.38231+00	BAL-8T-501C-093	4
513	NUEVO	INSTALADO	INSTALACION	Balancín instalado en L7-T25A (Secc:Sección 1)	2026-02-20 18:05:03.711098+00	BAL-8T-501C-094	4
514	NUEVO	INSTALADO	INSTALACION	Balancín instalado en L7-T25B (Secc:Sección 1)	2026-02-20 18:05:11.566715+00	BAL-8T-501C-095	4
515	NUEVO	INSTALADO	INSTALACION	Balancín instalado en L7-T14 (Secc:Sección 1)	2026-02-20 18:05:21.690698+00	BAL-8T-501C-096	4
516	NUEVO	INSTALADO	INSTALACION	Balancín instalado en L7-T15 (Secc:Sección 1)	2026-02-20 18:07:52.925586+00	BAL-8T-501C-097	4
517	NUEVO	INSTALADO	INSTALACION	Balancín instalado en L7-T21 (Secc:Sección 1)	2026-02-20 18:09:05.518212+00	BAL-8T-501C-098	4
518	NUEVO	INSTALADO	INSTALACION	Balancín instalado en L7-T22 (Secc:Sección 1)	2026-02-20 18:09:11.868873+00	BAL-8T-501C-099	4
519	NUEVO	INSTALADO	INSTALACION	Balancín instalado en L7-T24 (Secc:Sección 1)	2026-02-20 18:09:17.92764+00	BAL-8T-501C-100	4
520	NUEVO	INSTALADO	INSTALACION	Balancín instalado en L8-T10 (Secc:Sección 1)	2026-02-20 18:09:26.07542+00	BAL-8T-501C-101	4
521	NUEVO	INSTALADO	INSTALACION	Balancín instalado en L7-T25A (Secc:Sección 1)	2026-02-20 18:09:32.509027+00	BAL-8T-501C-102	4
522	NUEVO	INSTALADO	INSTALACION	Balancín instalado en L7-T25B (Secc:Sección 1)	2026-02-20 18:09:37.878546+00	BAL-8T-501C-103	4
523	NUEVO	INSTALADO	INSTALACION	Balancín instalado en L8-T10 (Secc:Sección 1)	2026-02-20 18:09:46.852509+00	BAL-8T-501C-104	4
524	NUEVO	INSTALADO	INSTALACION	Balancín instalado en L8-T10 (Secc:Sección 2)	2026-02-20 18:09:53.075749+00	BAL-8T-501C-105	4
525	NUEVO	INSTALADO	INSTALACION	Balancín instalado en L8-T11 (Secc:Sección 1)	2026-02-20 18:09:59.990909+00	BAL-8T-501C-106	4
526	NUEVO	INSTALADO	INSTALACION	Balancín instalado en L8-T18 (Secc:Sección 1)	2026-02-20 18:12:27.010839+00	BAL-8T-501C-107	4
527	NUEVO	INSTALADO	INSTALACION	Balancín instalado en L8-T5 (Secc:Sección 2)	2026-02-20 18:13:03.539966+00	BAL-8T-501C-108	4
528	NUEVO	INSTALADO	INSTALACION	Balancín instalado en L8-T5 (Secc:Sección 1)	2026-02-20 18:13:12.762815+00	BAL-8T-501C-109	4
529	NUEVO	INSTALADO	INSTALACION	Balancín instalado en L8-T7 (Secc:Sección 2)	2026-02-20 18:13:38.119514+00	BAL-8T-501C-110	4
530	NUEVO	INSTALADO	INSTALACION	Balancín instalado en L8-T10 (Secc:Sección 2)	2026-02-20 18:13:46.855281+00	BAL-8T-501C-111	4
531	NUEVO	INSTALADO	INSTALACION	Balancín instalado en L8-T11 (Secc:Sección 1)	2026-02-20 18:13:55.414595+00	BAL-8T-501C-112	4
532	NUEVO	INSTALADO	INSTALACION	Balancín instalado en L8-T18 (Secc:Sección 1)	2026-02-20 18:15:56.217826+00	BAL-8T-501C-113	4
533	NUEVO	INSTALADO	INSTALACION	Balancín instalado en L8-T5 (Secc:Sección 2)	2026-02-20 18:16:04.591273+00	BAL-8T-501C-114	4
534	NUEVO	INSTALADO	INSTALACION	Balancín instalado en L8-T5 (Secc:Sección 1)	2026-02-20 18:16:11.602397+00	BAL-8T-501C-115	4
535	NUEVO	INSTALADO	INSTALACION	Balancín instalado en L8-T7 (Secc:Sección 2)	2026-02-20 18:16:19.848831+00	BAL-8T-501C-116	4
536	NUEVO	INSTALADO	INSTALACION	Balancín instalado en L10-T15 (Secc:Sección 1)	2026-02-20 18:16:32.123282+00	BAL-8T-501C-117	4
537	NUEVO	INSTALADO	INSTALACION	Balancín instalado en L10-T16 (Secc:Sección 1)	2026-02-20 18:16:42.045025+00	BAL-8T-501C-118	4
538	NUEVO	INSTALADO	INSTALACION	Balancín instalado en L10-T18 (Secc:Sección 1)	2026-02-20 18:16:51.496022+00	BAL-8T-501C-119	4
539	NUEVO	INSTALADO	INSTALACION	Balancín instalado en L10-T8 (Secc:Sección 1)	2026-02-20 18:16:59.214222+00	BAL-8T-501C-120	4
540	NUEVO	INSTALADO	INSTALACION	Balancín instalado en L10-T19 (Secc:Sección 1)	2026-02-20 18:17:06.115032+00	BAL-8T-501C-121	4
541	NUEVO	INSTALADO	INSTALACION	Balancín instalado en L10-T4 (Secc:Sección 1)	2026-02-20 18:17:12.317636+00	BAL-8T-501C-122	4
542	NUEVO	INSTALADO	INSTALACION	Balancín instalado en L10-T9 (Secc:Sección 1)	2026-02-20 18:17:17.346158+00	BAL-8T-501C-123	4
543	NUEVO	INSTALADO	INSTALACION	Balancín instalado en L10-T15 (Secc:Sección 1)	2026-02-20 18:17:25.682296+00	BAL-8T-501C-124	4
544	NUEVO	INSTALADO	INSTALACION	Balancín instalado en L10-T16 (Secc:Sección 1)	2026-02-20 18:17:32.096498+00	BAL-8T-501C-125	4
545	NUEVO	INSTALADO	INSTALACION	Balancín instalado en L10-T18 (Secc:Sección 1)	2026-02-20 18:17:37.415293+00	BAL-8T-501C-126	4
546	NUEVO	INSTALADO	INSTALACION	Balancín instalado en L10-T19 (Secc:Sección 1)	2026-02-20 18:17:42.435231+00	BAL-8T-501C-127	4
547	NUEVO	INSTALADO	INSTALACION	Balancín instalado en L10-T4 (Secc:Sección 1)	2026-02-20 18:20:14.455617+00	BAL-8T-501C-128	4
548	NUEVO	INSTALADO	INSTALACION	Balancín instalado en L10-T8 (Secc:Sección 1)	2026-02-20 18:20:20.290331+00	BAL-8T-501C-129	4
549	NUEVO	INSTALADO	INSTALACION	Balancín instalado en L10-T9 (Secc:Sección 1)	2026-02-20 18:20:25.863673+00	BAL-8T-501C-130	4
\.


--
-- Data for Name: app_historialrepuesto; Type: TABLE DATA; Schema: public; Owner: proyecto_user
--

COPY public.app_historialrepuesto (id, tipo_movimiento, cantidad, stock_restante, observaciones, fecha_movimiento, repuesto_id) FROM stdin;
1	entrada	6	90	Entrada de 6 unidades. 	2026-02-04 19:09:10.490439+00	10000080
2	salida	6	84	Salida de 6 unidades. 	2026-02-04 19:09:22.368778+00	10000080
3	salida	5	1035	Salida de 5 unidades. 	2026-02-05 13:00:49.212944+00	10501989
4	entrada	4	88	Entrada de 4 unidades. 	2026-02-05 13:25:34.312641+00	10000080
5	salida	5	83	Salida de 5 unidades. 	2026-02-05 13:25:56.378389+00	10000080
6	entrada	1	84	Entrada de 1 unidades. 	2026-02-05 13:27:38.722567+00	10000080
7	salida	5	103	Salida de 5 unidades. 	2026-02-05 13:28:13.157547+00	10083913
8	salida	4	99	Salida de 4 unidades. 	2026-02-05 13:28:54.440364+00	10083913
9	entrada	5	104	Entrada de 5 unidades. 	2026-02-05 13:29:43.090305+00	10083913
10	entrada	10	94	Entrada de 10 unidades. 	2026-02-05 14:09:18.552452+00	10000080
11	salida	10	84	Salida de 10 unidades. 	2026-02-05 14:09:28.912987+00	10000080
12	entrada	6	60	Entrada de 6 unidades. 	2026-02-05 14:33:37.934369+00	10000082
13	salida	20	274	Salida de 20 unidades. 	2026-02-05 14:33:57.099923+00	10046154
14	salida	4	80	Salida de 4 unidades. 	2026-02-05 15:42:00.147038+00	10000080
15	entrada	4	84	Entrada de 4 unidades. 	2026-02-05 16:06:24.356017+00	10000080
16	entrada	450	510	Entrada de 450 unidades. 	2026-02-05 16:06:37.337692+00	10000082
17	salida	14	304	Salida de 14 unidades. 	2026-02-05 16:07:14.536725+00	10434107
18	entrada	6	90	Entrada de 6 unidades. 	2026-02-05 16:17:43.784874+00	10000080
19	salida	1	89	Salida de 1 unidades. 	2026-02-18 18:46:33.977371+00	10000080
20	salida	1	7	Salida por formulario TRM-FCRB-16N-4TR-420C-001	2026-02-25 17:27:27.421651+00	11430348
21	salida	1	9	Salida por formulario TRM-FCRB-16N-4TR-420C-001	2026-02-25 17:27:27.440461+00	10870719
22	salida	1	303	Salida por formulario TRM-FCRB-16N-4TR-420C-001	2026-02-25 17:27:27.450696+00	10434107
23	salida	1	302	Salida de 1 unidades. 	2026-02-25 17:32:20.752713+00	10434107
24	salida	1	6	Salida por formulario TRM-FCRB-16N-4TR-420C-002	2026-02-25 17:33:16.858289+00	11430348
25	salida	1	8	Salida por formulario TRM-FCRB-16N-4TR-420C-002	2026-02-25 17:33:16.870616+00	10870719
26	salida	1	301	Salida por formulario TRM-FCRB-16N-4TR-420C-002	2026-02-25 17:33:16.880576+00	10434107
\.


--
-- Data for Name: app_item_formulario_reacondicionamiento; Type: TABLE DATA; Schema: public; Owner: proyecto_user
--

COPY public.app_item_formulario_reacondicionamiento (id, id_original, descripcion, cantidad_requerida, cantidad_usada, fue_reemplazado, observaciones, stock_antes, stock_despues, configuracion_id, formulario_id, repuesto_id) FROM stdin;
1	11430348	TUBO DIST. DIÁ 35/25 L=140	1	1	t		8	7	5	TRM-FCRB-16N-4TR-420C-001	11430348
2	10870719	POLEA 420C LW 93 DIA.455	1	1	t		10	9	4	TRM-FCRB-16N-4TR-420C-001	10870719
3	10434107	GUARN.DE GOMA 420 422X 93/R34	1	1	t		304	303	2	TRM-FCRB-16N-4TR-420C-001	10434107
4	11430348	TUBO DIST. DIÁ 35/25 L=140	1	1	t		7	6	5	TRM-FCRB-16N-4TR-420C-002	11430348
5	10870719	POLEA 420C LW 93 DIA.455	1	1	t		9	8	4	TRM-FCRB-16N-4TR-420C-002	10870719
6	10434107	GUARN.DE GOMA 420 422X 93/R34	1	1	t		302	301	2	TRM-FCRB-16N-4TR-420C-002	10434107
\.


--
-- Data for Name: app_linea; Type: TABLE DATA; Schema: public; Owner: proyecto_user
--

COPY public.app_linea (id, nombre, descripcion, fecha_registro, color) FROM stdin;
1	ROJA	Línea Roja	2026-02-06 14:43:22.622716+00	danger
2	AMARILLA	Línea Amarilla	2026-02-06 14:43:22.622716+00	warning
3	VERDE	Línea Verde	2026-02-06 14:43:22.622716+00	success
4	AZUL	Línea Azul	2026-02-06 14:43:22.622716+00	primary
7	CELESTE	Línea Celeste	2026-02-06 14:43:22.622716+00	info
8	MORADA	Línea Morada	2026-02-06 14:43:22.622716+00	purple
9	CAFÉ	Línea Café	2026-02-06 14:43:22.622716+00	brown
10	PLATEADA	Línea Plateada	2026-02-06 14:43:22.622716+00	secondary
5	NARANJA	Línea Naranja	2026-02-06 14:43:22.622716+00	orange
6	BLANCA	Línea Blanca	2026-02-06 14:43:22.622716+00	white-custom
\.


--
-- Data for Name: app_registroactividad; Type: TABLE DATA; Schema: public; Owner: proyecto_user
--

COPY public.app_registroactividad (id, accion, fecha, detalles, usuario_id) FROM stdin;
\.


--
-- Data for Name: app_repuestoadicional; Type: TABLE DATA; Schema: public; Owner: proyecto_user
--

COPY public.app_repuestoadicional (item, descripcion, cantidad, fecha_ingreso, fecha_ultimo_movimiento, fecha_ultima_salida, ubicacion, observaciones) FROM stdin;
10000409	CIRCLIP INTER. DIN 472 110X4	30	2026-02-04 18:10:43.165319+00	2026-02-04 18:10:43.165319+00	\N	Almacén Principal	Importado desde lista inicial
10871377	LAMINILLA EMPAQUE.Z212F 60X110	100	2026-02-04 18:10:43.165319+00	2026-02-04 18:10:43.165319+00	\N	Almacén Principal	Importado desde lista inicial
10693756	ARAND.DIST.DIA.90 / 60,5 E=4,0	30	2026-02-04 18:10:43.165319+00	2026-02-04 18:10:43.165319+00	\N	Almacén Principal	Importado desde lista inicial
10006287	RES.C. A=1,00/DIA.7,0/LSC=20,0	30	2026-02-04 18:10:43.165319+00	2026-02-04 18:10:43.165319+00	\N	Almacén Principal	Importado desde lista inicial
10752990	NIPLE DE ENGR.M10X1 H1 RESORTE	30	2026-02-04 18:10:43.165319+00	2026-02-04 18:10:43.165319+00	\N	Almacén Principal	Importado desde lista inicial
10693755	ARAND.DIST.DIA.90 / 60,5 E=1,0	30	2026-02-04 18:10:43.165319+00	2026-02-04 18:10:43.165319+00	\N	Almacén Principal	Importado desde lista inicial
10834216	ANILLO DIST. DIÁ.68/50 E=23,5	30	2026-02-04 18:10:43.165319+00	2026-02-04 18:10:43.165319+00	\N	Almacén Principal	Importado desde lista inicial
11424994	ARANDELA DIN 7349-31 300HSFG	30	2026-02-04 18:10:43.165319+00	2026-02-04 18:10:43.165319+00	\N	Almacén Principal	Importado desde lista inicial
10000343	ANILLO RETEN. DIN 471 100X3	30	2026-02-04 18:10:43.165319+00	2026-02-04 18:10:43.165319+00	\N	Almacén Principal	Importado desde lista inicial
10538144	ARAND.DIST. DIÁ.120/86 E=1,5 A	30	2026-02-04 18:10:43.165319+00	2026-02-04 18:10:43.165319+00	\N	Almacén Principal	Importado desde lista inicial
10000400	CIRCLIP INTER. DIN 472 80X2,5	30	2026-02-04 18:10:43.165319+00	2026-02-04 18:10:43.165319+00	\N	Almacén Principal	Importado desde lista inicial
10873673	ARANDELA ISO 7089 M20 300HV, F	30	2026-02-04 18:10:43.165319+00	2026-02-04 18:10:43.165319+00	\N	Almacén Principal	Importado desde lista inicial
11430348	TUBO DIST. DIÁ 35/25 L=140, TU	40	2026-02-04 18:10:43.165319+00	2026-02-04 18:10:43.165319+00	\N	Almacén Principal	Importado desde lista inicial
10167525	CASQUILLO DISTANC. 34/25 L= 45	30	2026-02-04 18:10:43.165319+00	2026-02-04 18:10:43.165319+00	\N	Almacén Principal	Importado desde lista inicial
10096801	ANILLO MUELLE 194,8X 5,0	30	2026-02-04 18:10:43.165319+00	2026-02-04 18:10:43.165319+00	\N	Almacén Principal	Importado desde lista inicial
10075741	ARANDELA DIST. DIÁ.51,5/14 E=1	30	2026-02-04 18:10:43.165319+00	2026-02-04 18:10:43.165319+00	\N	Almacén Principal	Importado desde lista inicial
11185351	TORNILLO ISO 4017-8.8U M16X75	30	2026-02-04 18:10:43.165319+00	2026-02-04 18:10:43.165319+00	\N	Almacén Principal	Importado desde lista inicial
11136880	TUERCA HEXAG. ISO 4032-8 M16 G	30	2026-02-04 18:10:43.165319+00	2026-02-04 18:10:43.165319+00	\N	Almacén Principal	Importado desde lista inicial
10834428	ANILLO DIST. DIÁ.57/35 E=18,5	30	2026-02-04 18:10:43.165319+00	2026-02-04 18:10:43.165319+00	\N	Almacén Principal	Importado desde lista inicial
10871370	ARANDELA OBTURAD.-Z010F 50X 80	30	2026-02-04 18:10:43.165319+00	2026-02-04 18:10:43.165319+00	\N	Almacén Principal	Importado desde lista inicial
10000381	CIRCLIP INTER. DIN 472 52X2	30	2026-02-04 18:10:43.165319+00	2026-02-04 18:10:43.165319+00	\N	Almacén Principal	Importado desde lista inicial
10456246	SOPORTE DE EJE DIA 75	40	2026-02-04 18:10:43.165319+00	2026-02-04 18:10:43.165319+00	\N	Almacén Principal	Importado desde lista inicial
10456244	SOPORTE DE EJE P.DIA55 Y DIA75	40	2026-02-04 18:10:43.165319+00	2026-02-04 18:10:43.165319+00	\N	Almacén Principal	Importado desde lista inicial
10566988	ARAND.DIST. DIA.110/75,5 E=1,5	40	2026-02-04 18:10:43.165319+00	2026-02-04 18:10:43.165319+00	\N	Almacén Principal	Importado desde lista inicial
10870308	POLEA 501C CL.100 DIÁ.525	5	2026-02-04 18:10:43.165319+00	2026-02-04 18:10:43.165319+00	\N	Almacén Principal	Importado desde lista inicial
10302024	CABLE RPD 4 METTROS	2	2026-02-04 18:10:43.165319+00	2026-02-04 18:10:43.165319+00	\N	Almacén Principal	Importado desde lista inicial
10302026	CABLE RPD 6 METROS	2	2026-02-04 18:10:43.165319+00	2026-02-04 18:10:43.165319+00	\N	Almacén Principal	Importado desde lista inicial
10302028	CABLE RPD 8 METROS	2	2026-02-04 18:10:43.165319+00	2026-02-04 18:10:43.165319+00	\N	Almacén Principal	Importado desde lista inicial
10302030	CABLE RPD 10 METROS	2	2026-02-04 18:10:43.165319+00	2026-02-04 18:10:43.165319+00	\N	Almacén Principal	Importado desde lista inicial
10302032	CABLE RPD 12 METROS	2	2026-02-04 18:10:43.165319+00	2026-02-04 18:10:43.165319+00	\N	Almacén Principal	Importado desde lista inicial
11163460	CONECTOR ENCHUFE 2,5-6 MM	80	2026-02-04 18:10:43.165319+00	2026-02-04 18:10:43.165319+00	\N	Almacén Principal	Importado desde lista inicial
10006291	CONECTOR HEMBRA DIAMETRO 7 LONGITUD 38MM	100	2026-02-04 18:10:43.165319+00	2026-02-04 18:10:43.165319+00	\N	Almacén Principal	Importado desde lista inicial
10488001	CASQUILLO PM 9080	40	2026-02-04 18:10:43.165319+00	2026-02-04 18:10:43.165319+00	\N	Almacén Principal	Importado desde lista inicial
11805532	AMORTIGUADOR TORING 316975	10	2026-02-04 18:10:43.165319+00	2026-02-04 18:10:43.165319+00	\N	Almacén Principal	Importado desde lista inicial
10186109	CUERPO DE POLEA 501 400X130	2	2026-02-04 18:10:43.165319+00	2026-02-04 18:10:43.165319+00	\N	Almacén Principal	Importado desde lista inicial
10096799	ANILLO ELÁSTICO 393,5X 6,3	20	2026-02-04 18:10:43.165319+00	2026-02-04 18:10:43.165319+00	\N	Almacén Principal	Importado desde lista inicial
10946774	BALANCÍN DE 2 POL. TIPO C AC.6	4	2026-02-04 18:10:43.165319+00	2026-02-04 18:10:43.165319+00	\N	Almacén Principal	Importado desde lista inicial
10531093	BULÓN DIA. 20,0 LN 193 M16 P.B	20	2026-02-04 18:10:43.165319+00	2026-02-04 18:10:43.165319+00	\N	Almacén Principal	Importado desde lista inicial
11430340	TUBO DIST. DIÁ=30/20.2 L=126	20	2026-02-04 18:10:43.165319+00	2026-02-04 18:10:43.165319+00	\N	Almacén Principal	Importado desde lista inicial
10872696	ARANDELA DIN 7349-17 300HV, FL	20	2026-02-04 18:10:43.165319+00	2026-02-04 18:10:43.165319+00	\N	Almacén Principal	Importado desde lista inicial
10295381	RACOR DE ENGRASE H1 12X1 DIN71412 CÓNICO RECTO	50	2026-02-04 18:10:43.165319+00	2026-02-04 18:10:43.165319+00	\N	Almacén Principal	Importado desde lista inicial
10087005	TORNILLO DIN7984- 8.8 M12X 30	40	2026-02-04 18:10:43.165319+00	2026-02-04 18:10:43.165319+00	\N	Almacén Principal	Importado desde lista inicial
11430351	CASQUILLO DIST. DIÁ50/30 L=160	40	2026-02-04 18:10:43.165319+00	2026-02-04 18:10:43.165319+00	\N	Almacén Principal	Importado desde lista inicial
10688217	ARANDELA DIN 7349-25 300HV, FLZNNC-720H-L, REV.DE ZINC LAM	40	2026-02-04 18:10:43.165319+00	2026-02-04 18:10:43.165319+00	\N	Almacén Principal	Importado desde lista inicial
10000338	ANILLO RETEN. DIN 471 85X3,0	35	2026-02-04 18:10:43.165319+00	2026-02-05 13:52:43.877529+00	2026-02-04 19:13:16.54532+00	Almacén Principal	Importado desde lista inicial
10006352	AMORTIGUADOR TORING EM835002	10	2026-02-04 18:10:43.165319+00	2026-02-04 19:14:58.412134+00	2026-02-04 19:14:58.412039+00	Almacén Principal	Importado desde lista inicial
10000082	TUERCA HEX. DIN 985-8 M16 ELEC	15	2026-02-04 18:10:43.165319+00	2026-02-18 18:51:22.978422+00	2026-02-18 18:51:22.978377+00	Almacén Principal	Importado desde lista inicial
\.


--
-- Data for Name: app_repuestobalancin; Type: TABLE DATA; Schema: public; Owner: proyecto_user
--

COPY public.app_repuestobalancin (item, descripcion, cantidad, fecha_ingreso, fecha_ultimo_movimiento, fecha_ultima_salida, ubicacion, observaciones) FROM stdin;
11544869	EJE DIÁ85H8 LN=798 M16 AGP P. BAL. 4 POL. EN CONOSLA 501C	19	2026-02-04 18:08:52.05888+00	2026-02-04 18:08:52.05888+00	\N	Estante Ejes	
11544852	BULÓN DIÁ 60H8 NL=761 M30 P. CP 2P EN ARMAZÓN 6P 501C	50	2026-02-04 18:08:52.05888+00	2026-02-04 18:08:52.05888+00	\N	Estante Bulones	
11544933	BULÓN DIÁ 85H8 NL=684 M16 ROS P. CP 4P EN ARM. 6/8P 501C	86	2026-02-04 18:08:52.05888+00	2026-02-04 18:08:52.05888+00	\N	Estante Bulones	
11544948	EJE DIÁ85H8 LN=457 P. APOYO 6 U 8 POL. 501C	24	2026-02-04 18:08:52.05888+00	2026-02-04 18:08:52.05888+00	\N	Estante Ejes	
11544947	BULÓN DIÁ 85H8 LN=478 P. APOYO CP 6 Y 8 TIPO 501C	44	2026-02-04 18:08:52.05888+00	2026-02-04 18:08:52.05888+00	\N	Estante Bulones	
11544996	BULÓN DIÁ 100H8 LN 691 P. APOYO 10 Y 12 P. TIPO 501C	30	2026-02-04 18:08:52.05888+00	2026-02-04 18:08:52.05888+00	\N	Estante Bulones Grandes	
10083935	CASQUILLO PM 100115 DS TIPO KW SIN AGUJ.DE ENGRASE GLACIER	60	2026-02-04 18:08:52.05888+00	2026-02-04 18:08:52.05888+00	\N	Estante Casquillos	
11316799	TORNILLO ISO 4014- 8.8U M24X470	36	2026-02-04 18:08:52.05888+00	2026-02-04 18:08:52.05888+00	\N	Estante Tornillos Largos	
11136923	TUERCA HEXAG. ISO 4032-8 M24 GIC	72	2026-02-04 18:08:52.05888+00	2026-02-04 18:08:52.05888+00	\N	Estante Tuercas	
11185351	TORNILLO ISO 4017-8.8U M16X75 GIC TORN. HEXAG.	12	2026-02-04 18:08:52.05888+00	2026-02-04 18:08:52.05888+00	\N	Estante Tornillos	
11545062	BULÓN DIÁ 90H8 LN 441 420C SOPORTE 4P/4S EN ARMAZÓN 8P/8S	12	2026-02-04 18:08:52.05888+00	2026-02-04 18:08:52.05888+00	\N	Estante Bulones	
10539289	GUARN. GOMA C 258X69/R30/CONCAV.P.POL.SENSOR (RPD EN CP SUJ.)	0	2026-02-04 18:08:52.05888+00	2026-02-25 18:18:34.987871+00	\N	Por definir	Cargado desde Excel - GUARN. GOMA C 258X69/R30/CONCAV.P.POL.SENSOR (RPD 
11430347	TUBO DISTANCIADOR DIÁ.60/50,2	0	2026-02-04 18:08:52.05888+00	2026-02-25 18:18:34.260417+00	\N	Por definir	Cargado desde Excel - TUBO DISTANCIADOR DIÁ.60/50,2
10420185	ROD.RA.BOLAS  DIN 625/1- 6205-2RS-C3 LT VT210 (TTF 90% +/-5%)	0	2026-02-04 18:08:52.05888+00	2026-02-25 18:18:35.001356+00	\N	Por definir	Cargado desde Excel - ROD.RA.BOLAS  DIN 625/1- 6205-2RS-C3 LT VT210 (TTF
10501989	RRB DIN 625/1- 6310-2RS1-C3GLE	0	2026-02-04 18:08:52.05888+00	2026-02-25 18:18:34.180092+00	\N	Por definir	Cargado desde Excel - RRB DIN 625/1- 6310-2RS1-C3GLE
60876030		0	2026-02-25 18:18:33.58485+00	2026-02-25 18:18:34.31388+00	\N	Por definir	Cargado desde Excel - 
10456209	PERNO DIA.24,9 LN 192 M20	10	2026-02-04 18:08:52.05888+00	2026-02-25 18:45:27.576961+00	\N	Taller	Cargado manualmente
11545033	BULÓN DIÁ 75H8 LN 407 P. APOYO 6 Y 8 POL. TIPO 420C	0	2026-02-04 18:08:52.05888+00	2026-02-25 18:18:35.149446+00	\N	Por definir	Cargado desde Excel - BULÓN DIÁ 75H8 LN 407 P. APOYO 6 Y 8 POL. TIPO 420
11137005	TORNILLO DIN933-8.8U M12X45 GI	0	2026-02-04 18:08:52.05888+00	2026-02-25 18:18:33.889755+00	\N	Por definir	Cargado desde Excel - TORNILLO DIN933-8.8U M12X45 GI
11185338	TORNILLO M27X500	10	2026-02-04 18:08:52.05888+00	2026-02-25 18:45:27.974949+00	\N	Taller	Cargado manualmente
11185341	TORNILLO HEXAGONAL 8.8 M27X500MM	0	2026-02-04 18:08:52.05888+00	2026-02-25 18:18:33.283531+00	\N	Por definir	Cargado desde Excel - TORNILLO HEXAGONAL 8.8 M27X500MM
10482959	BULÓN DIA.50,0 LN 388 M30	0	2026-02-04 18:08:52.05888+00	2026-02-25 18:18:34.244838+00	\N	Por definir	Cargado desde Excel - BULÓN DIA.50,0 LN 388 M30
10252061	TUERCA AUTOFIJ. INLOC - 8 M24	0	2026-02-04 18:08:52.05888+00	2026-02-25 18:18:35.630365+00	\N	Por definir	Cargado desde Excel - TUERCA AUTOFIJ. INLOC - 8 M24
11136925	TUERCA HEXAGONAL M27	10	2026-02-04 18:08:52.05888+00	2026-02-25 18:45:27.981371+00	\N	Taller	Cargado manualmente
10000085	TUERCA HEXAG. DIN 985-8 M30 GA	0	2026-02-04 18:08:52.05888+00	2026-02-25 18:18:34.322087+00	\N	Por definir	Cargado desde Excel - TUERCA HEXAG. DIN 985-8 M30 GA
10494137	CASQUILLO PM 8580 DS GLACIER	0	2026-02-04 18:08:52.05888+00	2026-02-25 18:18:34.281181+00	\N	Por definir	Cargado desde Excel - CASQUILLO PM 8580 DS GLACIER
11430340	TUBO DIST. DIÁ=30/20.2 L=126,	10	2026-02-04 18:08:52.05888+00	2026-02-25 18:45:27.83628+00	\N	Taller	Cargado manualmente
11430217	BULÓN DIÁ 40H8 L=222, COJINETE	10	2026-02-04 18:08:52.05888+00	2026-02-25 18:45:27.853019+00	\N	Taller	Cargado manualmente
11136966	TORNILLO DIN931-8.8U M16X65, G	10	2026-02-04 18:08:52.05888+00	2026-02-25 18:45:27.919927+00	\N	Taller	Cargado manualmente
11430350	DI-RO DM 55 / 40,2 L=220	10	2026-02-04 18:08:52.05888+00	2026-02-25 18:45:27.796814+00	\N	Taller	Cargado manualmente
10535780	TORNILLO DIN7984-8.8 M12X20, T	10	2026-02-04 18:08:52.05888+00	2026-02-25 18:45:27.869481+00	\N	Taller	Cargado manualmente
11424367	ARANDELA M27	10	2026-02-04 18:08:52.05888+00	2026-02-25 18:45:27.99026+00	\N	Taller	Cargado manualmente
10083913	CASQUILLO PM 3030	10	2026-02-04 18:08:52.05888+00	2026-02-25 18:45:27.890576+00	\N	Taller	Cargado manualmente
10007419	TORNILLO TENSILOCK CL. 100 M16	10	2026-02-04 18:08:52.05888+00	2026-02-25 18:45:27.943225+00	\N	Taller	Cargado manualmente
10293344	PERNO DIA.29,9 L 225 M24	0	2026-02-04 18:08:52.05888+00	2026-02-25 18:18:35.617512+00	\N	Por definir	Cargado desde Excel - PERNO DIA.29,9 L 225 M24
10456214	BULÓN DIA.40,0 LN 347 M24	10	2026-02-04 18:08:52.05888+00	2026-02-25 18:45:27.790908+00	\N	Taller	Cargado manualmente
10004958	TORNILLO TENSILOCK CL. 90 M10X20	10	2026-02-04 18:08:52.05888+00	2026-02-25 18:45:27.861041+00	\N	Taller	Cargado manualmente
10000084	TUERCA HEXAG. DIN 985-8 M24 GA	10	2026-02-04 18:08:52.05888+00	2026-02-25 18:45:27.805471+00	\N	Taller	Cargado manualmente
11545032	EJE DIÁ75H8 LN 585 M16 AGP P. C. 4 POL. EN ARM 6/8 ARM. 420C	0	2026-02-04 18:08:52.05888+00	2026-02-25 18:18:35.120584+00	\N	Por definir	Cargado desde Excel - EJE DIÁ75H8 LN 585 M16 AGP P. C. 4 POL. EN ARM 6/8
11545040	EJE DIÁ90H8 LN 581 P. APOYO 10-16 POL. 420C	0	2026-02-04 18:08:52.05888+00	2026-02-25 18:18:35.171519+00	\N	Por definir	Cargado desde Excel - EJE DIÁ90H8 LN 581 P. APOYO 10-16 POL. 420C
11544995	EJE DIÁ55H8 LN 653 M24 P. C. DE 2 POL. EN ARM. 6 POL. 420C	0	2026-02-04 18:08:52.05888+00	2026-02-25 18:18:35.207142+00	\N	Por definir	Cargado desde Excel - EJE DIÁ55H8 LN 653 M24 P. C. DE 2 POL. EN ARM. 6 P
11136880	TUERCA HEXAG. ISO 4032-8 M16 GIC	0	2026-02-04 18:08:52.05888+00	2026-02-25 18:18:35.213301+00	\N	Por definir	Cargado desde Excel - TUERCA HEXAG. ISO 4032-8 M16 GIC
4032816		0	2026-02-25 18:18:35.218526+00	2026-02-25 18:18:35.218644+00	\N	Por definir	Cargado desde Excel - 
10487980	CASQUILLO PM 7580 DS	10	2026-02-04 18:08:52.05888+00	2026-02-25 18:45:27.959364+00	\N	Taller	Cargado manualmente
10531093	BULÓN DIA. 20,0 LN 193 M16 P.B	10	2026-02-04 18:08:52.05888+00	2026-02-25 18:45:27.827585+00	\N	Taller	Cargado manualmente
11545051	BULÓN DIÁ 55H8 LN 334 P. BRAZO GIRATORIO EN 4P/4S CP 420C	52	2026-02-04 18:08:52.05888+00	2026-02-04 18:08:52.05888+00	\N	Estante Bulones	
10245633	TORNILLO TENSILOCK CL.90 M16X2	208	2026-02-04 18:08:52.05888+00	2026-02-04 18:08:52.05888+00	\N	Estante Tornillos TENSILOCK	
10087005	TORNILLO DIN7984- 8.8 M12X 30	104	2026-02-04 18:08:52.05888+00	2026-02-04 18:08:52.05888+00	\N	Estante Tornillos	
11545052	EJE DIÁ.90H8 LN=541, P. APOYO P. CP 4P/4S TIPO 420C	1	2026-02-04 18:08:52.05888+00	2026-02-04 18:08:52.05888+00	\N	Estante Ejes Especiales	
10488001	CASQUILLO PM 9080 DS TIPO KW SIN AGUJERO DE ENGRASE GLACIER	26	2026-02-04 18:08:52.05888+00	2026-02-04 18:08:52.05888+00	\N	Estante Casquillos	
10501001		0	2026-02-25 18:14:41.260265+00	2026-02-25 18:18:33.960454+00	\N	Por definir	Cargado desde Excel - 
10186109	CUERPO DE POLEA 501 400X130	0	2026-02-20 14:34:08.391856+00	2026-02-20 14:34:08.391856+00	\N	Por Definir	
11413716	POLEA 501C CL.100 DIÁ.525 CON	0	2026-02-20 14:34:08.391856+00	2026-02-20 14:34:08.391856+00	\N	Por Definir	
10688081	SEGMENTO 2P 501C DP 690/DIA.525	0	2026-02-20 14:34:08.391856+00	2026-02-20 14:34:08.391856+00	\N	Por Definir	
10410177	ARO LATERAL D.525/400,5 E=18 R	0	2026-02-20 14:34:08.391856+00	2026-02-20 14:34:08.391856+00	\N	Por Definir	
10479547	BÁSCULA DE 4 POL.TIPO-501C GIC	0	2026-02-20 14:34:08.391856+00	2026-02-20 14:34:08.391856+00	\N	Por Definir	
10096799	ANILLO ELÁSTICO 393,5X 6,3	0	2026-02-20 14:34:08.391856+00	2026-02-20 14:34:08.391856+00	\N	Por Definir	
10482953	RECOGECABLE TIPO 501C / SOPORT	0	2026-02-20 14:34:08.391856+00	2026-02-20 14:34:08.391856+00	\N	Por Definir	
10518874	BALANCÍN 2 POL./501C/AC60/DEP=	0	2026-02-20 14:34:08.391856+00	2026-02-20 14:34:08.391856+00	\N	Por Definir	
10834216	ANILLO DIST. DIÁ.68/50 E=23,5	0	2026-02-20 14:34:08.391856+00	2026-02-20 14:34:08.391856+00	\N	Por Definir	
10693756	ARAND.DIST.DIA.90 / 60,5 E=4,0	0	2026-02-20 14:34:08.391856+00	2026-02-20 14:34:08.391856+00	\N	Por Definir	
10000409	CIRCLIP INTER. DIN 472 110X4	0	2026-02-20 14:34:08.391856+00	2026-02-20 14:34:08.391856+00	\N	Por Definir	
10871377	LAMINILLA EMPAQUE.Z212F 60X110	0	2026-02-20 14:34:08.391856+00	2026-02-20 14:34:08.391856+00	\N	Por Definir	
10483168	TOPE DE TORS. P.SEGM.DE 2 501C	0	2026-02-20 14:34:08.391856+00	2026-02-20 14:34:08.391856+00	\N	Por Definir	
10554018	TUBO GUÍA DEL CABLE L=125	0	2026-02-20 14:34:08.391856+00	2026-02-20 14:34:08.391856+00	\N	Por Definir	
10001861	TORNILLO ISO 4017-8.8 M8X25, T	0	2026-02-20 14:34:08.391856+00	2026-02-20 14:34:08.391856+00	\N	Por Definir	
10117783	ARANDELA DE PRESION SKM 8, FLZ	0	2026-02-20 14:34:08.391856+00	2026-02-20 14:34:08.391856+00	\N	Por Definir	
10693755	ARAND.DIST.DIA.90 / 60,5 E=1,0	0	2026-02-20 14:34:08.391856+00	2026-02-20 14:34:08.391856+00	\N	Por Definir	
10483370	PROT.CONTRA DESCARIL.INT.IZDA.	0	2026-02-20 14:34:08.391856+00	2026-02-20 14:34:08.391856+00	\N	Por Definir	
10483447	PROT.CONTRA DESCARIL.INT.DCHA.	0	2026-02-20 14:34:08.391856+00	2026-02-20 14:34:08.391856+00	\N	Por Definir	
10482310	BASTID.DE 8 CONJ.DE P.TIPO501C	0	2026-02-20 14:34:08.391856+00	2026-02-20 14:34:08.391856+00	\N	Por Definir	
10486195	CONS.SUSP.COMPL. 6P Y 8P 501C	0	2026-02-20 14:34:08.391856+00	2026-02-20 14:34:08.391856+00	\N	Por Definir	
10456441	PLACA RET. 115X20.0/16,5 DEA45	0	2026-02-20 14:34:08.391856+00	2026-02-20 14:34:08.391856+00	\N	Por Definir	
10486845	SOPORTE DE EJE P.DIA. 85	0	2026-02-20 14:34:08.391856+00	2026-02-20 14:34:08.391856+00	\N	Por Definir	
10000338	ANILLO RETEN. DIN 471 85X3,0	0	2026-02-20 14:34:08.391856+00	2026-02-20 14:34:08.391856+00	\N	Por Definir	
10519553	TOPE DE TORS.P.BÁSC.DE 4 501C	0	2026-02-20 14:34:08.391856+00	2026-02-20 14:34:08.391856+00	\N	Por Definir	
11185336	TORNILLO ISO 4014-8.8U M20X280	0	2026-02-20 14:34:08.391856+00	2026-02-20 14:34:08.391856+00	\N	Por Definir	
10268779	ARANDELA SEGUR. NORDLOCK NL20	0	2026-02-20 14:34:08.391856+00	2026-02-20 14:34:08.391856+00	\N	Por Definir	
10494750	SOPORTE DE EJE P.DIA. 85 - 100	0	2026-02-20 14:34:08.391856+00	2026-02-20 14:34:08.391856+00	\N	Por Definir	
10476627	CORCHETA PARA EL TRANSPORTE	0	2026-02-20 14:34:08.391856+00	2026-02-20 14:34:08.391856+00	\N	Por Definir	
11445821	PLACA ADH. "CE 16 0036" (TUEV	0	2026-02-20 14:34:08.391856+00	2026-02-20 14:34:08.391856+00	\N	Por Definir	
50038830		0	2026-02-25 18:18:33.209491+00	2026-02-25 18:18:34.25189+00	\N	Por definir	Cargado desde Excel - 
10510857	TORNILLO TENSILOCK CL.90 M16X35	10	2026-02-04 18:08:52.05888+00	2026-02-25 18:45:27.935037+00	\N	Taller	Cargado manualmente
4501001		0	2026-02-25 18:14:41.092383+00	2026-02-25 18:18:33.109928+00	\N	Por definir	Cargado desde Excel - 
5030160		0	2026-02-25 18:18:33.143897+00	2026-02-25 18:18:34.173979+00	\N	Por definir	Cargado desde Excel - 
10871605	ARANDELA ISO 7089 M24 300HV, F	0	2026-02-04 18:08:52.05888+00	2026-02-25 18:18:34.208399+00	\N	Por definir	Cargado desde Excel - ARANDELA ISO 7089 M24 300HV, F
10083926	CASQUILLO PM 6040 GLACIER DS  TIPO KW SIN AGUJERO DE ENGRASE	0	2026-02-04 18:08:52.05888+00	2026-02-25 18:18:34.231212+00	\N	Por definir	Cargado desde Excel - CASQUILLO PM 6040 GLACIER DS  TIPO KW SIN AGUJERO 
10688148	CONJ. DE 8 POLEAS PORT. RB- 8T TYPE 501C/AU/GK.60	0	2026-02-20 14:34:08.391856+00	2026-02-25 18:18:33.828202+00	\N	Por definir	Cargado desde Excel - CONJ. DE 8 POLEAS PORT. RB- 8T TYPE 501C/AU/GK.60
10688144	CONJ. DE 4 POLEAS PORT. RB- 4T TYPE 501C/AU/GK.60	0	2026-02-20 19:49:16.966613+00	2026-02-25 18:18:33.231367+00	\N	Por definir	Cargado desde Excel - CONJ. DE 4 POLEAS PORT. RB- 4T TYPE 501C/AU/GK.60
4450160		0	2026-02-25 18:18:33.236375+00	2026-02-25 18:18:33.236519+00	\N	Por definir	Cargado desde Excel - 
11430134	BULÓN DIÁ=85H8 L=797 M16 ARI P	0	2026-02-20 19:51:16.127563+00	2026-02-25 18:18:33.250117+00	\N	Por definir	Cargado desde Excel - BULÓN DIÁ=85H8 L=797 M16 ARI P
85879716		0	2026-02-25 18:18:33.25577+00	2026-02-25 18:18:33.255935+00	\N	Por definir	Cargado desde Excel - 
8827500		0	2026-02-25 18:18:33.289741+00	2026-02-25 18:18:33.289891+00	\N	Por definir	Cargado desde Excel - 
6501001		0	2026-02-25 18:14:41.140296+00	2026-02-25 18:18:33.343303+00	\N	Por definir	Cargado desde Excel - 
11430351	CASQUILLO DIST. DIÁ50/30 L=160	0	2026-02-20 14:34:08.391856+00	2026-02-25 18:18:34.168291+00	\N	Por definir	Cargado desde Excel - CASQUILLO DIST. DIÁ50/30 L=160
10688079	SEGMENTO 2P 501C DP690/DIA.525	0	2026-02-20 14:34:08.391856+00	2026-02-25 18:18:34.185976+00	\N	Por definir	Cargado desde Excel - SEGMENTO 2P 501C DP690/DIA.525
29922324		0	2026-02-25 18:18:33.167383+00	2026-02-25 18:18:34.201363+00	\N	Por definir	Cargado desde Excel - 
708924300		0	2026-02-25 18:18:33.178657+00	2026-02-25 18:18:34.216172+00	\N	Por definir	Cargado desde Excel - 
10688118	SEGMENTO 4P 501C DP690/DIÁ.525	0	2026-02-20 19:49:16.455053+00	2026-02-25 18:18:34.238054+00	\N	Por definir	Cargado desde Excel - SEGMENTO 4P 501C DP690/DIÁ.525
11430190	EJE DIÁ=60H8 L=760 M30, P. CP	0	2026-02-25 18:18:33.579745+00	2026-02-25 18:18:34.305374+00	\N	Por definir	Cargado desde Excel - EJE DIÁ=60H8 L=760 M30, P. CP
11430348	TUBO DIST. DIÁ 35/25 L=140, TU	10	2026-02-25 17:05:19.997413+00	2026-02-25 18:45:27.544268+00	2026-02-25 17:33:16.855633+00	Taller	Cargado manualmente
10688146	CONJ. DE 6 POLEAS PORT. RB- 6T TYPE 501C/AU/GK.60	0	2026-02-25 18:18:33.567045+00	2026-02-25 18:18:33.567148+00	\N	Por definir	Cargado desde Excel - CONJ. DE 6 POLEAS PORT. RB- 6T TYPE 501C/AU/GK.60
6650160		0	2026-02-25 18:18:33.573041+00	2026-02-25 18:18:33.573292+00	\N	Por definir	Cargado desde Excel - 
931881665		0	2026-02-25 18:18:33.273295+00	2026-02-25 18:18:33.866614+00	\N	Por definir	Cargado desde Excel - 
10000080	TUERCA HEXAGONAL DIN 985-8 M12	0	2026-02-04 18:08:52.05888+00	2026-02-25 18:18:33.899677+00	2026-02-18 18:46:33.970239+00	Por definir	Cargado desde Excel - TUERCA HEXAGONAL DIN 985-8 M12
10431740	GUARN.DE GOMA 501 485X100/R40	0	2026-02-04 18:08:52.05888+00	2026-02-25 18:18:34.162855+00	\N	Por definir	Cargado desde Excel - GUARN.DE GOMA 501 485X100/R40
12501001		0	2026-02-25 18:14:41.304147+00	2026-02-25 18:18:34.143176+00	\N	Por definir	Cargado desde Excel - 
501100525		0	2026-02-25 18:18:33.126184+00	2026-02-25 18:18:34.156305+00	\N	Por definir	Cargado desde Excel - 
8501001		0	2026-02-25 18:14:41.219345+00	2026-02-25 18:18:33.667309+00	\N	Por definir	Cargado desde Excel - 
11424994	ARANDELA DIN 7349-31 300HSFG,	0	2026-02-04 18:08:52.05888+00	2026-02-25 18:18:33.803503+00	\N	Por definir	Cargado desde Excel - ARANDELA DIN 7349-31 300HSFG,
734931300		0	2026-02-25 18:18:33.600296+00	2026-02-25 18:18:33.810743+00	\N	Por definir	Cargado desde Excel - 
8850160		0	2026-02-25 18:18:33.833038+00	2026-02-25 18:18:33.833185+00	\N	Por definir	Cargado desde Excel - 
11430183	BULÓN DIÁ=85H8 L=683 M16 ARI P	0	2026-02-25 18:18:33.850202+00	2026-02-25 18:18:33.850295+00	\N	Por definir	Cargado desde Excel - BULÓN DIÁ=85H8 L=683 M16 ARI P
85868316		0	2026-02-25 18:18:33.855443+00	2026-02-25 18:18:33.855663+00	\N	Por definir	Cargado desde Excel - 
11430189	BULÓN DIÁ=85H8 L=456, P. RODAM	0	2026-02-25 18:18:33.87909+00	2026-02-25 18:18:33.87925+00	\N	Por definir	Cargado desde Excel - BULÓN DIÁ=85H8 L=456, P. RODAM
933881245		0	2026-02-25 18:18:33.895109+00	2026-02-25 18:18:33.895203+00	\N	Por definir	Cargado desde Excel - 
10538144	ARAND.DIST. DIÁ.120/86 E=1,5 A	0	2026-02-20 14:34:08.391856+00	2026-02-25 18:18:33.90464+00	\N	Por definir	Cargado desde Excel - ARAND.DIST. DIÁ.120/86 E=1,5 A
1208615		0	2026-02-25 18:18:33.910756+00	2026-02-25 18:18:33.910897+00	\N	Por definir	Cargado desde Excel - 
10967011	SEGMENTO 2N 420C RA572/DM455	10	2026-02-25 18:18:34.512459+00	2026-02-25 18:45:27.564029+00	\N	Taller	Cargado manualmente
10688150	CONJ. DE 10 POLEAS PORT. RB- 10T TYPE 501C/AU/GK.60	0	2026-02-25 18:18:34.077927+00	2026-02-25 18:18:34.078027+00	\N	Por definir	Cargado desde Excel - CONJ. DE 10 POLEAS PORT. RB- 10T TYPE 501C/AU/GK.6
101050160		0	2026-02-25 18:18:34.083178+00	2026-02-25 18:18:34.083324+00	\N	Por definir	Cargado desde Excel - 
10870308	POLEA 501C CL.100 DIÁ.525	0	2026-02-20 14:34:08.391856+00	2026-02-25 18:18:34.149542+00	\N	Por definir	Cargado desde Excel - POLEA 501C CL.100 DIÁ.525
10688152	CONJ. DE 12 POLEAS PORT. RB- 12T TYPE 501C/AU/GK.60	0	2026-02-25 18:18:34.289522+00	2026-02-25 18:18:34.289766+00	\N	Por definir	Cargado desde Excel - CONJ. DE 12 POLEAS PORT. RB- 12T TYPE 501C/AU/GK.6
121250160		0	2026-02-25 18:18:34.298333+00	2026-02-25 18:18:34.298556+00	\N	Por definir	Cargado desde Excel - 
84420001		0	2026-02-25 18:18:34.39942+00	2026-02-25 18:18:34.399533+00	\N	Por definir	Cargado desde Excel - 
10000400	CIRCLIP INTER. DIN 472 80X2,5	0	2026-02-25 18:18:34.477458+00	2026-02-25 18:18:34.788494+00	\N	Por definir	Cargado desde Excel - CIRCLIP INTER. DIN 472 80X2,5
104420001		0	2026-02-25 18:18:34.571655+00	2026-02-25 18:18:34.571896+00	\N	Por definir	Cargado desde Excel - 
4728025		0	2026-02-25 18:18:34.48442+00	2026-02-25 18:18:34.795373+00	\N	Por definir	Cargado desde Excel - 
10465474	CUERPO DE POLEA 420C 330X120	0	2026-02-25 18:18:34.415981+00	2026-02-25 18:18:34.594938+00	\N	Por definir	Cargado desde Excel - CUERPO DE POLEA 420C 330X120
420330120		0	2026-02-25 18:18:34.42086+00	2026-02-25 18:18:34.599989+00	\N	Por definir	Cargado desde Excel - 
10456706	ARO LATER. DIA455/330,5 S=17 R	0	2026-02-25 18:18:34.428295+00	2026-02-25 18:18:34.60638+00	\N	Por definir	Cargado desde Excel - ARO LATER. DIA455/330,5 S=17 R
455330517		0	2026-02-25 18:18:34.434449+00	2026-02-25 18:18:34.614316+00	\N	Por definir	Cargado desde Excel - 
10149393	ANILLO ELÁSTICO 323,8X 6,0	0	2026-02-25 18:18:34.441669+00	2026-02-25 18:18:34.621701+00	\N	Por definir	Cargado desde Excel - ANILLO ELÁSTICO 323,8X 6,0
10967012	SEGM. DE 2S 420C DP572/DIÁ455 C	0	2026-02-25 18:18:34.83+00	2026-02-25 18:18:35.580098+00	\N	Por definir	Cargado desde Excel - SEGM. DE 2S 420C DP572/DIÁ455 C
20019316		0	2026-02-25 18:18:35.060635+00	2026-02-25 18:18:35.060747+00	\N	Por definir	Cargado desde Excel - 
30202126		0	2026-02-25 18:18:35.070245+00	2026-02-25 18:18:35.070367+00	\N	Por definir	Cargado desde Excel - 
10834428	ANILLO DIST. DIÁ.57/35 E=18,5	0	2026-02-25 18:18:34.49194+00	2026-02-25 18:18:34.66819+00	\N	Por definir	Cargado desde Excel - ANILLO DIST. DIÁ.57/35 E=18,5
5735185		0	2026-02-25 18:18:34.497335+00	2026-02-25 18:18:34.676674+00	\N	Por definir	Cargado desde Excel - 
10871370	ARANDELA OBTURAD.-Z010F 50X 80	0	2026-02-25 18:18:34.501787+00	2026-02-25 18:18:34.682548+00	\N	Por definir	Cargado desde Excel - ARANDELA OBTURAD.-Z010F 50X 80
0105080		0	2026-02-25 18:18:34.506988+00	2026-02-25 18:18:34.688826+00	\N	Por definir	Cargado desde Excel - 
10288696	BULÓN DIA.24,9 LN 148 M20	10	2026-02-04 18:08:52.05888+00	2026-02-25 18:45:27.811568+00	\N	Taller	Cargado manualmente
11413499	POLEA 420C CL93 DIÁ455 CON LAM	0	2026-02-25 18:18:34.517376+00	2026-02-25 18:18:34.703613+00	\N	Por definir	Cargado desde Excel - POLEA 420C CL93 DIÁ455 CON LAM
124420001		0	2026-02-25 18:18:34.756693+00	2026-02-25 18:18:34.756908+00	\N	Por definir	Cargado desde Excel - 
3525140		0	2026-02-25 18:18:34.462605+00	2026-02-25 18:18:35.567686+00	\N	Por definir	Cargado desde Excel - 
10539609	POLEA SENSOR C CL 64 DIA265	0	2026-02-25 18:18:34.800964+00	2026-02-25 18:18:34.801487+00	\N	Por definir	Cargado desde Excel - POLEA SENSOR C CL 64 DIA265
24914820		0	2026-02-25 18:18:34.904235+00	2026-02-25 18:18:34.904426+00	\N	Por definir	Cargado desde Excel - 
144420001		0	2026-02-25 18:18:34.966603+00	2026-02-25 18:18:34.966766+00	\N	Por definir	Cargado desde Excel - 
2586930		0	2026-02-25 18:18:34.815053+00	2026-02-25 18:18:34.995482+00	\N	Por definir	Cargado desde Excel - 
11137015	TORNILLO ISO 4017-8.8 M16X45 G	10	2026-02-04 18:08:52.05888+00	2026-02-25 18:45:27.645407+00	\N	Taller	Cargado manualmente
10046154	ARANDELA SEGUR. NORDLOCK NL16	10	2026-02-04 18:08:52.05888+00	2026-02-25 18:45:27.652653+00	\N	Taller	Cargado manualmente
1001640		0	2026-02-25 18:18:33.845023+00	2026-02-25 18:18:35.144123+00	\N	Por definir	Cargado desde Excel - 
10004961	TORNILLO TENSILOCK CL. 100 M12X30 T. DIENTES DE PARADA RLZ	0	2026-02-04 18:08:52.05888+00	2026-02-25 18:18:35.161701+00	\N	Por definir	Cargado desde Excel - TORNILLO TENSILOCK CL. 100 M12X30 T. DIENTES DE PA
1001230		0	2026-02-25 18:18:35.166413+00	2026-02-25 18:18:35.166735+00	\N	Por definir	Cargado desde Excel - 
4032827		0	2026-02-25 18:18:35.188572+00	2026-02-25 18:18:35.188747+00	\N	Por definir	Cargado desde Excel - 
10262938	ARANDELA SEGUR. NORDLOCK NL12	10	2026-02-04 18:08:52.05888+00	2026-02-25 18:45:27.876569+00	\N	Taller	Cargado manualmente
10501992	RRB DIN 625/1- 6307-2RS1-C3GLE	10	2026-02-04 18:08:52.05888+00	2026-02-25 18:45:27.555457+00	\N	Taller	Cargado manualmente
40034724		0	2026-02-25 18:18:34.872796+00	2026-02-25 18:18:35.391395+00	\N	Por definir	Cargado desde Excel - 
55402220		0	2026-02-25 18:18:34.884632+00	2026-02-25 18:18:35.403596+00	\N	Por definir	Cargado desde Excel - 
11383870	4N/TR-SEG. 420C RA572/DM455	10	2026-02-25 18:18:34.861318+00	2026-02-25 18:45:27.665602+00	\N	Taller	Cargado manualmente
10796747	TUERCA AUTOFIJ. INLOC - 8 M20	10	2026-02-04 18:08:52.05888+00	2026-02-25 18:45:27.819361+00	\N	Taller	Cargado manualmente
42093455		0	2026-02-25 18:18:34.411012+00	2026-02-25 18:18:35.551625+00	\N	Por definir	Cargado desde Excel - 
24919220		0	2026-02-25 18:18:34.844+00	2026-02-25 18:18:35.59167+00	\N	Por definir	Cargado desde Excel - 
10183056	CASQUILLO PM 5540	0	2026-02-04 18:08:52.05888+00	2026-02-25 18:18:35.635541+00	\N	Por definir	Cargado desde Excel - CASQUILLO PM 5540
10000082	TUERCA HEX. DIN 985-8 M16 ELEC	10	2026-02-04 18:08:52.05888+00	2026-02-25 18:45:27.84433+00	\N	Taller	Cargado manualmente
10389587	CASQUILLO PM 4040	10	2026-02-04 18:08:52.05888+00	2026-02-25 18:45:27.897342+00	\N	Taller	Cargado manualmente
10083934	CASQUILLO PM 90100 DS     GLACIER	0	2026-02-25 18:18:35.225595+00	2026-02-25 18:18:35.225865+00	\N	Por definir	Cargado desde Excel - CASQUILLO PM 90100 DS     GLACIER
164420001		0	2026-02-25 18:18:35.271073+00	2026-02-25 18:18:35.271273+00	\N	Por definir	Cargado desde Excel - 
708920300		0	2026-02-25 18:18:35.34845+00	2026-02-25 18:18:35.348682+00	\N	Por definir	Cargado desde Excel - 
44420001		0	2026-02-25 18:18:35.540663+00	2026-02-25 18:18:35.540789+00	\N	Por definir	Cargado desde Excel - 
10967000	SEGMENTO 2P 501C DP 690/DIA.525	0	2026-02-25 18:18:35.612213+00	2026-02-25 18:18:35.612341+00	\N	Por definir	Cargado desde Excel - SEGMENTO 2P 501C DP 690/DIA.525
29922524		0	2026-02-25 18:18:35.624276+00	2026-02-25 18:18:35.624407+00	\N	Por definir	Cargado desde Excel - 
10870719	POLEA 420C LW 93 DIA.455	10	2026-02-25 17:05:07.095661+00	2026-02-25 18:45:27.511035+00	2026-02-25 17:33:16.868801+00	Taller	Cargado manualmente
10434107	GUARN.DE GOMA 420 422X 93/R34	10	2026-02-04 18:08:52.05888+00	2026-02-25 18:45:27.534308+00	2026-02-25 17:33:16.877539+00	Taller	Cargado manualmente
10873673	ARANDELA ISO 7089 M20 300HV, F	10	2026-02-25 18:18:35.337225+00	2026-02-25 18:45:27.587498+00	\N	Taller	Cargado manualmente
10946704	BÁSCULA 2P/420C/AC.110/DP572/S	10	2026-02-25 18:18:35.364218+00	2026-02-25 18:45:27.604329+00	\N	Taller	Cargado manualmente
10967061	SEGMENTO 4N 420C RA572/DM455	10	2026-02-25 18:18:35.377635+00	2026-02-25 18:45:27.619044+00	\N	Taller	Cargado manualmente
11383873	4N/TR-SEG. 420C RA572/DM455	10	2026-02-25 18:45:27.781015+00	2026-02-25 18:45:27.781194+00	\N	Taller	Cargado manualmente
11436868	RB-16N/4TR 420CL/AU/GK.110	10	2026-02-25 18:45:27.905795+00	2026-02-25 18:45:27.905895+00	\N	Taller	Cargado manualmente
11430201	EJE DIÁ 75H8 L=584 M16 AGP P.B	10	2026-02-25 18:45:27.912291+00	2026-02-25 18:45:27.912436+00	\N	Taller	Cargado manualmente
11430202	BULÓN DIÁ 75H8 L=406, P. RADAM	10	2026-02-25 18:45:27.927223+00	2026-02-25 18:45:27.927399+00	\N	Taller	Cargado manualmente
11430191	EJE DIÁ 90H8 L=580 P. APOYO DE	10	2026-02-25 18:45:27.950878+00	2026-02-25 18:45:27.951095+00	\N	Taller	Cargado manualmente
10083434	CASQUILLO PM 90100	10	2026-02-25 18:45:27.96546+00	2026-02-25 18:45:27.965583+00	\N	Taller	Cargado manualmente
\.


--
-- Data for Name: app_seccion; Type: TABLE DATA; Schema: public; Owner: proyecto_user
--

COPY public.app_seccion (id, nombre) FROM stdin;
1	Sección 1
2	Sección 2
\.


--
-- Data for Name: app_tipobalancin; Type: TABLE DATA; Schema: public; Owner: proyecto_user
--

COPY public.app_tipobalancin (codigo, tipo, cantidad_total, fecha_registro, fecha_actualizacion) FROM stdin;
4T-501C	soporte	2	2026-02-04 17:54:06.137933+00	2026-02-04 17:54:06.13795+00
6T-501C	soporte	40	2026-02-04 17:54:06.142959+00	2026-02-04 17:54:06.142979+00
8T-501C	soporte	129	2026-02-04 17:54:06.146719+00	2026-02-04 17:54:06.146739+00
10T-501C	soporte	120	2026-02-04 17:54:06.151809+00	2026-02-04 17:54:06.15183+00
12T-501C	soporte	89	2026-02-04 17:54:06.155639+00	2026-02-04 17:54:06.155651+00
8N/4TR-420C	compresion	8	2026-02-04 17:54:06.158739+00	2026-02-04 17:54:06.158752+00
10N/4TR-420C	compresion	16	2026-02-04 17:54:06.162334+00	2026-02-04 17:54:06.162351+00
12N/4TR-420C	compresion	36	2026-02-04 17:54:06.166955+00	2026-02-04 17:54:06.166979+00
14N/4TR-420C	compresion	20	2026-02-04 17:54:06.170512+00	2026-02-04 17:54:06.170526+00
16N/4TR-420C	compresion	36	2026-02-04 17:54:06.173958+00	2026-02-04 17:54:06.173971+00
4T/4N-420C	combinados	8	2026-02-04 17:54:06.176762+00	2026-02-04 17:54:06.176781+00
8T/8N-420C	combinados	38	2026-02-04 17:54:06.180737+00	2026-02-04 17:54:06.180832+00
8N-4TR-420C	soporte	0	2026-02-25 18:18:34.394174+00	2026-02-25 18:18:34.394193+00
10N-4TR-420C	soporte	0	2026-02-25 18:18:34.566386+00	2026-02-25 18:18:34.5664+00
12N-4TR-420C	soporte	0	2026-02-25 18:18:34.751372+00	2026-02-25 18:18:34.751383+00
14N-4TR-420C	soporte	0	2026-02-25 18:18:34.961986+00	2026-02-25 18:18:34.961998+00
16N-4TR-420C	soporte	0	2026-02-25 18:18:35.26682+00	2026-02-25 18:18:35.26683+00
4T-4N-420C	soporte	0	2026-02-25 18:18:35.535839+00	2026-02-25 18:18:35.535858+00
\.


--
-- Data for Name: app_torre; Type: TABLE DATA; Schema: public; Owner: proyecto_user
--

COPY public.app_torre (id, linea_id, seccion_id, numero_torre, tipo_balancin_ascendente, tipo_balancin_descendente, observaciones, fecha_registro) FROM stdin;
1	1	1	1	16N/4TR-420C	16N/4TR-420C	\N	2026-02-11 14:24:58.613154+00
2	1	1	2	6T-501C	6T-501C	\N	2026-02-11 14:24:58.613154+00
3	1	1	3	10T-501C	10T-501C	\N	2026-02-11 14:24:58.613154+00
4	1	1	4	8T-501C	8T-501C	\N	2026-02-11 14:24:58.613154+00
5	1	1	5	8T-501C	8T-501C	\N	2026-02-11 14:24:58.613154+00
6	1	1	6A	8T-501C	8T-501C	\N	2026-02-11 14:24:58.613154+00
7	1	1	6B	10T-501C	10T-501C	\N	2026-02-11 14:24:58.613154+00
8	1	1	7A	12T-501C	12T-501C	\N	2026-02-11 14:24:58.613154+00
9	1	1	7B	12T-501C	12T-501C	\N	2026-02-11 14:24:58.613154+00
10	1	1	8	12N/4TR-420C	12N/4TR-420C	\N	2026-02-11 14:24:58.613154+00
11	1	1	9	10N/4TR-420C	10N/4TR-420C	\N	2026-02-11 14:24:58.613154+00
12	1	1	10	16N/4TR-420C	16N/4TR-420C	\N	2026-02-11 14:24:58.613154+00
13	1	1	11	16N/4TR-420C	16N/4TR-420C	\N	2026-02-11 14:24:58.613154+00
14	1	1	12A	8T-501C	8T-501C	\N	2026-02-11 14:24:58.613154+00
15	1	1	12B	8T-501C	8T-501C	\N	2026-02-11 14:24:58.613154+00
16	1	1	13	10T-501C	10T-501C	\N	2026-02-11 14:24:58.613154+00
17	1	1	14	8T/8N-420C	8T/8N-420C	\N	2026-02-11 14:24:58.613154+00
18	1	1	15	8T/8N-420C	8T/8N-420C	\N	2026-02-11 14:24:58.613154+00
19	1	1	16	8T/8N-420C	8T/8N-420C	\N	2026-02-11 14:24:58.613154+00
20	1	1	17	12T-501C	12T-501C	\N	2026-02-11 14:24:58.613154+00
21	1	1	18	12T-501C	12T-501C	\N	2026-02-11 14:24:58.613154+00
22	1	1	19	10T-501C	10T-501C	\N	2026-02-11 14:24:58.613154+00
23	2	1	1	14N/4TR-420C	14N/4TR-420C	\N	2026-02-11 14:25:20.76286+00
24	2	1	2	6T-501C	6T-501C	\N	2026-02-11 14:25:20.76286+00
25	2	1	3	10T-501C	10T-501C	\N	2026-02-11 14:25:20.76286+00
26	2	1	4	8T-501C	8T-501C	\N	2026-02-11 14:25:20.76286+00
27	2	1	5	6T-501C	6T-501C	\N	2026-02-11 14:25:20.76286+00
28	2	1	6	12T-501C	12T-501C	\N	2026-02-11 14:25:20.76286+00
29	2	1	7	8T-501C	8T-501C	\N	2026-02-11 14:25:20.76286+00
30	2	1	8	8T-501C	8T-501C	\N	2026-02-11 14:25:20.76286+00
31	2	1	9	12T-501C	12T-501C	\N	2026-02-11 14:25:20.76286+00
32	2	1	10	8T-501C	8T-501C	\N	2026-02-11 14:25:20.76286+00
33	2	1	11	8N/4TR-420C	8N/4TR-420C	\N	2026-02-11 14:25:20.76286+00
34	2	1	12	16N/4TR-420C	16N/4TR-420C	\N	2026-02-11 14:25:20.76286+00
35	2	1	13	16N/4TR-420C	16N/4TR-420C	\N	2026-02-11 14:25:20.76286+00
36	2	1	14	8T-501C	8T-501C	\N	2026-02-11 14:25:20.76286+00
37	2	1	15	12T-501C	12T-501C	\N	2026-02-11 14:25:20.76286+00
38	2	1	16	12T-501C	12T-501C	\N	2026-02-11 14:25:20.76286+00
39	2	1	17	8T-501C	8T-501C	\N	2026-02-11 14:25:20.76286+00
40	2	1	18	8T/8N-420C	8T/8N-420C	\N	2026-02-11 14:25:20.76286+00
41	2	1	19	12T-501C	12T-501C	\N	2026-02-11 14:25:20.76286+00
42	2	1	20	8T-501C	8T-501C	\N	2026-02-11 14:25:20.76286+00
43	2	1	21	8T/8N-420C	8T/8N-420C	\N	2026-02-11 14:25:20.76286+00
44	2	1	22	10T-501C	10T-501C	\N	2026-02-11 14:25:20.76286+00
45	2	1	23	8T-501C	8T-501C	\N	2026-02-11 14:25:20.76286+00
46	2	1	24	14N/4TR-420C	14N/4TR-420C	\N	2026-02-11 14:25:20.76286+00
47	2	1	25	16N/4TR-420C	16N/4TR-420C	\N	2026-02-11 14:25:20.76286+00
48	2	1	26	6T-501C	6T-501C	\N	2026-02-11 14:25:20.76286+00
49	2	1	27	6T-501C	6T-501C	\N	2026-02-11 14:25:20.76286+00
50	2	1	28	10T-501C	10T-501C	\N	2026-02-11 14:25:20.76286+00
51	2	1	29A	8T-501C	8T-501C	\N	2026-02-11 14:25:20.76286+00
52	2	1	29B	8T-501C	8T-501C	\N	2026-02-11 14:25:20.76286+00
53	2	1	30	8T-501C	8T-501C	\N	2026-02-11 14:25:20.76286+00
54	2	1	31	8T-501C	8T-501C	\N	2026-02-11 14:25:20.76286+00
55	3	1	1	12N/4TR-420C	12N/4TR-420C	\N	2026-02-11 14:25:27.903798+00
56	3	1	2	12N/4TR-420C	12N/4TR-420C	\N	2026-02-11 14:25:27.903798+00
57	3	1	3	6T-501C	6T-501C	\N	2026-02-11 14:25:27.903798+00
58	3	1	4	12T-501C	12T-501C	\N	2026-02-11 14:25:27.903798+00
59	3	1	5	12T-501C	12T-501C	\N	2026-02-11 14:25:27.903798+00
60	3	1	6A	12T-501C	12T-501C	\N	2026-02-11 14:25:27.903798+00
61	3	1	6B	12T-501C	12T-501C	\N	2026-02-11 14:25:27.903798+00
62	3	1	7	12T-501C	12T-501C	\N	2026-02-11 14:25:27.903798+00
63	3	1	8A	8T/8N-420C	8T/8N-420C	\N	2026-02-11 14:25:27.903798+00
64	3	1	8B	8T/8N-420C	8T/8N-420C	\N	2026-02-11 14:25:27.903798+00
65	3	1	9	10T-501C	10T-501C	\N	2026-02-11 14:25:27.903798+00
66	3	1	10	8T-501C	8T-501C	\N	2026-02-11 14:25:27.903798+00
67	3	1	11	12T-501C	12T-501C	\N	2026-02-11 14:25:27.903798+00
68	3	1	12	8T/8N-420C	8T/8N-420C	\N	2026-02-11 14:25:27.903798+00
69	3	1	13	10N/4TR-420C	10N/4TR-420C	\N	2026-02-11 14:25:27.903798+00
70	3	1	14	12T-501C	12T-501C	\N	2026-02-11 14:25:27.903798+00
71	3	1	15	8T/8N-420C	8T/8N-420C	\N	2026-02-11 14:25:27.903798+00
72	3	1	16	12T-501C	12T-501C	\N	2026-02-11 14:25:27.903798+00
73	3	1	17A	12T-501C	12T-501C	\N	2026-02-11 14:25:27.903798+00
74	3	1	17B	8T-501C	8T-501C	\N	2026-02-11 14:25:27.903798+00
75	3	1	18	12T-501C	12T-501C	\N	2026-02-11 14:25:27.903798+00
76	3	1	19	4T/4N-420C	4T/4N-420C	\N	2026-02-11 14:25:27.903798+00
77	3	1	20	12N/4TR-420C	12N/4TR-420C	\N	2026-02-11 14:25:27.903798+00
78	3	1	21	12N/4TR-420C	12N/4TR-420C	\N	2026-02-11 14:25:27.903798+00
79	3	1	22	12T-501C	12T-501C	\N	2026-02-11 14:25:27.903798+00
80	3	1	23	12T-501C	12T-501C	\N	2026-02-11 14:25:27.903798+00
81	3	1	24A	12T-501C	12T-501C	\N	2026-02-11 14:25:27.903798+00
82	3	1	24B	10T-501C	10T-501C	\N	2026-02-11 14:25:27.903798+00
83	3	1	25	6T-501C	6T-501C	\N	2026-02-11 14:25:27.903798+00
84	3	1	26	14N/4TR-420C	14N/4TR-420C	\N	2026-02-11 14:25:27.903798+00
85	4	1	1	12N/4TR-420C	12N/4TR-420C	\N	2026-02-11 14:25:34.855639+00
86	4	1	2	12N/4TR-420C	12N/4TR-420C	\N	2026-02-11 14:25:34.855639+00
87	4	1	3A	10T-501C	10T-501C	\N	2026-02-11 14:25:34.855639+00
88	4	1	3B	10T-501C	10T-501C	\N	2026-02-11 14:25:34.855639+00
89	4	1	4	12T-501C	12T-501C	\N	2026-02-11 14:25:34.855639+00
90	4	1	5	6T-501C	6T-501C	\N	2026-02-11 14:25:34.855639+00
91	4	1	6	8T-501C	8T-501C	\N	2026-02-11 14:25:34.855639+00
92	4	1	7	8T-501C	8T-501C	\N	2026-02-11 14:25:34.855639+00
93	4	1	8A	10T-501C	10T-501C	\N	2026-02-11 14:25:34.855639+00
94	4	1	8B	8T-501C	8T-501C	\N	2026-02-11 14:25:34.855639+00
95	4	1	9	14N/4TR-420C	14N/4TR-420C	\N	2026-02-11 14:25:34.855639+00
96	4	1	10	12N/4TR-420C	12N/4TR-420C	\N	2026-02-11 14:25:34.855639+00
97	4	1	11	10N/4TR-420C	10N/4TR-420C	\N	2026-02-11 14:25:34.855639+00
98	4	1	12	10T-501C	10T-501C	\N	2026-02-11 14:25:34.855639+00
99	4	1	13	10T-501C	10T-501C	\N	2026-02-11 14:25:34.855639+00
100	4	1	14	10T-501C	10T-501C	\N	2026-02-11 14:25:34.855639+00
101	4	1	15	10T-501C	10T-501C	\N	2026-02-11 14:25:34.855639+00
102	4	1	16	10T-501C	10T-501C	\N	2026-02-11 14:25:34.855639+00
103	4	1	17	8T-501C	8T-501C	\N	2026-02-11 14:25:34.855639+00
104	4	1	18	16N/4TR-420C	16N/4TR-420C	\N	2026-02-11 14:25:34.855639+00
105	4	1	19	10N/4TR-420C	10N/4TR-420C	\N	2026-02-11 14:25:34.855639+00
106	4	1	20	10T-501C	10T-501C	\N	2026-02-11 14:25:34.855639+00
107	4	1	21	10T-501C	10T-501C	\N	2026-02-11 14:25:34.855639+00
108	4	1	22	10T-501C	10T-501C	\N	2026-02-11 14:25:34.855639+00
109	4	1	23	10T-501C	10T-501C	\N	2026-02-11 14:25:34.855639+00
110	4	1	24	8T-501C	8T-501C	\N	2026-02-11 14:25:34.855639+00
111	4	1	25	8T-501C	8T-501C	\N	2026-02-11 14:25:34.855639+00
112	4	1	26	8N/4TR-420C	8N/4TR-420C	\N	2026-02-11 14:25:34.855639+00
113	4	1	27	14N/4TR-420C	14N/4TR-420C	\N	2026-02-11 14:25:34.855639+00
114	4	1	28	10T-501C	10T-501C	\N	2026-02-11 14:25:34.855639+00
115	4	1	29	12T-501C	12T-501C	\N	2026-02-11 14:25:34.855639+00
116	4	1	30	10T-501C	10T-501C	\N	2026-02-11 14:25:34.855639+00
117	4	1	31	10T-501C	10T-501C	\N	2026-02-11 14:25:34.855639+00
118	4	1	32	10T-501C	10T-501C	\N	2026-02-11 14:25:34.855639+00
119	4	1	33	8T-501C	8T-501C	\N	2026-02-11 14:25:34.855639+00
120	4	1	34	10T-501C	10T-501C	\N	2026-02-11 14:25:34.855639+00
121	4	1	35	12T-501C	12T-501C	\N	2026-02-11 14:25:34.855639+00
122	4	1	36	12T-501C	12T-501C	\N	2026-02-11 14:25:34.855639+00
123	4	1	37	12N/4TR-420C	12N/4TR-420C	\N	2026-02-11 14:25:34.855639+00
124	4	1	38	10N/4TR-420C	10N/4TR-420C	\N	2026-02-11 14:25:34.855639+00
125	5	1	1	14N/4TR-420C	14N/4TR-420C	\N	2026-02-11 14:25:42.518752+00
126	5	1	2	12T-501C	12T-501C	\N	2026-02-11 14:25:42.518752+00
127	5	1	3	8T-501C	8T-501C	\N	2026-02-11 14:25:42.518752+00
128	5	1	4	8T-501C	8T-501C	\N	2026-02-11 14:25:42.518752+00
129	5	1	5	8T/8N-420C	8T/8N-420C	\N	2026-02-11 14:25:42.518752+00
130	5	1	6	12T-501C	12T-501C	\N	2026-02-11 14:25:42.518752+00
131	5	1	7A	8T-501C	8T-501C	\N	2026-02-11 14:25:42.518752+00
132	5	1	7B	8T-501C	8T-501C	\N	2026-02-11 14:25:42.518752+00
133	5	1	8	10N/4TR-420C	10N/4TR-420C	\N	2026-02-11 14:25:42.518752+00
134	5	1	9	12N/4TR-420C	12N/4TR-420C	\N	2026-02-11 14:25:42.518752+00
135	5	1	10	16N/4TR-420C	16N/4TR-420C	\N	2026-02-11 14:25:42.518752+00
136	5	1	11	16N/4TR-420C	16N/4TR-420C	\N	2026-02-11 14:25:42.518752+00
137	5	1	12	10T-501C	10T-501C	\N	2026-02-11 14:25:42.518752+00
138	5	1	13	8T-501C	8T-501C	\N	2026-02-11 14:25:42.518752+00
139	5	1	14	8T-501C	8T-501C	\N	2026-02-11 14:25:42.518752+00
140	5	1	15	10T-501C	10T-501C	\N	2026-02-11 14:25:42.518752+00
141	5	1	16	10T-501C	10T-501C	\N	2026-02-11 14:25:42.518752+00
142	5	1	17	6T-501C	6T-501C	\N	2026-02-11 14:25:42.518752+00
143	5	1	18	8T/8N-420C	8T/8N-420C	\N	2026-02-11 14:25:42.518752+00
144	5	1	19	10T-501C	10T-501C	\N	2026-02-11 14:25:42.518752+00
145	5	1	20A	8T-501C	8T-501C	\N	2026-02-11 14:25:42.518752+00
146	5	1	20B	10T-501C	10T-501C	\N	2026-02-11 14:25:42.518752+00
147	5	1	21A	10T-501C	10T-501C	\N	2026-02-11 14:25:42.518752+00
148	5	1	21B	8T-501C	8T-501C	\N	2026-02-11 14:25:42.518752+00
149	5	1	22	8T/8N-420C	8T/8N-420C	\N	2026-02-11 14:25:42.518752+00
150	5	1	23	12T-501C	12T-501C	\N	2026-02-11 14:25:42.518752+00
151	5	1	24	8T-501C	8T-501C	\N	2026-02-11 14:25:42.518752+00
152	5	1	25	16N/4TR-420C	16N/4TR-420C	\N	2026-02-11 14:25:42.518752+00
153	5	1	26	16N/4TR-420C	16N/4TR-420C	\N	2026-02-11 14:25:42.518752+00
154	6	1	9	10N/4TR-420C	10N/4TR-420C	\N	2026-02-11 14:25:51.162995+00
155	6	1	10	16N/4TR-420C	16N/4TR-420C	\N	2026-02-11 14:25:51.162995+00
156	6	1	11	12T-501C	12T-501C	\N	2026-02-11 14:25:51.162995+00
157	6	1	12A	10T-501C	10T-501C	\N	2026-02-11 14:25:51.162995+00
158	6	1	12B	10T-501C	10T-501C	\N	2026-02-11 14:25:51.162995+00
159	6	1	13	8T-501C	8T-501C	\N	2026-02-11 14:25:51.162995+00
160	6	1	14	8T-501C	8T-501C	\N	2026-02-11 14:25:51.162995+00
161	6	1	15	10T-501C	10T-501C	\N	2026-02-11 14:25:51.162995+00
162	6	1	17	12N/4TR-420C	12N/4TR-420C	\N	2026-02-11 14:25:51.162995+00
163	6	1	18	16N/4TR-420C	16N/4TR-420C	\N	2026-02-11 14:25:51.162995+00
164	6	1	19	10T-501C	10T-501C	\N	2026-02-11 14:25:51.162995+00
165	6	1	20	10T-501C	10T-501C	\N	2026-02-11 14:25:51.162995+00
166	6	1	21	8T-501C	8T-501C	\N	2026-02-11 14:25:51.162995+00
167	6	1	22	8T-501C	8T-501C	\N	2026-02-11 14:25:51.162995+00
168	6	1	23	8T-501C	8T-501C	\N	2026-02-11 14:25:51.162995+00
169	6	1	24	10T-501C	10T-501C	\N	2026-02-11 14:25:51.162995+00
170	6	1	25	4T/4N-420C	4T/4N-420C	\N	2026-02-11 14:25:51.162995+00
171	6	1	26	10N/4TR-420C	10N/4TR-420C	\N	2026-02-11 14:25:51.162995+00
172	6	1	27	4T-501C	4T-501C	\N	2026-02-11 14:25:51.162995+00
173	6	1	28	10T-501C	10T-501C	\N	2026-02-11 14:25:51.162995+00
174	6	1	29	8T-501C	8T-501C	\N	2026-02-11 14:25:51.162995+00
175	6	1	30	8T-501C	8T-501C	\N	2026-02-11 14:25:51.162995+00
176	6	1	31	8T-501C	8T-501C	\N	2026-02-11 14:25:51.162995+00
177	6	1	32	12T-501C	12T-501C	\N	2026-02-11 14:25:51.162995+00
178	6	1	33	12T-501C	12T-501C	\N	2026-02-11 14:25:51.162995+00
179	6	1	34	14N/4TR-420C	14N/4TR-420C	\N	2026-02-11 14:25:51.162995+00
180	6	1	35	14N/4TR-420C	14N/4TR-420C	\N	2026-02-11 14:25:51.162995+00
181	7	1	1	8N/4TR-420C	8N/4TR-420C	\N	2026-02-11 14:25:57.821335+00
182	7	1	2	12N/4TR-420C	12N/4TR-420C	\N	2026-02-11 14:25:57.821335+00
183	7	1	3	10T-501C	10T-501C	\N	2026-02-11 14:25:57.821335+00
184	7	1	4	10T-501C	10T-501C	\N	2026-02-11 14:25:57.821335+00
185	7	1	5	12T-501C	12T-501C	\N	2026-02-11 14:25:57.821335+00
186	7	1	6	10T-501C	10T-501C	\N	2026-02-11 14:25:57.821335+00
187	7	1	7	12T-501C	12T-501C	\N	2026-02-11 14:25:57.821335+00
188	7	1	8	8T/8N-420C	8T/8N-420C	\N	2026-02-11 14:25:57.821335+00
189	7	1	9	12N/4TR-420C	12N/4TR-420C	\N	2026-02-11 14:25:57.821335+00
190	7	1	10	12T-501C	12T-501C	\N	2026-02-11 14:25:57.821335+00
191	7	1	11	12N/4TR-420C	12N/4TR-420C	\N	2026-02-11 14:25:57.821335+00
192	7	1	12	10T-501C	10T-501C	\N	2026-02-11 14:25:57.821335+00
193	7	1	13	10T-501C	10T-501C	\N	2026-02-11 14:25:57.821335+00
194	7	1	14	8T-501C	8T-501C	\N	2026-02-11 14:25:57.821335+00
195	7	1	15	8T-501C	8T-501C	\N	2026-02-11 14:25:57.821335+00
196	7	1	16	6T-501C	6T-501C	\N	2026-02-11 14:25:57.821335+00
197	7	1	17	6T-501C	6T-501C	\N	2026-02-11 14:25:57.821335+00
198	7	1	18	12N/4TR-420C	12N/4TR-420C	\N	2026-02-11 14:25:57.821335+00
199	7	1	19	12N/4TR-420C	12N/4TR-420C	\N	2026-02-11 14:25:57.821335+00
200	7	1	20	12T-501C	12T-501C	\N	2026-02-11 14:25:57.821335+00
201	7	1	21	8T-501C	8T-501C	\N	2026-02-11 14:25:57.821335+00
202	7	1	22	8T-501C	8T-501C	\N	2026-02-11 14:25:57.821335+00
203	7	1	23	10T-501C	10T-501C	\N	2026-02-11 14:25:57.821335+00
204	7	1	24	8T-501C	8T-501C	\N	2026-02-11 14:25:57.821335+00
205	7	1	25A	8T-501C	8T-501C	\N	2026-02-11 14:25:57.821335+00
206	7	1	25B	8T-501C	8T-501C	\N	2026-02-11 14:25:57.821335+00
207	7	1	26	16N/4TR-420C	16N/4TR-420C	\N	2026-02-11 14:25:57.821335+00
208	8	1	1	14N/4TR-420C	14N/4TR-420C	\N	2026-02-11 14:27:42.481598+00
209	8	1	2	6T-501C	6T-501C	\N	2026-02-11 14:27:42.481598+00
210	8	1	3	12T-501C	12T-501C	\N	2026-02-11 14:27:42.481598+00
211	8	1	4	10T-501C	10T-501C	\N	2026-02-11 14:27:42.481598+00
212	8	1	5	8T-501C	8T-501C	\N	2026-02-11 14:27:42.481598+00
213	8	1	6	6T-501C	6T-501C	\N	2026-02-11 14:27:42.481598+00
214	8	1	7	8T/8N-420C	8T/8N-420C	\N	2026-02-11 14:27:42.481598+00
215	8	1	8	6T-501C	6T-501C	\N	2026-02-11 14:27:42.481598+00
216	8	1	9	4T/4N-420C	4T/4N-420C	\N	2026-02-11 14:27:42.481598+00
217	8	1	10	8T-501C	8T-501C	\N	2026-02-11 14:27:42.481598+00
218	8	1	11	8T-501C	8T-501C	\N	2026-02-11 14:27:42.481598+00
219	8	1	12	10T-501C	10T-501C	\N	2026-02-11 14:27:42.481598+00
220	8	1	13	10T-501C	10T-501C	\N	2026-02-11 14:27:42.481598+00
221	8	1	14A	10T-501C	10T-501C	\N	2026-02-11 14:27:42.481598+00
222	8	1	14B	10T-501C	10T-501C	\N	2026-02-11 14:27:42.481598+00
223	8	1	15	12N/4TR-420C	12N/4TR-420C	\N	2026-02-11 14:27:42.481598+00
224	8	1	16	12N/4TR-420C	12N/4TR-420C	\N	2026-02-11 14:27:42.481598+00
225	8	1	17	12T-501C	12T-501C	\N	2026-02-11 14:27:42.481598+00
226	8	1	18	8T-501C	8T-501C	\N	2026-02-11 14:27:42.481598+00
227	8	2	1	16N/4TR-420C	16N/4TR-420C	\N	2026-02-11 14:28:23.666554+00
228	8	2	2	16N/4TR-420C	16N/4TR-420C	\N	2026-02-11 14:28:23.666554+00
229	8	2	3A	10T-501C	10T-501C	\N	2026-02-11 14:28:23.666554+00
230	8	2	3B	12T-501C	12T-501C	\N	2026-02-11 14:28:23.666554+00
231	8	2	4	10T-501C	10T-501C	\N	2026-02-11 14:28:23.666554+00
232	8	2	5	8T-501C	8T-501C	\N	2026-02-11 14:28:23.666554+00
233	8	2	6	6T-501C	6T-501C	\N	2026-02-11 14:28:23.666554+00
234	8	2	7	8T-501C	8T-501C	\N	2026-02-11 14:28:23.666554+00
235	8	2	8	8T/8N-420C	8T/8N-420C	\N	2026-02-11 14:28:23.666554+00
236	8	2	9	12T-501C	12T-501C	\N	2026-02-11 14:28:23.666554+00
237	8	2	10	8T-501C	8T-501C	\N	2026-02-11 14:28:23.666554+00
238	8	2	11	8T/8N-420C	8T/8N-420C	\N	2026-02-11 14:28:23.666554+00
239	8	2	12	10T-501C	10T-501C	\N	2026-02-11 14:28:23.666554+00
240	8	2	13A	12T-501C	12T-501C	\N	2026-02-11 14:28:23.666554+00
241	8	2	13B	10T-501C	10T-501C	\N	2026-02-11 14:28:23.666554+00
242	8	2	14	8T/8N-420C	8T/8N-420C	\N	2026-02-11 14:28:23.666554+00
243	8	2	15	8T/8N-420C	8T/8N-420C	\N	2026-02-11 14:28:23.666554+00
244	8	2	16	12T-501C	12T-501C	\N	2026-02-11 14:28:23.666554+00
245	9	1	1	14N/4TR-420C	14N/4TR-420C	\N	2026-02-11 14:28:38.238707+00
246	9	1	2	10T-501C	10T-501C	\N	2026-02-11 14:28:38.238707+00
247	9	1	3A	6T-501C	6T-501C	\N	2026-02-11 14:28:38.238707+00
248	9	1	3B	10T-501C	10T-501C	\N	2026-02-11 14:28:38.238707+00
249	9	1	4	8T/8N-420C	8T/8N-420C	\N	2026-02-11 14:28:38.238707+00
250	9	1	5	8T-501C	8T-501C	\N	2026-02-11 14:28:38.238707+00
251	9	1	6	12T-501C	12T-501C	\N	2026-02-11 14:28:38.238707+00
252	9	1	7	16N/4TR-420C	16N/4TR-420C	\N	2026-02-11 14:28:38.238707+00
253	10	1	1	16N/4TR-420C	16N/4TR-420C	\N	2026-02-11 14:28:43.384327+00
254	10	1	2	10T-501C	10T-501C	\N	2026-02-11 14:28:43.384327+00
255	10	1	3	12T-501C	12T-501C	\N	2026-02-11 14:28:43.384327+00
256	10	1	4	8T-501C	8T-501C	\N	2026-02-11 14:28:43.384327+00
257	10	1	5	10T-501C	10T-501C	\N	2026-02-11 14:28:43.384327+00
258	10	1	6	10T-501C	10T-501C	\N	2026-02-11 14:28:43.384327+00
259	10	1	7	6T-501C	6T-501C	\N	2026-02-11 14:28:43.384327+00
260	10	1	8	8T-501C	8T-501C	\N	2026-02-11 14:28:43.384327+00
261	10	1	9	8T-501C	8T-501C	\N	2026-02-11 14:28:43.384327+00
262	10	1	10	10T-501C	10T-501C	\N	2026-02-11 14:28:43.384327+00
263	10	1	11	6T-501C	6T-501C	\N	2026-02-11 14:28:43.384327+00
264	10	1	12	6T-501C	6T-501C	\N	2026-02-11 14:28:43.384327+00
265	10	1	13	4T/4N-420C	4T/4N-420C	\N	2026-02-11 14:28:43.384327+00
266	10	1	14	8N/4TR-420C	8N/4TR-420C	\N	2026-02-11 14:28:43.384327+00
267	10	1	15	8T-501C	8T-501C	\N	2026-02-11 14:28:43.384327+00
268	10	1	16	8T-501C	8T-501C	\N	2026-02-11 14:28:43.384327+00
269	10	1	17	6T-501C	6T-501C	\N	2026-02-11 14:28:43.384327+00
270	10	1	18	8T-501C	8T-501C	\N	2026-02-11 14:28:43.384327+00
271	10	1	19	8T-501C	8T-501C	\N	2026-02-11 14:28:43.384327+00
272	10	1	20	12T-501C	12T-501C	\N	2026-02-11 14:28:43.384327+00
273	10	1	21	16N/4TR-420C	16N/4TR-420C	\N	2026-02-11 14:28:43.384327+00
\.


--
-- Data for Name: app_usuario; Type: TABLE DATA; Schema: public; Owner: proyecto_user
--

COPY public.app_usuario (id, password, last_login, is_superuser, email, nombre, rol, is_active, is_staff, fecha_registro, ultima_actividad) FROM stdin;
2	pbkdf2_sha256$600000$72kmI6KKSNuCIQ95VeKxOV$DlTkCYY78K4Vt+09So+MT8p58R5zCueNwUbt4t+IjGc=	2026-02-04 19:27:30.709817+00	f	miguel@gmail.com	Fernando Huanca	jefe	t	f	2026-02-04 18:25:23.304144+00	2026-02-04 18:25:23.580239+00
3	pbkdf2_sha256$600000$NjoozAx2AzAEWNoam8but2$jzYYqJE6sN7syX7ApwnMGAIXKFXhGLr7MTgp6CBU7sw=	2026-02-06 13:13:06.99962+00	t	fer@gmail.com	Miguel Fernando Huanca Moya	jefe	t	t	2026-02-04 19:29:14.940774+00	2026-02-04 19:29:30.732855+00
1	pbkdf2_sha256$600000$hFLR0JGWpzMSrSMYjS0cHl$r2OBX5WXgy94KfpYkXi/5yB+c6Po055uFvS3nRBmhGY=	2026-02-18 13:10:41.800353+00	t	yo@gmail.com	miguel	jefe	t	t	2026-02-04 17:02:41.547901+00	2026-02-04 17:02:41.807078+00
4	pbkdf2_sha256$600000$bK4Wo8hz0cXdDRpPb2aLib$h/sEGqgsvSMbyhsFd5YUTjAPZymSvZppA5rOZ4h0kdk=	2026-02-20 17:41:03.443192+00	t	admin@gmail.com	admin	tecnico	t	t	2026-02-20 17:35:38.625422+00	2026-02-20 17:35:50.708381+00
\.


--
-- Data for Name: app_usuario_groups; Type: TABLE DATA; Schema: public; Owner: proyecto_user
--

COPY public.app_usuario_groups (id, usuario_id, group_id) FROM stdin;
\.


--
-- Data for Name: app_usuario_user_permissions; Type: TABLE DATA; Schema: public; Owner: proyecto_user
--

COPY public.app_usuario_user_permissions (id, usuario_id, permission_id) FROM stdin;
\.


--
-- Data for Name: auth_group; Type: TABLE DATA; Schema: public; Owner: proyecto_user
--

COPY public.auth_group (id, name) FROM stdin;
\.


--
-- Data for Name: auth_group_permissions; Type: TABLE DATA; Schema: public; Owner: proyecto_user
--

COPY public.auth_group_permissions (id, group_id, permission_id) FROM stdin;
\.


--
-- Data for Name: auth_permission; Type: TABLE DATA; Schema: public; Owner: proyecto_user
--

COPY public.auth_permission (id, name, content_type_id, codename) FROM stdin;
1	Can add usuario	1	add_usuario
2	Can change usuario	1	change_usuario
3	Can delete usuario	1	delete_usuario
4	Can view usuario	1	view_usuario
5	Can add registro de actividad	2	add_registroactividad
6	Can change registro de actividad	2	change_registroactividad
7	Can delete registro de actividad	2	delete_registroactividad
8	Can view registro de actividad	2	view_registroactividad
9	Can add Balancín Individual	3	add_balancinindividual
10	Can change Balancín Individual	3	change_balancinindividual
11	Can delete Balancín Individual	3	delete_balancinindividual
12	Can view Balancín Individual	3	view_balancinindividual
13	Can add Historial de Repuesto	4	add_historialrepuesto
14	Can change Historial de Repuesto	4	change_historialrepuesto
15	Can delete Historial de Repuesto	4	delete_historialrepuesto
16	Can view Historial de Repuesto	4	view_historialrepuesto
17	Can add Repuesto Adicional	5	add_repuestoadicional
18	Can change Repuesto Adicional	5	change_repuestoadicional
19	Can delete Repuesto Adicional	5	delete_repuestoadicional
20	Can view Repuesto Adicional	5	view_repuestoadicional
21	Can add Repuesto para Balancín	6	add_repuestobalancin
22	Can change Repuesto para Balancín	6	change_repuestobalancin
23	Can delete Repuesto para Balancín	6	delete_repuestobalancin
24	Can view Repuesto para Balancín	6	view_repuestobalancin
25	Can add Modelo de Balancín	7	add_tipobalancin
26	Can change Modelo de Balancín	7	change_tipobalancin
27	Can delete Modelo de Balancín	7	delete_tipobalancin
28	Can view Modelo de Balancín	7	view_tipobalancin
29	Can add Historial de Balancín	8	add_historialbalancin
30	Can change Historial de Balancín	8	change_historialbalancin
31	Can delete Historial de Balancín	8	delete_historialbalancin
32	Can view Historial de Balancín	8	view_historialbalancin
33	Can add log entry	9	add_logentry
34	Can change log entry	9	change_logentry
35	Can delete log entry	9	delete_logentry
36	Can view log entry	9	view_logentry
37	Can add permission	10	add_permission
38	Can change permission	10	change_permission
39	Can delete permission	10	delete_permission
40	Can view permission	10	view_permission
41	Can add group	11	add_group
42	Can change group	11	change_group
43	Can delete group	11	delete_group
44	Can view group	11	view_group
45	Can add content type	12	add_contenttype
46	Can change content type	12	change_contenttype
47	Can delete content type	12	delete_contenttype
48	Can view content type	12	view_contenttype
49	Can add session	13	add_session
50	Can change session	13	change_session
51	Can delete session	13	delete_session
52	Can view session	13	view_session
53	Can add Historial de Repuesto Adicional	14	add_historialadicional
54	Can change Historial de Repuesto Adicional	14	change_historialadicional
55	Can delete Historial de Repuesto Adicional	14	delete_historialadicional
56	Can view Historial de Repuesto Adicional	14	view_historialadicional
57	Can add Registro de Actividad	15	add_activitylog
58	Can change Registro de Actividad	15	change_activitylog
59	Can delete Registro de Actividad	15	delete_activitylog
60	Can view Registro de Actividad	15	view_activitylog
61	Can add usuario	16	add_usuario
62	Can change usuario	16	change_usuario
63	Can delete usuario	16	delete_usuario
64	Can view usuario	16	view_usuario
65	Can add Balancín Individual	17	add_balancinindividual
66	Can change Balancín Individual	17	change_balancinindividual
67	Can delete Balancín Individual	17	delete_balancinindividual
68	Can view Balancín Individual	17	view_balancinindividual
69	Can add Línea	18	add_linea
70	Can change Línea	18	change_linea
71	Can delete Línea	18	delete_linea
72	Can view Línea	18	view_linea
73	Can add Repuesto Adicional	19	add_repuestoadicional
74	Can change Repuesto Adicional	19	change_repuestoadicional
75	Can delete Repuesto Adicional	19	delete_repuestoadicional
76	Can view Repuesto Adicional	19	view_repuestoadicional
77	Can add Repuesto para Balancín	20	add_repuestobalancin
78	Can change Repuesto para Balancín	20	change_repuestobalancin
79	Can delete Repuesto para Balancín	20	delete_repuestobalancin
80	Can view Repuesto para Balancín	20	view_repuestobalancin
81	Can add Sección	21	add_seccion
82	Can change Sección	21	change_seccion
83	Can delete Sección	21	delete_seccion
84	Can view Sección	21	view_seccion
85	Can add Modelo de Balancín	22	add_tipobalancin
86	Can change Modelo de Balancín	22	change_tipobalancin
87	Can delete Modelo de Balancín	22	delete_tipobalancin
88	Can view Modelo de Balancín	22	view_tipobalancin
89	Can add Torre	23	add_torre
90	Can change Torre	23	change_torre
91	Can delete Torre	23	delete_torre
92	Can view Torre	23	view_torre
93	Can add registro de actividad	24	add_registroactividad
94	Can change registro de actividad	24	change_registroactividad
95	Can delete registro de actividad	24	delete_registroactividad
96	Can view registro de actividad	24	view_registroactividad
97	Can add Historial de Repuesto	25	add_historialrepuesto
98	Can change Historial de Repuesto	25	change_historialrepuesto
99	Can delete Historial de Repuesto	25	delete_historialrepuesto
100	Can view Historial de Repuesto	25	view_historialrepuesto
101	Can add Historial de Balancín	26	add_historialbalancin
102	Can change Historial de Balancín	26	change_historialbalancin
103	Can delete Historial de Balancín	26	delete_historialbalancin
104	Can view Historial de Balancín	26	view_historialbalancin
105	Can add Historial de Repuesto Adicional	27	add_historialadicional
106	Can change Historial de Repuesto Adicional	27	change_historialadicional
107	Can delete Historial de Repuesto Adicional	27	delete_historialadicional
108	Can view Historial de Repuesto Adicional	27	view_historialadicional
109	Can add Registro de Actividad	28	add_activitylog
110	Can change Registro de Actividad	28	change_activitylog
111	Can delete Registro de Actividad	28	delete_activitylog
112	Can view Registro de Actividad	28	view_activitylog
113	Can add Orden de Horas de Balancín	29	add_balancinoh
114	Can change Orden de Horas de Balancín	29	change_balancinoh
115	Can delete Orden de Horas de Balancín	29	delete_balancinoh
116	Can view Orden de Horas de Balancín	29	view_balancinoh
117	Can add Historial OH	30	add_historialoh
118	Can change Historial OH	30	change_historialoh
119	Can delete Historial OH	30	delete_historialoh
120	Can view Historial OH	30	view_historialoh
121	Can add tipo balancin repuesto	31	add_tipobalancinrepuesto
122	Can change tipo balancin repuesto	31	change_tipobalancinrepuesto
123	Can delete tipo balancin repuesto	31	delete_tipobalancinrepuesto
124	Can view tipo balancin repuesto	31	view_tipobalancinrepuesto
125	Can add Configuración de repuestos por tipo	32	add_configuracionrepuestosportipo
126	Can change Configuración de repuestos por tipo	32	change_configuracionrepuestosportipo
127	Can delete Configuración de repuestos por tipo	32	delete_configuracionrepuestosportipo
128	Can view Configuración de repuestos por tipo	32	view_configuracionrepuestosportipo
129	Can add Item de Formulario	33	add_itemformularioreacondicionamiento
130	Can change Item de Formulario	33	change_itemformularioreacondicionamiento
131	Can delete Item de Formulario	33	delete_itemformularioreacondicionamiento
132	Can view Item de Formulario	33	view_itemformularioreacondicionamiento
133	Can add Formulario de Reacondicionamiento	34	add_formularioreacondicionamiento
134	Can change Formulario de Reacondicionamiento	34	change_formularioreacondicionamiento
135	Can delete Formulario de Reacondicionamiento	34	delete_formularioreacondicionamiento
136	Can view Formulario de Reacondicionamiento	34	view_formularioreacondicionamiento
\.


--
-- Data for Name: django_admin_log; Type: TABLE DATA; Schema: public; Owner: proyecto_user
--

COPY public.django_admin_log (id, action_time, object_id, object_repr, action_flag, change_message, content_type_id, user_id) FROM stdin;
1	2026-02-04 18:25:23.585093+00	2	Fernando Huanca (miguel@gmail.com)	1	[{"added": {}}]	1	1
2	2026-02-04 19:26:09.923682+00	12894752	12894752 - Cantidad: 899	3		6	1
3	2026-02-04 19:29:15.221981+00	3	Miguel Fernando Huanca Moya (fer@gmail.com)	1	[{"added": {}}]	1	1
4	2026-02-04 19:29:30.736547+00	3	Miguel Fernando Huanca Moya (fer@gmail.com)	2	[{"changed": {"fields": ["Superuser status"]}}]	1	1
5	2026-02-20 17:35:38.930183+00	4	admin (admin@gmail.com)	1	[{"added": {}}]	16	1
6	2026-02-20 17:35:50.713349+00	4	admin (admin@gmail.com)	2	[{"changed": {"fields": ["Superuser status"]}}]	16	1
\.


--
-- Data for Name: django_content_type; Type: TABLE DATA; Schema: public; Owner: proyecto_user
--

COPY public.django_content_type (id, app_label, model) FROM stdin;
1	app	usuario
2	app	registroactividad
3	app	balancinindividual
4	app	historialrepuesto
5	app	repuestoadicional
6	app	repuestobalancin
7	app	tipobalancin
8	app	historialbalancin
9	admin	logentry
10	auth	permission
11	auth	group
12	contenttypes	contenttype
13	sessions	session
14	app	historialadicional
15	app	activitylog
16	balancines	usuario
17	balancines	balancinindividual
18	balancines	linea
19	balancines	repuestoadicional
20	balancines	repuestobalancin
21	balancines	seccion
22	balancines	tipobalancin
23	balancines	torre
24	balancines	registroactividad
25	balancines	historialrepuesto
26	balancines	historialbalancin
27	balancines	historialadicional
28	balancines	activitylog
29	balancines	balancinoh
30	balancines	historialoh
31	balancines	tipobalancinrepuesto
32	balancines	configuracionrepuestosportipo
33	balancines	itemformularioreacondicionamiento
34	balancines	formularioreacondicionamiento
\.


--
-- Data for Name: django_migrations; Type: TABLE DATA; Schema: public; Owner: proyecto_user
--

COPY public.django_migrations (id, app, name, applied) FROM stdin;
1	contenttypes	0001_initial	2026-02-04 16:58:47.21122+00
2	contenttypes	0002_remove_content_type_name	2026-02-04 16:58:47.222451+00
3	auth	0001_initial	2026-02-04 16:58:47.292587+00
4	auth	0002_alter_permission_name_max_length	2026-02-04 16:58:47.299457+00
5	auth	0003_alter_user_email_max_length	2026-02-04 16:58:47.306787+00
6	auth	0004_alter_user_username_opts	2026-02-04 16:58:47.313986+00
7	auth	0005_alter_user_last_login_null	2026-02-04 16:58:47.322567+00
8	auth	0006_require_contenttypes_0002	2026-02-04 16:58:47.327536+00
9	auth	0007_alter_validators_add_error_messages	2026-02-04 16:58:47.335553+00
10	auth	0008_alter_user_username_max_length	2026-02-04 16:58:47.343802+00
11	auth	0009_alter_user_last_name_max_length	2026-02-04 16:58:47.35154+00
12	auth	0010_alter_group_name_max_length	2026-02-04 16:58:47.362925+00
13	auth	0011_update_proxy_permissions	2026-02-04 16:58:47.369986+00
14	auth	0012_alter_user_first_name_max_length	2026-02-04 16:58:47.377491+00
15	app	0001_initial	2026-02-04 16:58:47.475448+00
16	admin	0001_initial	2026-02-04 16:58:47.504369+00
17	admin	0002_logentry_remove_auto_add	2026-02-04 16:58:47.513312+00
18	admin	0003_logentry_add_action_flag_choices	2026-02-04 16:58:47.522292+00
19	app	0002_balancinindividual_historialrepuesto_and_more	2026-02-04 16:58:47.626494+00
20	app	0003_alter_balancinindividual_estado_historialbalancin	2026-02-04 16:58:47.675237+00
21	sessions	0001_initial	2026-02-04 16:58:47.699931+00
22	app	0004_historialadicional_activitylog	2026-02-05 14:55:00.555007+00
23	balancines	0001_initial	2026-02-13 17:02:05.326484+00
24	balancines	0002_historialoh_and_more	2026-02-19 14:51:24.475633+00
25	balancines	0003_tipobalancinrepuesto	2026-02-19 14:51:43.698979+00
26	balancines	0004_linea_color_and_more	2026-02-20 15:52:56.736335+00
27	balancines	0005_formulariocontroloh_formulariocontroldetalle_and_more	2026-02-25 16:58:23.200255+00
28	balancines	0006_configuracionrepuestosportipo_and_more	2026-02-25 16:58:23.547404+00
29	balancines	0007_formularioreacondicionamiento_and_more	2026-02-25 17:17:29.152697+00
30	balancines	0008_configuracionrepuestosportipo_cantidad_total_and_more	2026-02-25 18:18:13.854101+00
\.


--
-- Data for Name: django_session; Type: TABLE DATA; Schema: public; Owner: proyecto_user
--

COPY public.django_session (session_key, session_data, expire_date) FROM stdin;
jqslk2v7evv54slgc4dh988lo0lh64zv	.eJxVjDEOwjAMRe-SGUVOHJrAyM4ZIjt2aAG1UtNOiLtDpQ6w_vfef5lM69LntemcBzFng-bwuzGVh44bkDuNt8mWaVzmge2m2J02e51En5fd_TvoqfXfWmsMqoS-C6fOpxoBgJwIEUIXUjoCSvFYK6NDz-xSEojsPQYpysW8P90-N-c:1voLdz:_yJNlDsXzp9eCmtNd1FqO9ulUlC2lqKDGVTS7A0ZHbo	2026-02-20 13:13:07.004148+00
2l91a9f2l74587haohh6rzds7yu8ob2d	.eJxVjDsOwyAQBe9CHSGD-aZM7zOghV2CkwgkY1dR7h5bcpG0b2bemwXY1hK2TkuYkV2ZYpffLUJ6Uj0APqDeG0-trssc-aHwk3Y-NaTX7XT_Dgr0stcSs42YMljjhBOkvdfOJlIAefQkokHKygotLRnYvWSlG5VzqIZhBM8-XwSsOE8:1vtUQM:I3pE_tSKWEGbkNgRI9BFOPtwwvkove4UFXt43vysJ5s	2026-03-06 17:36:18.80286+00
8xozqiz40lc50zq0kbsp262e2i3pxoyi	.eJxVjDsOwyAQBe9CHSGD-aZM7zOghV2CkwgkY1dR7h5bcpG0b2bemwXY1hK2TkuYkV2ZYpffLUJ6Uj0APqDeG0-trssc-aHwk3Y-NaTX7XT_Dgr0stcSs42YMljjhBOkvdfOJlIAefQkokHKygotLRnYvWSlG5VzqIZhBM8-XwSsOE8:1vtUUx:d3A2eZtezNsD5_koX910yGW_IvJcmRTBCLCOGfL3vcw	2026-03-06 17:41:03.445815+00
\.


--
-- Name: app_activitylog_id_seq; Type: SEQUENCE SET; Schema: public; Owner: proyecto_user
--

SELECT pg_catalog.setval('public.app_activitylog_id_seq', 1, false);


--
-- Name: app_config_repuestos_tipo_id_seq; Type: SEQUENCE SET; Schema: public; Owner: proyecto_user
--

SELECT pg_catalog.setval('public.app_config_repuestos_tipo_id_seq', 345, true);


--
-- Name: app_historial_oh_id_seq; Type: SEQUENCE SET; Schema: public; Owner: proyecto_user
--

SELECT pg_catalog.setval('public.app_historial_oh_id_seq', 49, true);


--
-- Name: app_historialadicional_id_seq; Type: SEQUENCE SET; Schema: public; Owner: proyecto_user
--

SELECT pg_catalog.setval('public.app_historialadicional_id_seq', 4, true);


--
-- Name: app_historialbalancin_id_seq; Type: SEQUENCE SET; Schema: public; Owner: proyecto_user
--

SELECT pg_catalog.setval('public.app_historialbalancin_id_seq', 549, true);


--
-- Name: app_historialrepuesto_id_seq; Type: SEQUENCE SET; Schema: public; Owner: proyecto_user
--

SELECT pg_catalog.setval('public.app_historialrepuesto_id_seq', 26, true);


--
-- Name: app_item_formulario_reacondicionamiento_id_seq; Type: SEQUENCE SET; Schema: public; Owner: proyecto_user
--

SELECT pg_catalog.setval('public.app_item_formulario_reacondicionamiento_id_seq', 6, true);


--
-- Name: app_linea_id_seq; Type: SEQUENCE SET; Schema: public; Owner: proyecto_user
--

SELECT pg_catalog.setval('public.app_linea_id_seq', 10, true);


--
-- Name: app_registroactividad_id_seq; Type: SEQUENCE SET; Schema: public; Owner: proyecto_user
--

SELECT pg_catalog.setval('public.app_registroactividad_id_seq', 1, false);


--
-- Name: app_seccion_id_seq; Type: SEQUENCE SET; Schema: public; Owner: proyecto_user
--

SELECT pg_catalog.setval('public.app_seccion_id_seq', 1, false);


--
-- Name: app_torre_id_seq; Type: SEQUENCE SET; Schema: public; Owner: proyecto_user
--

SELECT pg_catalog.setval('public.app_torre_id_seq', 273, true);


--
-- Name: app_usuario_groups_id_seq; Type: SEQUENCE SET; Schema: public; Owner: proyecto_user
--

SELECT pg_catalog.setval('public.app_usuario_groups_id_seq', 1, false);


--
-- Name: app_usuario_id_seq; Type: SEQUENCE SET; Schema: public; Owner: proyecto_user
--

SELECT pg_catalog.setval('public.app_usuario_id_seq', 4, true);


--
-- Name: app_usuario_user_permissions_id_seq; Type: SEQUENCE SET; Schema: public; Owner: proyecto_user
--

SELECT pg_catalog.setval('public.app_usuario_user_permissions_id_seq', 1, false);


--
-- Name: auth_group_id_seq; Type: SEQUENCE SET; Schema: public; Owner: proyecto_user
--

SELECT pg_catalog.setval('public.auth_group_id_seq', 1, false);


--
-- Name: auth_group_permissions_id_seq; Type: SEQUENCE SET; Schema: public; Owner: proyecto_user
--

SELECT pg_catalog.setval('public.auth_group_permissions_id_seq', 1, false);


--
-- Name: auth_permission_id_seq; Type: SEQUENCE SET; Schema: public; Owner: proyecto_user
--

SELECT pg_catalog.setval('public.auth_permission_id_seq', 136, true);


--
-- Name: django_admin_log_id_seq; Type: SEQUENCE SET; Schema: public; Owner: proyecto_user
--

SELECT pg_catalog.setval('public.django_admin_log_id_seq', 6, true);


--
-- Name: django_content_type_id_seq; Type: SEQUENCE SET; Schema: public; Owner: proyecto_user
--

SELECT pg_catalog.setval('public.django_content_type_id_seq', 34, true);


--
-- Name: django_migrations_id_seq; Type: SEQUENCE SET; Schema: public; Owner: proyecto_user
--

SELECT pg_catalog.setval('public.django_migrations_id_seq', 30, true);


--
-- Name: app_activitylog app_activitylog_pkey; Type: CONSTRAINT; Schema: public; Owner: proyecto_user
--

ALTER TABLE ONLY public.app_activitylog
    ADD CONSTRAINT app_activitylog_pkey PRIMARY KEY (id);


--
-- Name: app_balancinindividual app_balancinindividual_pkey; Type: CONSTRAINT; Schema: public; Owner: proyecto_user
--

ALTER TABLE ONLY public.app_balancinindividual
    ADD CONSTRAINT app_balancinindividual_pkey PRIMARY KEY (codigo);


--
-- Name: app_config_repuestos_tipo app_config_repuestos_tip_tipo_balancin_codigo_rep_04d2db55_uniq; Type: CONSTRAINT; Schema: public; Owner: proyecto_user
--

ALTER TABLE ONLY public.app_config_repuestos_tipo
    ADD CONSTRAINT app_config_repuestos_tip_tipo_balancin_codigo_rep_04d2db55_uniq UNIQUE (tipo_balancin_codigo, repuesto_id);


--
-- Name: app_config_repuestos_tipo app_config_repuestos_tipo_pkey; Type: CONSTRAINT; Schema: public; Owner: proyecto_user
--

ALTER TABLE ONLY public.app_config_repuestos_tipo
    ADD CONSTRAINT app_config_repuestos_tipo_pkey PRIMARY KEY (id);


--
-- Name: app_formulario_reacondicionamiento app_formulario_reacondicionamiento_pkey; Type: CONSTRAINT; Schema: public; Owner: proyecto_user
--

ALTER TABLE ONLY public.app_formulario_reacondicionamiento
    ADD CONSTRAINT app_formulario_reacondicionamiento_pkey PRIMARY KEY (codigo_formulario);


--
-- Name: app_historial_oh app_historial_oh_pkey; Type: CONSTRAINT; Schema: public; Owner: proyecto_user
--

ALTER TABLE ONLY public.app_historial_oh
    ADD CONSTRAINT app_historial_oh_pkey PRIMARY KEY (id);


--
-- Name: app_historialadicional app_historialadicional_pkey; Type: CONSTRAINT; Schema: public; Owner: proyecto_user
--

ALTER TABLE ONLY public.app_historialadicional
    ADD CONSTRAINT app_historialadicional_pkey PRIMARY KEY (id);


--
-- Name: app_historialbalancin app_historialbalancin_pkey; Type: CONSTRAINT; Schema: public; Owner: proyecto_user
--

ALTER TABLE ONLY public.app_historialbalancin
    ADD CONSTRAINT app_historialbalancin_pkey PRIMARY KEY (id);


--
-- Name: app_historialrepuesto app_historialrepuesto_pkey; Type: CONSTRAINT; Schema: public; Owner: proyecto_user
--

ALTER TABLE ONLY public.app_historialrepuesto
    ADD CONSTRAINT app_historialrepuesto_pkey PRIMARY KEY (id);


--
-- Name: app_item_formulario_reacondicionamiento app_item_formulario_reacondicionamiento_pkey; Type: CONSTRAINT; Schema: public; Owner: proyecto_user
--

ALTER TABLE ONLY public.app_item_formulario_reacondicionamiento
    ADD CONSTRAINT app_item_formulario_reacondicionamiento_pkey PRIMARY KEY (id);


--
-- Name: app_linea app_linea_nombre_key; Type: CONSTRAINT; Schema: public; Owner: proyecto_user
--

ALTER TABLE ONLY public.app_linea
    ADD CONSTRAINT app_linea_nombre_key UNIQUE (nombre);


--
-- Name: app_linea app_linea_pkey; Type: CONSTRAINT; Schema: public; Owner: proyecto_user
--

ALTER TABLE ONLY public.app_linea
    ADD CONSTRAINT app_linea_pkey PRIMARY KEY (id);


--
-- Name: app_registroactividad app_registroactividad_pkey; Type: CONSTRAINT; Schema: public; Owner: proyecto_user
--

ALTER TABLE ONLY public.app_registroactividad
    ADD CONSTRAINT app_registroactividad_pkey PRIMARY KEY (id);


--
-- Name: app_repuestoadicional app_repuestoadicional_pkey; Type: CONSTRAINT; Schema: public; Owner: proyecto_user
--

ALTER TABLE ONLY public.app_repuestoadicional
    ADD CONSTRAINT app_repuestoadicional_pkey PRIMARY KEY (item);


--
-- Name: app_repuestobalancin app_repuestobalancin_pkey; Type: CONSTRAINT; Schema: public; Owner: proyecto_user
--

ALTER TABLE ONLY public.app_repuestobalancin
    ADD CONSTRAINT app_repuestobalancin_pkey PRIMARY KEY (item);


--
-- Name: app_seccion app_seccion_nombre_key; Type: CONSTRAINT; Schema: public; Owner: proyecto_user
--

ALTER TABLE ONLY public.app_seccion
    ADD CONSTRAINT app_seccion_nombre_key UNIQUE (nombre);


--
-- Name: app_seccion app_seccion_pkey; Type: CONSTRAINT; Schema: public; Owner: proyecto_user
--

ALTER TABLE ONLY public.app_seccion
    ADD CONSTRAINT app_seccion_pkey PRIMARY KEY (id);


--
-- Name: app_tipobalancin app_tipobalancin_pkey; Type: CONSTRAINT; Schema: public; Owner: proyecto_user
--

ALTER TABLE ONLY public.app_tipobalancin
    ADD CONSTRAINT app_tipobalancin_pkey PRIMARY KEY (codigo);


--
-- Name: app_torre app_torre_pkey; Type: CONSTRAINT; Schema: public; Owner: proyecto_user
--

ALTER TABLE ONLY public.app_torre
    ADD CONSTRAINT app_torre_pkey PRIMARY KEY (id);


--
-- Name: app_usuario app_usuario_email_key; Type: CONSTRAINT; Schema: public; Owner: proyecto_user
--

ALTER TABLE ONLY public.app_usuario
    ADD CONSTRAINT app_usuario_email_key UNIQUE (email);


--
-- Name: app_usuario_groups app_usuario_groups_pkey; Type: CONSTRAINT; Schema: public; Owner: proyecto_user
--

ALTER TABLE ONLY public.app_usuario_groups
    ADD CONSTRAINT app_usuario_groups_pkey PRIMARY KEY (id);


--
-- Name: app_usuario_groups app_usuario_groups_usuario_id_group_id_0f4abc88_uniq; Type: CONSTRAINT; Schema: public; Owner: proyecto_user
--

ALTER TABLE ONLY public.app_usuario_groups
    ADD CONSTRAINT app_usuario_groups_usuario_id_group_id_0f4abc88_uniq UNIQUE (usuario_id, group_id);


--
-- Name: app_usuario app_usuario_pkey; Type: CONSTRAINT; Schema: public; Owner: proyecto_user
--

ALTER TABLE ONLY public.app_usuario
    ADD CONSTRAINT app_usuario_pkey PRIMARY KEY (id);


--
-- Name: app_usuario_user_permissions app_usuario_user_permiss_usuario_id_permission_id_6fd11793_uniq; Type: CONSTRAINT; Schema: public; Owner: proyecto_user
--

ALTER TABLE ONLY public.app_usuario_user_permissions
    ADD CONSTRAINT app_usuario_user_permiss_usuario_id_permission_id_6fd11793_uniq UNIQUE (usuario_id, permission_id);


--
-- Name: app_usuario_user_permissions app_usuario_user_permissions_pkey; Type: CONSTRAINT; Schema: public; Owner: proyecto_user
--

ALTER TABLE ONLY public.app_usuario_user_permissions
    ADD CONSTRAINT app_usuario_user_permissions_pkey PRIMARY KEY (id);


--
-- Name: auth_group auth_group_name_key; Type: CONSTRAINT; Schema: public; Owner: proyecto_user
--

ALTER TABLE ONLY public.auth_group
    ADD CONSTRAINT auth_group_name_key UNIQUE (name);


--
-- Name: auth_group_permissions auth_group_permissions_group_id_permission_id_0cd325b0_uniq; Type: CONSTRAINT; Schema: public; Owner: proyecto_user
--

ALTER TABLE ONLY public.auth_group_permissions
    ADD CONSTRAINT auth_group_permissions_group_id_permission_id_0cd325b0_uniq UNIQUE (group_id, permission_id);


--
-- Name: auth_group_permissions auth_group_permissions_pkey; Type: CONSTRAINT; Schema: public; Owner: proyecto_user
--

ALTER TABLE ONLY public.auth_group_permissions
    ADD CONSTRAINT auth_group_permissions_pkey PRIMARY KEY (id);


--
-- Name: auth_group auth_group_pkey; Type: CONSTRAINT; Schema: public; Owner: proyecto_user
--

ALTER TABLE ONLY public.auth_group
    ADD CONSTRAINT auth_group_pkey PRIMARY KEY (id);


--
-- Name: auth_permission auth_permission_content_type_id_codename_01ab375a_uniq; Type: CONSTRAINT; Schema: public; Owner: proyecto_user
--

ALTER TABLE ONLY public.auth_permission
    ADD CONSTRAINT auth_permission_content_type_id_codename_01ab375a_uniq UNIQUE (content_type_id, codename);


--
-- Name: auth_permission auth_permission_pkey; Type: CONSTRAINT; Schema: public; Owner: proyecto_user
--

ALTER TABLE ONLY public.auth_permission
    ADD CONSTRAINT auth_permission_pkey PRIMARY KEY (id);


--
-- Name: django_admin_log django_admin_log_pkey; Type: CONSTRAINT; Schema: public; Owner: proyecto_user
--

ALTER TABLE ONLY public.django_admin_log
    ADD CONSTRAINT django_admin_log_pkey PRIMARY KEY (id);


--
-- Name: django_content_type django_content_type_app_label_model_76bd3d3b_uniq; Type: CONSTRAINT; Schema: public; Owner: proyecto_user
--

ALTER TABLE ONLY public.django_content_type
    ADD CONSTRAINT django_content_type_app_label_model_76bd3d3b_uniq UNIQUE (app_label, model);


--
-- Name: django_content_type django_content_type_pkey; Type: CONSTRAINT; Schema: public; Owner: proyecto_user
--

ALTER TABLE ONLY public.django_content_type
    ADD CONSTRAINT django_content_type_pkey PRIMARY KEY (id);


--
-- Name: django_migrations django_migrations_pkey; Type: CONSTRAINT; Schema: public; Owner: proyecto_user
--

ALTER TABLE ONLY public.django_migrations
    ADD CONSTRAINT django_migrations_pkey PRIMARY KEY (id);


--
-- Name: django_session django_session_pkey; Type: CONSTRAINT; Schema: public; Owner: proyecto_user
--

ALTER TABLE ONLY public.django_session
    ADD CONSTRAINT django_session_pkey PRIMARY KEY (session_key);


--
-- Name: app_torre torre_unica_linea_seccion_numero; Type: CONSTRAINT; Schema: public; Owner: proyecto_user
--

ALTER TABLE ONLY public.app_torre
    ADD CONSTRAINT torre_unica_linea_seccion_numero UNIQUE (linea_id, seccion_id, numero_torre);


--
-- Name: app_historial_oh unique_balancin_oh; Type: CONSTRAINT; Schema: public; Owner: proyecto_user
--

ALTER TABLE ONLY public.app_historial_oh
    ADD CONSTRAINT unique_balancin_oh UNIQUE (balancin_codigo, numero_oh);


--
-- Name: app_balancinindividual unique_torre_sentido; Type: CONSTRAINT; Schema: public; Owner: proyecto_user
--

ALTER TABLE ONLY public.app_balancinindividual
    ADD CONSTRAINT unique_torre_sentido UNIQUE (torre_id, sentido);


--
-- Name: app_activit_action_74eff8_idx; Type: INDEX; Schema: public; Owner: proyecto_user
--

CREATE INDEX app_activit_action_74eff8_idx ON public.app_activitylog USING btree (action);


--
-- Name: app_activit_created_969895_idx; Type: INDEX; Schema: public; Owner: proyecto_user
--

CREATE INDEX app_activit_created_969895_idx ON public.app_activitylog USING btree (created_at DESC);


--
-- Name: app_activit_module_f8402d_idx; Type: INDEX; Schema: public; Owner: proyecto_user
--

CREATE INDEX app_activit_module_f8402d_idx ON public.app_activitylog USING btree (module);


--
-- Name: app_activit_object__52eb02_idx; Type: INDEX; Schema: public; Owner: proyecto_user
--

CREATE INDEX app_activit_object__52eb02_idx ON public.app_activitylog USING btree (object_id);


--
-- Name: app_activit_user_id_385657_idx; Type: INDEX; Schema: public; Owner: proyecto_user
--

CREATE INDEX app_activit_user_id_385657_idx ON public.app_activitylog USING btree (user_id);


--
-- Name: app_activitylog_user_id_8f1ca209; Type: INDEX; Schema: public; Owner: proyecto_user
--

CREATE INDEX app_activitylog_user_id_8f1ca209 ON public.app_activitylog USING btree (user_id);


--
-- Name: app_config_repuestos_tipo_conjunto_padre_id_79ec3b57; Type: INDEX; Schema: public; Owner: proyecto_user
--

CREATE INDEX app_config_repuestos_tipo_conjunto_padre_id_79ec3b57 ON public.app_config_repuestos_tipo USING btree (conjunto_padre_id);


--
-- Name: app_config_repuestos_tipo_repuesto_id_28d391f6; Type: INDEX; Schema: public; Owner: proyecto_user
--

CREATE INDEX app_config_repuestos_tipo_repuesto_id_28d391f6 ON public.app_config_repuestos_tipo USING btree (repuesto_id);


--
-- Name: app_config_repuestos_tipo_repuesto_id_28d391f6_like; Type: INDEX; Schema: public; Owner: proyecto_user
--

CREATE INDEX app_config_repuestos_tipo_repuesto_id_28d391f6_like ON public.app_config_repuestos_tipo USING btree (repuesto_id varchar_pattern_ops);


--
-- Name: app_config_repuestos_tipo_tipo_balancin_codigo_b514b3ff; Type: INDEX; Schema: public; Owner: proyecto_user
--

CREATE INDEX app_config_repuestos_tipo_tipo_balancin_codigo_b514b3ff ON public.app_config_repuestos_tipo USING btree (tipo_balancin_codigo);


--
-- Name: app_config_repuestos_tipo_tipo_balancin_codigo_b514b3ff_like; Type: INDEX; Schema: public; Owner: proyecto_user
--

CREATE INDEX app_config_repuestos_tipo_tipo_balancin_codigo_b514b3ff_like ON public.app_config_repuestos_tipo USING btree (tipo_balancin_codigo varchar_pattern_ops);


--
-- Name: app_formulario_reacondic_codigo_formulario_3c546503_like; Type: INDEX; Schema: public; Owner: proyecto_user
--

CREATE INDEX app_formulario_reacondic_codigo_formulario_3c546503_like ON public.app_formulario_reacondicionamiento USING btree (codigo_formulario varchar_pattern_ops);


--
-- Name: app_formulario_reacondicio_realizado_por_analisis_id_125a66a3; Type: INDEX; Schema: public; Owner: proyecto_user
--

CREATE INDEX app_formulario_reacondicio_realizado_por_analisis_id_125a66a3 ON public.app_formulario_reacondicionamiento USING btree (realizado_por_analisis_id);


--
-- Name: app_formulario_reacondicio_realizado_por_recambio_id_be0f9168; Type: INDEX; Schema: public; Owner: proyecto_user
--

CREATE INDEX app_formulario_reacondicio_realizado_por_recambio_id_be0f9168 ON public.app_formulario_reacondicionamiento USING btree (realizado_por_recambio_id);


--
-- Name: app_formulario_reacondicionamiento_aprobado_por_id_81402954; Type: INDEX; Schema: public; Owner: proyecto_user
--

CREATE INDEX app_formulario_reacondicionamiento_aprobado_por_id_81402954 ON public.app_formulario_reacondicionamiento USING btree (aprobado_por_id);


--
-- Name: app_formulario_reacondicionamiento_balancin_id_63b0b72e; Type: INDEX; Schema: public; Owner: proyecto_user
--

CREATE INDEX app_formulario_reacondicionamiento_balancin_id_63b0b72e ON public.app_formulario_reacondicionamiento USING btree (balancin_id);


--
-- Name: app_formulario_reacondicionamiento_balancin_id_63b0b72e_like; Type: INDEX; Schema: public; Owner: proyecto_user
--

CREATE INDEX app_formulario_reacondicionamiento_balancin_id_63b0b72e_like ON public.app_formulario_reacondicionamiento USING btree (balancin_id varchar_pattern_ops);


--
-- Name: app_formulario_reacondicionamiento_historial_oh_id_024b80ed; Type: INDEX; Schema: public; Owner: proyecto_user
--

CREATE INDEX app_formulario_reacondicionamiento_historial_oh_id_024b80ed ON public.app_formulario_reacondicionamiento USING btree (historial_oh_id);


--
-- Name: app_formulario_reacondicionamiento_usuario_creacion_id_fffe9353; Type: INDEX; Schema: public; Owner: proyecto_user
--

CREATE INDEX app_formulario_reacondicionamiento_usuario_creacion_id_fffe9353 ON public.app_formulario_reacondicionamiento USING btree (usuario_creacion_id);


--
-- Name: app_historialadicional_repuesto_id_3483ccea; Type: INDEX; Schema: public; Owner: proyecto_user
--

CREATE INDEX app_historialadicional_repuesto_id_3483ccea ON public.app_historialadicional USING btree (repuesto_id);


--
-- Name: app_historialadicional_repuesto_id_3483ccea_like; Type: INDEX; Schema: public; Owner: proyecto_user
--

CREATE INDEX app_historialadicional_repuesto_id_3483ccea_like ON public.app_historialadicional USING btree (repuesto_id varchar_pattern_ops);


--
-- Name: app_historialadicional_usuario_id_f0667008; Type: INDEX; Schema: public; Owner: proyecto_user
--

CREATE INDEX app_historialadicional_usuario_id_f0667008 ON public.app_historialadicional USING btree (usuario_id);


--
-- Name: app_historialbalancin_balancin_id_758b5e8c; Type: INDEX; Schema: public; Owner: proyecto_user
--

CREATE INDEX app_historialbalancin_balancin_id_758b5e8c ON public.app_historialbalancin USING btree (balancin_id);


--
-- Name: app_historialbalancin_balancin_id_758b5e8c_like; Type: INDEX; Schema: public; Owner: proyecto_user
--

CREATE INDEX app_historialbalancin_balancin_id_758b5e8c_like ON public.app_historialbalancin USING btree (balancin_id varchar_pattern_ops);


--
-- Name: app_historialbalancin_usuario_id_730ed003; Type: INDEX; Schema: public; Owner: proyecto_user
--

CREATE INDEX app_historialbalancin_usuario_id_730ed003 ON public.app_historialbalancin USING btree (usuario_id);


--
-- Name: app_historialrepuesto_repuesto_id_1b4b80aa; Type: INDEX; Schema: public; Owner: proyecto_user
--

CREATE INDEX app_historialrepuesto_repuesto_id_1b4b80aa ON public.app_historialrepuesto USING btree (repuesto_id);


--
-- Name: app_historialrepuesto_repuesto_id_1b4b80aa_like; Type: INDEX; Schema: public; Owner: proyecto_user
--

CREATE INDEX app_historialrepuesto_repuesto_id_1b4b80aa_like ON public.app_historialrepuesto USING btree (repuesto_id varchar_pattern_ops);


--
-- Name: app_item_formulario_reac_formulario_id_9e0b05a0_like; Type: INDEX; Schema: public; Owner: proyecto_user
--

CREATE INDEX app_item_formulario_reac_formulario_id_9e0b05a0_like ON public.app_item_formulario_reacondicionamiento USING btree (formulario_id varchar_pattern_ops);


--
-- Name: app_item_formulario_reac_repuesto_id_972dfeb9_like; Type: INDEX; Schema: public; Owner: proyecto_user
--

CREATE INDEX app_item_formulario_reac_repuesto_id_972dfeb9_like ON public.app_item_formulario_reacondicionamiento USING btree (repuesto_id varchar_pattern_ops);


--
-- Name: app_item_formulario_reacon_configuracion_id_35041361; Type: INDEX; Schema: public; Owner: proyecto_user
--

CREATE INDEX app_item_formulario_reacon_configuracion_id_35041361 ON public.app_item_formulario_reacondicionamiento USING btree (configuracion_id);


--
-- Name: app_item_formulario_reacondicionamiento_formulario_id_9e0b05a0; Type: INDEX; Schema: public; Owner: proyecto_user
--

CREATE INDEX app_item_formulario_reacondicionamiento_formulario_id_9e0b05a0 ON public.app_item_formulario_reacondicionamiento USING btree (formulario_id);


--
-- Name: app_item_formulario_reacondicionamiento_repuesto_id_972dfeb9; Type: INDEX; Schema: public; Owner: proyecto_user
--

CREATE INDEX app_item_formulario_reacondicionamiento_repuesto_id_972dfeb9 ON public.app_item_formulario_reacondicionamiento USING btree (repuesto_id);


--
-- Name: app_registroactividad_usuario_id_df2547ca; Type: INDEX; Schema: public; Owner: proyecto_user
--

CREATE INDEX app_registroactividad_usuario_id_df2547ca ON public.app_registroactividad USING btree (usuario_id);


--
-- Name: app_repuestoadicional_item_12993b69_like; Type: INDEX; Schema: public; Owner: proyecto_user
--

CREATE INDEX app_repuestoadicional_item_12993b69_like ON public.app_repuestoadicional USING btree (item varchar_pattern_ops);


--
-- Name: app_repuestobalancin_item_3fcf1aa8_like; Type: INDEX; Schema: public; Owner: proyecto_user
--

CREATE INDEX app_repuestobalancin_item_3fcf1aa8_like ON public.app_repuestobalancin USING btree (item varchar_pattern_ops);


--
-- Name: app_tipobalancin_codigo_bd957864_like; Type: INDEX; Schema: public; Owner: proyecto_user
--

CREATE INDEX app_tipobalancin_codigo_bd957864_like ON public.app_tipobalancin USING btree (codigo varchar_pattern_ops);


--
-- Name: app_usuario_email_0c530e1a_like; Type: INDEX; Schema: public; Owner: proyecto_user
--

CREATE INDEX app_usuario_email_0c530e1a_like ON public.app_usuario USING btree (email varchar_pattern_ops);


--
-- Name: app_usuario_groups_group_id_b38b0d6e; Type: INDEX; Schema: public; Owner: proyecto_user
--

CREATE INDEX app_usuario_groups_group_id_b38b0d6e ON public.app_usuario_groups USING btree (group_id);


--
-- Name: app_usuario_groups_usuario_id_691971dd; Type: INDEX; Schema: public; Owner: proyecto_user
--

CREATE INDEX app_usuario_groups_usuario_id_691971dd ON public.app_usuario_groups USING btree (usuario_id);


--
-- Name: app_usuario_user_permissions_permission_id_fbaf8fa8; Type: INDEX; Schema: public; Owner: proyecto_user
--

CREATE INDEX app_usuario_user_permissions_permission_id_fbaf8fa8 ON public.app_usuario_user_permissions USING btree (permission_id);


--
-- Name: app_usuario_user_permissions_usuario_id_d2c76ed5; Type: INDEX; Schema: public; Owner: proyecto_user
--

CREATE INDEX app_usuario_user_permissions_usuario_id_d2c76ed5 ON public.app_usuario_user_permissions USING btree (usuario_id);


--
-- Name: auth_group_name_a6ea08ec_like; Type: INDEX; Schema: public; Owner: proyecto_user
--

CREATE INDEX auth_group_name_a6ea08ec_like ON public.auth_group USING btree (name varchar_pattern_ops);


--
-- Name: auth_group_permissions_group_id_b120cbf9; Type: INDEX; Schema: public; Owner: proyecto_user
--

CREATE INDEX auth_group_permissions_group_id_b120cbf9 ON public.auth_group_permissions USING btree (group_id);


--
-- Name: auth_group_permissions_permission_id_84c5c92e; Type: INDEX; Schema: public; Owner: proyecto_user
--

CREATE INDEX auth_group_permissions_permission_id_84c5c92e ON public.auth_group_permissions USING btree (permission_id);


--
-- Name: auth_permission_content_type_id_2f476e4b; Type: INDEX; Schema: public; Owner: proyecto_user
--

CREATE INDEX auth_permission_content_type_id_2f476e4b ON public.auth_permission USING btree (content_type_id);


--
-- Name: django_admin_log_content_type_id_c4bce8eb; Type: INDEX; Schema: public; Owner: proyecto_user
--

CREATE INDEX django_admin_log_content_type_id_c4bce8eb ON public.django_admin_log USING btree (content_type_id);


--
-- Name: django_admin_log_user_id_c564eba6; Type: INDEX; Schema: public; Owner: proyecto_user
--

CREATE INDEX django_admin_log_user_id_c564eba6 ON public.django_admin_log USING btree (user_id);


--
-- Name: django_session_expire_date_a5c62663; Type: INDEX; Schema: public; Owner: proyecto_user
--

CREATE INDEX django_session_expire_date_a5c62663 ON public.django_session USING btree (expire_date);


--
-- Name: django_session_session_key_c0390e0f_like; Type: INDEX; Schema: public; Owner: proyecto_user
--

CREATE INDEX django_session_session_key_c0390e0f_like ON public.django_session USING btree (session_key varchar_pattern_ops);


--
-- Name: idx_historial_anio; Type: INDEX; Schema: public; Owner: proyecto_user
--

CREATE INDEX idx_historial_anio ON public.app_historial_oh USING btree (anio);


--
-- Name: idx_historial_balancin; Type: INDEX; Schema: public; Owner: proyecto_user
--

CREATE INDEX idx_historial_balancin ON public.app_historial_oh USING btree (balancin_codigo);


--
-- Name: idx_historial_fecha; Type: INDEX; Schema: public; Owner: proyecto_user
--

CREATE INDEX idx_historial_fecha ON public.app_historial_oh USING btree (fecha_oh);


--
-- Name: idx_historial_linea; Type: INDEX; Schema: public; Owner: proyecto_user
--

CREATE INDEX idx_historial_linea ON public.app_historial_oh USING btree (linea_nombre);


--
-- Name: idx_historial_torre; Type: INDEX; Schema: public; Owner: proyecto_user
--

CREATE INDEX idx_historial_torre ON public.app_historial_oh USING btree (torre_numero);


--
-- Name: idx_torre_linea; Type: INDEX; Schema: public; Owner: proyecto_user
--

CREATE INDEX idx_torre_linea ON public.app_torre USING btree (linea_id);


--
-- Name: idx_torre_linea_numero; Type: INDEX; Schema: public; Owner: proyecto_user
--

CREATE INDEX idx_torre_linea_numero ON public.app_torre USING btree (linea_id, numero_torre);


--
-- Name: idx_torre_numero; Type: INDEX; Schema: public; Owner: proyecto_user
--

CREATE INDEX idx_torre_numero ON public.app_torre USING btree (numero_torre);


--
-- Name: idx_torre_seccion; Type: INDEX; Schema: public; Owner: proyecto_user
--

CREATE INDEX idx_torre_seccion ON public.app_torre USING btree (seccion_id);


--
-- Name: app_activitylog app_activitylog_user_id_8f1ca209_fk_app_usuario_id; Type: FK CONSTRAINT; Schema: public; Owner: proyecto_user
--

ALTER TABLE ONLY public.app_activitylog
    ADD CONSTRAINT app_activitylog_user_id_8f1ca209_fk_app_usuario_id FOREIGN KEY (user_id) REFERENCES public.app_usuario(id) DEFERRABLE INITIALLY DEFERRED;


--
-- Name: app_config_repuestos_tipo app_config_repuestos_conjunto_padre_id_79ec3b57_fk_app_confi; Type: FK CONSTRAINT; Schema: public; Owner: proyecto_user
--

ALTER TABLE ONLY public.app_config_repuestos_tipo
    ADD CONSTRAINT app_config_repuestos_conjunto_padre_id_79ec3b57_fk_app_confi FOREIGN KEY (conjunto_padre_id) REFERENCES public.app_config_repuestos_tipo(id) DEFERRABLE INITIALLY DEFERRED;


--
-- Name: app_config_repuestos_tipo app_config_repuestos_repuesto_id_28d391f6_fk_app_repue; Type: FK CONSTRAINT; Schema: public; Owner: proyecto_user
--

ALTER TABLE ONLY public.app_config_repuestos_tipo
    ADD CONSTRAINT app_config_repuestos_repuesto_id_28d391f6_fk_app_repue FOREIGN KEY (repuesto_id) REFERENCES public.app_repuestobalancin(item) DEFERRABLE INITIALLY DEFERRED;


--
-- Name: app_config_repuestos_tipo app_config_repuestos_tipo_balancin_codigo_b514b3ff_fk_app_tipob; Type: FK CONSTRAINT; Schema: public; Owner: proyecto_user
--

ALTER TABLE ONLY public.app_config_repuestos_tipo
    ADD CONSTRAINT app_config_repuestos_tipo_balancin_codigo_b514b3ff_fk_app_tipob FOREIGN KEY (tipo_balancin_codigo) REFERENCES public.app_tipobalancin(codigo) DEFERRABLE INITIALLY DEFERRED;


--
-- Name: app_formulario_reacondicionamiento app_formulario_reaco_aprobado_por_id_81402954_fk_app_usuar; Type: FK CONSTRAINT; Schema: public; Owner: proyecto_user
--

ALTER TABLE ONLY public.app_formulario_reacondicionamiento
    ADD CONSTRAINT app_formulario_reaco_aprobado_por_id_81402954_fk_app_usuar FOREIGN KEY (aprobado_por_id) REFERENCES public.app_usuario(id) DEFERRABLE INITIALLY DEFERRED;


--
-- Name: app_formulario_reacondicionamiento app_formulario_reaco_balancin_id_63b0b72e_fk_app_balan; Type: FK CONSTRAINT; Schema: public; Owner: proyecto_user
--

ALTER TABLE ONLY public.app_formulario_reacondicionamiento
    ADD CONSTRAINT app_formulario_reaco_balancin_id_63b0b72e_fk_app_balan FOREIGN KEY (balancin_id) REFERENCES public.app_balancinindividual(codigo) DEFERRABLE INITIALLY DEFERRED;


--
-- Name: app_formulario_reacondicionamiento app_formulario_reaco_historial_oh_id_024b80ed_fk_app_histo; Type: FK CONSTRAINT; Schema: public; Owner: proyecto_user
--

ALTER TABLE ONLY public.app_formulario_reacondicionamiento
    ADD CONSTRAINT app_formulario_reaco_historial_oh_id_024b80ed_fk_app_histo FOREIGN KEY (historial_oh_id) REFERENCES public.app_historial_oh(id) DEFERRABLE INITIALLY DEFERRED;


--
-- Name: app_formulario_reacondicionamiento app_formulario_reaco_realizado_por_analis_125a66a3_fk_app_usuar; Type: FK CONSTRAINT; Schema: public; Owner: proyecto_user
--

ALTER TABLE ONLY public.app_formulario_reacondicionamiento
    ADD CONSTRAINT app_formulario_reaco_realizado_por_analis_125a66a3_fk_app_usuar FOREIGN KEY (realizado_por_analisis_id) REFERENCES public.app_usuario(id) DEFERRABLE INITIALLY DEFERRED;


--
-- Name: app_formulario_reacondicionamiento app_formulario_reaco_realizado_por_recamb_be0f9168_fk_app_usuar; Type: FK CONSTRAINT; Schema: public; Owner: proyecto_user
--

ALTER TABLE ONLY public.app_formulario_reacondicionamiento
    ADD CONSTRAINT app_formulario_reaco_realizado_por_recamb_be0f9168_fk_app_usuar FOREIGN KEY (realizado_por_recambio_id) REFERENCES public.app_usuario(id) DEFERRABLE INITIALLY DEFERRED;


--
-- Name: app_formulario_reacondicionamiento app_formulario_reaco_usuario_creacion_id_fffe9353_fk_app_usuar; Type: FK CONSTRAINT; Schema: public; Owner: proyecto_user
--

ALTER TABLE ONLY public.app_formulario_reacondicionamiento
    ADD CONSTRAINT app_formulario_reaco_usuario_creacion_id_fffe9353_fk_app_usuar FOREIGN KEY (usuario_creacion_id) REFERENCES public.app_usuario(id) DEFERRABLE INITIALLY DEFERRED;


--
-- Name: app_historial_oh app_historial_oh_balancin_codigo_fkey; Type: FK CONSTRAINT; Schema: public; Owner: proyecto_user
--

ALTER TABLE ONLY public.app_historial_oh
    ADD CONSTRAINT app_historial_oh_balancin_codigo_fkey FOREIGN KEY (balancin_codigo) REFERENCES public.app_balancinindividual(codigo) ON DELETE CASCADE;


--
-- Name: app_historialadicional app_historialadicion_repuesto_id_3483ccea_fk_app_repue; Type: FK CONSTRAINT; Schema: public; Owner: proyecto_user
--

ALTER TABLE ONLY public.app_historialadicional
    ADD CONSTRAINT app_historialadicion_repuesto_id_3483ccea_fk_app_repue FOREIGN KEY (repuesto_id) REFERENCES public.app_repuestoadicional(item) DEFERRABLE INITIALLY DEFERRED;


--
-- Name: app_historialadicional app_historialadicional_usuario_id_f0667008_fk_app_usuario_id; Type: FK CONSTRAINT; Schema: public; Owner: proyecto_user
--

ALTER TABLE ONLY public.app_historialadicional
    ADD CONSTRAINT app_historialadicional_usuario_id_f0667008_fk_app_usuario_id FOREIGN KEY (usuario_id) REFERENCES public.app_usuario(id) DEFERRABLE INITIALLY DEFERRED;


--
-- Name: app_historialbalancin app_historialbalancin_usuario_id_730ed003_fk_app_usuario_id; Type: FK CONSTRAINT; Schema: public; Owner: proyecto_user
--

ALTER TABLE ONLY public.app_historialbalancin
    ADD CONSTRAINT app_historialbalancin_usuario_id_730ed003_fk_app_usuario_id FOREIGN KEY (usuario_id) REFERENCES public.app_usuario(id) DEFERRABLE INITIALLY DEFERRED;


--
-- Name: app_historialrepuesto app_historialrepuest_repuesto_id_1b4b80aa_fk_app_repue; Type: FK CONSTRAINT; Schema: public; Owner: proyecto_user
--

ALTER TABLE ONLY public.app_historialrepuesto
    ADD CONSTRAINT app_historialrepuest_repuesto_id_1b4b80aa_fk_app_repue FOREIGN KEY (repuesto_id) REFERENCES public.app_repuestobalancin(item) DEFERRABLE INITIALLY DEFERRED;


--
-- Name: app_item_formulario_reacondicionamiento app_item_formulario__configuracion_id_35041361_fk_app_confi; Type: FK CONSTRAINT; Schema: public; Owner: proyecto_user
--

ALTER TABLE ONLY public.app_item_formulario_reacondicionamiento
    ADD CONSTRAINT app_item_formulario__configuracion_id_35041361_fk_app_confi FOREIGN KEY (configuracion_id) REFERENCES public.app_config_repuestos_tipo(id) DEFERRABLE INITIALLY DEFERRED;


--
-- Name: app_item_formulario_reacondicionamiento app_item_formulario__formulario_id_9e0b05a0_fk_app_formu; Type: FK CONSTRAINT; Schema: public; Owner: proyecto_user
--

ALTER TABLE ONLY public.app_item_formulario_reacondicionamiento
    ADD CONSTRAINT app_item_formulario__formulario_id_9e0b05a0_fk_app_formu FOREIGN KEY (formulario_id) REFERENCES public.app_formulario_reacondicionamiento(codigo_formulario) DEFERRABLE INITIALLY DEFERRED;


--
-- Name: app_item_formulario_reacondicionamiento app_item_formulario__repuesto_id_972dfeb9_fk_app_repue; Type: FK CONSTRAINT; Schema: public; Owner: proyecto_user
--

ALTER TABLE ONLY public.app_item_formulario_reacondicionamiento
    ADD CONSTRAINT app_item_formulario__repuesto_id_972dfeb9_fk_app_repue FOREIGN KEY (repuesto_id) REFERENCES public.app_repuestobalancin(item) DEFERRABLE INITIALLY DEFERRED;


--
-- Name: app_registroactividad app_registroactividad_usuario_id_df2547ca_fk_app_usuario_id; Type: FK CONSTRAINT; Schema: public; Owner: proyecto_user
--

ALTER TABLE ONLY public.app_registroactividad
    ADD CONSTRAINT app_registroactividad_usuario_id_df2547ca_fk_app_usuario_id FOREIGN KEY (usuario_id) REFERENCES public.app_usuario(id) DEFERRABLE INITIALLY DEFERRED;


--
-- Name: app_torre app_torre_linea_id_fkey; Type: FK CONSTRAINT; Schema: public; Owner: proyecto_user
--

ALTER TABLE ONLY public.app_torre
    ADD CONSTRAINT app_torre_linea_id_fkey FOREIGN KEY (linea_id) REFERENCES public.app_linea(id) ON DELETE CASCADE;


--
-- Name: app_torre app_torre_seccion_id_fkey; Type: FK CONSTRAINT; Schema: public; Owner: proyecto_user
--

ALTER TABLE ONLY public.app_torre
    ADD CONSTRAINT app_torre_seccion_id_fkey FOREIGN KEY (seccion_id) REFERENCES public.app_seccion(id);


--
-- Name: app_torre app_torre_tipo_balancin_ascendente_fkey; Type: FK CONSTRAINT; Schema: public; Owner: proyecto_user
--

ALTER TABLE ONLY public.app_torre
    ADD CONSTRAINT app_torre_tipo_balancin_ascendente_fkey FOREIGN KEY (tipo_balancin_ascendente) REFERENCES public.app_tipobalancin(codigo);


--
-- Name: app_torre app_torre_tipo_balancin_descendente_fkey; Type: FK CONSTRAINT; Schema: public; Owner: proyecto_user
--

ALTER TABLE ONLY public.app_torre
    ADD CONSTRAINT app_torre_tipo_balancin_descendente_fkey FOREIGN KEY (tipo_balancin_descendente) REFERENCES public.app_tipobalancin(codigo);


--
-- Name: app_usuario_groups app_usuario_groups_group_id_b38b0d6e_fk_auth_group_id; Type: FK CONSTRAINT; Schema: public; Owner: proyecto_user
--

ALTER TABLE ONLY public.app_usuario_groups
    ADD CONSTRAINT app_usuario_groups_group_id_b38b0d6e_fk_auth_group_id FOREIGN KEY (group_id) REFERENCES public.auth_group(id) DEFERRABLE INITIALLY DEFERRED;


--
-- Name: app_usuario_groups app_usuario_groups_usuario_id_691971dd_fk_app_usuario_id; Type: FK CONSTRAINT; Schema: public; Owner: proyecto_user
--

ALTER TABLE ONLY public.app_usuario_groups
    ADD CONSTRAINT app_usuario_groups_usuario_id_691971dd_fk_app_usuario_id FOREIGN KEY (usuario_id) REFERENCES public.app_usuario(id) DEFERRABLE INITIALLY DEFERRED;


--
-- Name: app_usuario_user_permissions app_usuario_user_per_permission_id_fbaf8fa8_fk_auth_perm; Type: FK CONSTRAINT; Schema: public; Owner: proyecto_user
--

ALTER TABLE ONLY public.app_usuario_user_permissions
    ADD CONSTRAINT app_usuario_user_per_permission_id_fbaf8fa8_fk_auth_perm FOREIGN KEY (permission_id) REFERENCES public.auth_permission(id) DEFERRABLE INITIALLY DEFERRED;


--
-- Name: app_usuario_user_permissions app_usuario_user_per_usuario_id_d2c76ed5_fk_app_usuar; Type: FK CONSTRAINT; Schema: public; Owner: proyecto_user
--

ALTER TABLE ONLY public.app_usuario_user_permissions
    ADD CONSTRAINT app_usuario_user_per_usuario_id_d2c76ed5_fk_app_usuar FOREIGN KEY (usuario_id) REFERENCES public.app_usuario(id) DEFERRABLE INITIALLY DEFERRED;


--
-- Name: auth_group_permissions auth_group_permissio_permission_id_84c5c92e_fk_auth_perm; Type: FK CONSTRAINT; Schema: public; Owner: proyecto_user
--

ALTER TABLE ONLY public.auth_group_permissions
    ADD CONSTRAINT auth_group_permissio_permission_id_84c5c92e_fk_auth_perm FOREIGN KEY (permission_id) REFERENCES public.auth_permission(id) DEFERRABLE INITIALLY DEFERRED;


--
-- Name: auth_group_permissions auth_group_permissions_group_id_b120cbf9_fk_auth_group_id; Type: FK CONSTRAINT; Schema: public; Owner: proyecto_user
--

ALTER TABLE ONLY public.auth_group_permissions
    ADD CONSTRAINT auth_group_permissions_group_id_b120cbf9_fk_auth_group_id FOREIGN KEY (group_id) REFERENCES public.auth_group(id) DEFERRABLE INITIALLY DEFERRED;


--
-- Name: auth_permission auth_permission_content_type_id_2f476e4b_fk_django_co; Type: FK CONSTRAINT; Schema: public; Owner: proyecto_user
--

ALTER TABLE ONLY public.auth_permission
    ADD CONSTRAINT auth_permission_content_type_id_2f476e4b_fk_django_co FOREIGN KEY (content_type_id) REFERENCES public.django_content_type(id) DEFERRABLE INITIALLY DEFERRED;


--
-- Name: django_admin_log django_admin_log_content_type_id_c4bce8eb_fk_django_co; Type: FK CONSTRAINT; Schema: public; Owner: proyecto_user
--

ALTER TABLE ONLY public.django_admin_log
    ADD CONSTRAINT django_admin_log_content_type_id_c4bce8eb_fk_django_co FOREIGN KEY (content_type_id) REFERENCES public.django_content_type(id) DEFERRABLE INITIALLY DEFERRED;


--
-- Name: django_admin_log django_admin_log_user_id_c564eba6_fk_app_usuario_id; Type: FK CONSTRAINT; Schema: public; Owner: proyecto_user
--

ALTER TABLE ONLY public.django_admin_log
    ADD CONSTRAINT django_admin_log_user_id_c564eba6_fk_app_usuario_id FOREIGN KEY (user_id) REFERENCES public.app_usuario(id) DEFERRABLE INITIALLY DEFERRED;


--
-- Name: app_balancinindividual fk_balancin_torre; Type: FK CONSTRAINT; Schema: public; Owner: proyecto_user
--

ALTER TABLE ONLY public.app_balancinindividual
    ADD CONSTRAINT fk_balancin_torre FOREIGN KEY (torre_id) REFERENCES public.app_torre(id) ON DELETE CASCADE;


--
-- PostgreSQL database dump complete
--

\unrestrict lkkRUa1fb1YRMkvkx7YVuGUigQddwYlk6YS2DHwLbaV8jkj1aVUNcjbftlN5XbS

