--
-- PostgreSQL database dump
--

\restrict Kc67cyU81diTzmygxyPJM756l3kASbRDH85pncn5qGmKb945Q0ffOVOypwlpaZS

-- Dumped from database version 15.15
-- Dumped by pg_dump version 15.15

SET statement_timeout = 0;
SET lock_timeout = 0;
SET idle_in_transaction_session_timeout = 0;
SET client_encoding = 'UTF8';
SET standard_conforming_strings = on;
SELECT pg_catalog.set_config('search_path', '', false);
SET check_function_bodies = false;
SET xmloption = content;
SET client_min_messages = warning;
SET row_security = off;

SET default_tablespace = '';

SET default_table_access_method = heap;

--
-- Name: app_balancinindividual; Type: TABLE; Schema: public; Owner: proyecto_user
--

CREATE TABLE public.app_balancinindividual (
    serial character varying(50) NOT NULL,
    estado character varying(20) NOT NULL,
    fecha_ingreso timestamp with time zone NOT NULL,
    fecha_ultimo_movimiento timestamp with time zone NOT NULL,
    fecha_salida timestamp with time zone,
    ubicacion_actual character varying(200) NOT NULL,
    observaciones text NOT NULL,
    tipo_id character varying(50) NOT NULL
);


ALTER TABLE public.app_balancinindividual OWNER TO proyecto_user;

--
-- Name: app_historialbalancin; Type: TABLE; Schema: public; Owner: proyecto_user
--

CREATE TABLE public.app_historialbalancin (
    id bigint NOT NULL,
    estado_anterior character varying(20) NOT NULL,
    estado_nuevo character varying(20) NOT NULL,
    accion character varying(100) NOT NULL,
    observaciones text NOT NULL,
    fecha_cambio timestamp with time zone NOT NULL,
    balancin_id character varying(50) NOT NULL,
    usuario_id bigint
);


ALTER TABLE public.app_historialbalancin OWNER TO proyecto_user;

--
-- Name: app_historialbalancin_id_seq; Type: SEQUENCE; Schema: public; Owner: proyecto_user
--

ALTER TABLE public.app_historialbalancin ALTER COLUMN id ADD GENERATED BY DEFAULT AS IDENTITY (
    SEQUENCE NAME public.app_historialbalancin_id_seq
    START WITH 1
    INCREMENT BY 1
    NO MINVALUE
    NO MAXVALUE
    CACHE 1
);


--
-- Name: app_historialrepuesto; Type: TABLE; Schema: public; Owner: proyecto_user
--

CREATE TABLE public.app_historialrepuesto (
    id bigint NOT NULL,
    tipo_movimiento character varying(20) NOT NULL,
    cantidad integer NOT NULL,
    stock_restante integer NOT NULL,
    observaciones text NOT NULL,
    fecha_movimiento timestamp with time zone NOT NULL,
    repuesto_id character varying(50) NOT NULL,
    CONSTRAINT app_historialrepuesto_stock_restante_check CHECK ((stock_restante >= 0))
);


ALTER TABLE public.app_historialrepuesto OWNER TO proyecto_user;

--
-- Name: app_historialrepuesto_id_seq; Type: SEQUENCE; Schema: public; Owner: proyecto_user
--

ALTER TABLE public.app_historialrepuesto ALTER COLUMN id ADD GENERATED BY DEFAULT AS IDENTITY (
    SEQUENCE NAME public.app_historialrepuesto_id_seq
    START WITH 1
    INCREMENT BY 1
    NO MINVALUE
    NO MAXVALUE
    CACHE 1
);


--
-- Name: app_registroactividad; Type: TABLE; Schema: public; Owner: proyecto_user
--

CREATE TABLE public.app_registroactividad (
    id bigint NOT NULL,
    accion character varying(255) NOT NULL,
    fecha timestamp with time zone NOT NULL,
    detalles text NOT NULL,
    usuario_id bigint NOT NULL
);


ALTER TABLE public.app_registroactividad OWNER TO proyecto_user;

--
-- Name: app_registroactividad_id_seq; Type: SEQUENCE; Schema: public; Owner: proyecto_user
--

ALTER TABLE public.app_registroactividad ALTER COLUMN id ADD GENERATED BY DEFAULT AS IDENTITY (
    SEQUENCE NAME public.app_registroactividad_id_seq
    START WITH 1
    INCREMENT BY 1
    NO MINVALUE
    NO MAXVALUE
    CACHE 1
);


--
-- Name: app_repuestoadicional; Type: TABLE; Schema: public; Owner: proyecto_user
--

CREATE TABLE public.app_repuestoadicional (
    item character varying(50) NOT NULL,
    descripcion text NOT NULL,
    cantidad integer NOT NULL,
    fecha_ingreso timestamp with time zone NOT NULL,
    fecha_ultimo_movimiento timestamp with time zone NOT NULL,
    fecha_ultima_salida timestamp with time zone,
    ubicacion character varying(100) NOT NULL,
    observaciones text NOT NULL,
    CONSTRAINT app_repuestoadicional_cantidad_check CHECK ((cantidad >= 0))
);


ALTER TABLE public.app_repuestoadicional OWNER TO proyecto_user;

--
-- Name: app_repuestobalancin; Type: TABLE; Schema: public; Owner: proyecto_user
--

CREATE TABLE public.app_repuestobalancin (
    item character varying(50) NOT NULL,
    descripcion text NOT NULL,
    cantidad integer NOT NULL,
    fecha_ingreso timestamp with time zone NOT NULL,
    fecha_ultimo_movimiento timestamp with time zone NOT NULL,
    fecha_ultima_salida timestamp with time zone,
    ubicacion character varying(100) NOT NULL,
    observaciones text NOT NULL,
    CONSTRAINT app_repuestobalancin_cantidad_check CHECK ((cantidad >= 0))
);


ALTER TABLE public.app_repuestobalancin OWNER TO proyecto_user;

--
-- Name: app_tipobalancin; Type: TABLE; Schema: public; Owner: proyecto_user
--

CREATE TABLE public.app_tipobalancin (
    codigo character varying(50) NOT NULL,
    tipo character varying(20) NOT NULL,
    cantidad_total integer NOT NULL,
    fecha_registro timestamp with time zone NOT NULL,
    fecha_actualizacion timestamp with time zone NOT NULL,
    CONSTRAINT app_tipobalancin_cantidad_total_check CHECK ((cantidad_total >= 0))
);


ALTER TABLE public.app_tipobalancin OWNER TO proyecto_user;

--
-- Name: app_usuario; Type: TABLE; Schema: public; Owner: proyecto_user
--

CREATE TABLE public.app_usuario (
    id bigint NOT NULL,
    password character varying(128) NOT NULL,
    last_login timestamp with time zone,
    is_superuser boolean NOT NULL,
    email character varying(255) NOT NULL,
    nombre character varying(150) NOT NULL,
    rol character varying(20) NOT NULL,
    is_active boolean NOT NULL,
    is_staff boolean NOT NULL,
    fecha_registro timestamp with time zone NOT NULL,
    ultima_actividad timestamp with time zone NOT NULL
);


ALTER TABLE public.app_usuario OWNER TO proyecto_user;

--
-- Name: app_usuario_groups; Type: TABLE; Schema: public; Owner: proyecto_user
--

CREATE TABLE public.app_usuario_groups (
    id bigint NOT NULL,
    usuario_id bigint NOT NULL,
    group_id integer NOT NULL
);


ALTER TABLE public.app_usuario_groups OWNER TO proyecto_user;

--
-- Name: app_usuario_groups_id_seq; Type: SEQUENCE; Schema: public; Owner: proyecto_user
--

ALTER TABLE public.app_usuario_groups ALTER COLUMN id ADD GENERATED BY DEFAULT AS IDENTITY (
    SEQUENCE NAME public.app_usuario_groups_id_seq
    START WITH 1
    INCREMENT BY 1
    NO MINVALUE
    NO MAXVALUE
    CACHE 1
);


--
-- Name: app_usuario_id_seq; Type: SEQUENCE; Schema: public; Owner: proyecto_user
--

ALTER TABLE public.app_usuario ALTER COLUMN id ADD GENERATED BY DEFAULT AS IDENTITY (
    SEQUENCE NAME public.app_usuario_id_seq
    START WITH 1
    INCREMENT BY 1
    NO MINVALUE
    NO MAXVALUE
    CACHE 1
);


--
-- Name: app_usuario_user_permissions; Type: TABLE; Schema: public; Owner: proyecto_user
--

CREATE TABLE public.app_usuario_user_permissions (
    id bigint NOT NULL,
    usuario_id bigint NOT NULL,
    permission_id integer NOT NULL
);


ALTER TABLE public.app_usuario_user_permissions OWNER TO proyecto_user;

--
-- Name: app_usuario_user_permissions_id_seq; Type: SEQUENCE; Schema: public; Owner: proyecto_user
--

ALTER TABLE public.app_usuario_user_permissions ALTER COLUMN id ADD GENERATED BY DEFAULT AS IDENTITY (
    SEQUENCE NAME public.app_usuario_user_permissions_id_seq
    START WITH 1
    INCREMENT BY 1
    NO MINVALUE
    NO MAXVALUE
    CACHE 1
);


--
-- Name: auth_group; Type: TABLE; Schema: public; Owner: proyecto_user
--

CREATE TABLE public.auth_group (
    id integer NOT NULL,
    name character varying(150) NOT NULL
);


ALTER TABLE public.auth_group OWNER TO proyecto_user;

--
-- Name: auth_group_id_seq; Type: SEQUENCE; Schema: public; Owner: proyecto_user
--

ALTER TABLE public.auth_group ALTER COLUMN id ADD GENERATED BY DEFAULT AS IDENTITY (
    SEQUENCE NAME public.auth_group_id_seq
    START WITH 1
    INCREMENT BY 1
    NO MINVALUE
    NO MAXVALUE
    CACHE 1
);


--
-- Name: auth_group_permissions; Type: TABLE; Schema: public; Owner: proyecto_user
--

CREATE TABLE public.auth_group_permissions (
    id bigint NOT NULL,
    group_id integer NOT NULL,
    permission_id integer NOT NULL
);


ALTER TABLE public.auth_group_permissions OWNER TO proyecto_user;

--
-- Name: auth_group_permissions_id_seq; Type: SEQUENCE; Schema: public; Owner: proyecto_user
--

ALTER TABLE public.auth_group_permissions ALTER COLUMN id ADD GENERATED BY DEFAULT AS IDENTITY (
    SEQUENCE NAME public.auth_group_permissions_id_seq
    START WITH 1
    INCREMENT BY 1
    NO MINVALUE
    NO MAXVALUE
    CACHE 1
);


--
-- Name: auth_permission; Type: TABLE; Schema: public; Owner: proyecto_user
--

CREATE TABLE public.auth_permission (
    id integer NOT NULL,
    name character varying(255) NOT NULL,
    content_type_id integer NOT NULL,
    codename character varying(100) NOT NULL
);


ALTER TABLE public.auth_permission OWNER TO proyecto_user;

--
-- Name: auth_permission_id_seq; Type: SEQUENCE; Schema: public; Owner: proyecto_user
--

ALTER TABLE public.auth_permission ALTER COLUMN id ADD GENERATED BY DEFAULT AS IDENTITY (
    SEQUENCE NAME public.auth_permission_id_seq
    START WITH 1
    INCREMENT BY 1
    NO MINVALUE
    NO MAXVALUE
    CACHE 1
);


--
-- Name: django_admin_log; Type: TABLE; Schema: public; Owner: proyecto_user
--

CREATE TABLE public.django_admin_log (
    id integer NOT NULL,
    action_time timestamp with time zone NOT NULL,
    object_id text,
    object_repr character varying(200) NOT NULL,
    action_flag smallint NOT NULL,
    change_message text NOT NULL,
    content_type_id integer,
    user_id bigint NOT NULL,
    CONSTRAINT django_admin_log_action_flag_check CHECK ((action_flag >= 0))
);


ALTER TABLE public.django_admin_log OWNER TO proyecto_user;

--
-- Name: django_admin_log_id_seq; Type: SEQUENCE; Schema: public; Owner: proyecto_user
--

ALTER TABLE public.django_admin_log ALTER COLUMN id ADD GENERATED BY DEFAULT AS IDENTITY (
    SEQUENCE NAME public.django_admin_log_id_seq
    START WITH 1
    INCREMENT BY 1
    NO MINVALUE
    NO MAXVALUE
    CACHE 1
);


--
-- Name: django_content_type; Type: TABLE; Schema: public; Owner: proyecto_user
--

CREATE TABLE public.django_content_type (
    id integer NOT NULL,
    app_label character varying(100) NOT NULL,
    model character varying(100) NOT NULL
);


ALTER TABLE public.django_content_type OWNER TO proyecto_user;

--
-- Name: django_content_type_id_seq; Type: SEQUENCE; Schema: public; Owner: proyecto_user
--

ALTER TABLE public.django_content_type ALTER COLUMN id ADD GENERATED BY DEFAULT AS IDENTITY (
    SEQUENCE NAME public.django_content_type_id_seq
    START WITH 1
    INCREMENT BY 1
    NO MINVALUE
    NO MAXVALUE
    CACHE 1
);


--
-- Name: django_migrations; Type: TABLE; Schema: public; Owner: proyecto_user
--

CREATE TABLE public.django_migrations (
    id bigint NOT NULL,
    app character varying(255) NOT NULL,
    name character varying(255) NOT NULL,
    applied timestamp with time zone NOT NULL
);


ALTER TABLE public.django_migrations OWNER TO proyecto_user;

--
-- Name: django_migrations_id_seq; Type: SEQUENCE; Schema: public; Owner: proyecto_user
--

ALTER TABLE public.django_migrations ALTER COLUMN id ADD GENERATED BY DEFAULT AS IDENTITY (
    SEQUENCE NAME public.django_migrations_id_seq
    START WITH 1
    INCREMENT BY 1
    NO MINVALUE
    NO MAXVALUE
    CACHE 1
);


--
-- Name: django_session; Type: TABLE; Schema: public; Owner: proyecto_user
--

CREATE TABLE public.django_session (
    session_key character varying(40) NOT NULL,
    session_data text NOT NULL,
    expire_date timestamp with time zone NOT NULL
);


ALTER TABLE public.django_session OWNER TO proyecto_user;

--
-- Data for Name: app_balancinindividual; Type: TABLE DATA; Schema: public; Owner: proyecto_user
--

COPY public.app_balancinindividual (serial, estado, fecha_ingreso, fecha_ultimo_movimiento, fecha_salida, ubicacion_actual, observaciones, tipo_id) FROM stdin;
BAL-SOP-4T-001	servicio	2026-02-04 17:58:51.565366+00	2026-02-04 17:58:51.565366+00	\N	línea roja torre 8	Revisar presión de trabajo	4T-501C
BAL-SOP-4T-002	mantenimiento	2026-02-04 17:58:51.565366+00	2026-02-04 17:58:51.565366+00	\N	TRM	Cambio de válvulas	4T-501C
BAL-SOP-4T-003	mantenimiento	2026-02-04 17:58:51.565366+00	2026-02-04 17:58:51.565366+00	\N	TRM	Calibración de manómetro	4T-501C
BAL-SOP-6T-001	servicio	2026-02-04 17:58:51.582767+00	2026-02-04 17:58:51.582767+00	\N	línea azul torre 4	Funcionando correctamente	6T-501C
BAL-SOP-6T-002	servicio	2026-02-04 17:58:51.582767+00	2026-02-04 17:58:51.582767+00	\N	línea verde torre 12	Monitorear desgaste	6T-501C
BAL-SOP-6T-003	servicio	2026-02-04 17:58:51.582767+00	2026-02-04 17:58:51.582767+00	\N	TRM	En espera de asignación	6T-501C
BAL-SOP-6T-004	mantenimiento	2026-02-04 17:58:51.582767+00	2026-02-04 17:58:51.582767+00	\N	taller mecánico	Revisión de fugas	6T-501C
BAL-SOP-6T-005	averiado	2026-02-04 17:58:51.582767+00	2026-02-04 17:58:51.582767+00	\N	almacén general	Requiere reparación mayor	6T-501C
BAL-SOP-6T-006	servicio	2026-02-04 17:58:51.582767+00	2026-02-04 17:58:51.582767+00	\N	línea amarilla torre 7	OK	6T-501C
BAL-SOP-8T-001	servicio	2026-02-04 17:58:51.607925+00	2026-02-04 17:58:51.607925+00	\N	línea principal torre 1	Funcionamiento óptimo	8T-501C
BAL-SOP-8T-002	servicio	2026-02-04 17:58:51.607925+00	2026-02-04 17:58:51.607925+00	\N	línea principal torre 2	OK	8T-501C
BAL-SOP-8T-003	servicio	2026-02-04 17:58:51.607925+00	2026-02-04 17:58:51.607925+00	\N	línea principal torre 3	Requiere lubricación	8T-501C
BAL-SOP-8T-004	servicio	2026-02-04 17:58:51.607925+00	2026-02-04 17:58:51.607925+00	\N	línea secundaria A	Funcionando	8T-501C
BAL-SOP-8T-005	servicio	2026-02-04 17:58:51.607925+00	2026-02-04 17:58:51.607925+00	\N	línea secundaria B	OK	8T-501C
BAL-SOP-8T-007	servicio	2026-02-04 17:58:51.607925+00	2026-02-04 17:58:51.607925+00	\N	planta baja torre 5	Monitorear presión	8T-501C
BAL-SOP-8T-008	servicio	2026-02-04 17:58:51.607925+00	2026-02-04 17:58:51.607925+00	\N	planta alta torre 6	OK	8T-501C
BAL-SOP-8T-009	mantenimiento	2026-02-04 17:58:51.607925+00	2026-02-04 17:58:51.607925+00	\N	taller hidráulico	Cambio de juntas	8T-501C
BAL-SOP-8T-010	servicio	2026-02-04 17:58:51.607925+00	2026-02-04 17:58:51.607925+00	\N	línea norte torre 9	Funcionando	8T-501C
BAL-SOP-8T-011	servicio	2026-02-04 17:58:51.607925+00	2026-02-04 17:58:51.607925+00	\N	línea sur torre 10	OK	8T-501C
BAL-SOP-8T-012	servicio	2026-02-04 17:58:51.607925+00	2026-02-04 17:58:51.607925+00	\N	línea este torre 11	Requiere limpieza	8T-501C
BAL-SOP-8T-013	servicio	2026-02-04 17:58:51.607925+00	2026-02-04 17:58:51.607925+00	\N	línea oeste torre 13	Funcionando	8T-501C
BAL-SOP-8T-015	servicio	2026-02-04 17:58:51.607925+00	2026-02-04 17:58:51.607925+00	\N	línea central torre 14	OK	8T-501C
BAL-SOP-8T-016	mantenimiento	2026-02-04 17:58:51.607925+00	2026-02-04 17:58:51.607925+00	\N	TRM	Calibración	8T-501C
BAL-SOP-8T-017	servicio	2026-02-04 17:58:51.607925+00	2026-02-04 17:58:51.607925+00	\N	línea roja torre 15	Funcionando	8T-501C
BAL-SOP-8T-018	servicio	2026-02-04 17:58:51.607925+00	2026-02-04 17:58:51.607925+00	\N	línea azul torre 16	OK	8T-501C
BAL-SOP-10T-001	servicio	2026-02-04 17:58:51.629933+00	2026-02-04 17:58:51.629933+00	\N	zona crítica A	Funcionamiento estable	10T-501C
BAL-SOP-10T-002	servicio	2026-02-04 17:58:51.629933+00	2026-02-04 17:58:51.629933+00	\N	zona crítica B	OK	10T-501C
BAL-SOP-10T-003	servicio	2026-02-04 17:58:51.629933+00	2026-02-04 17:58:51.629933+00	\N	zona crítica C	Monitorear temperatura	10T-501C
BAL-SOP-10T-004	servicio	2026-02-04 17:58:51.629933+00	2026-02-04 17:58:51.629933+00	\N	área pesada 1	Funcionando	10T-501C
BAL-SOP-10T-005	servicio	2026-02-04 17:58:51.629933+00	2026-02-04 17:58:51.629933+00	\N	área pesada 2	OK	10T-501C
BAL-SOP-10T-006	mantenimiento	2026-02-04 17:58:51.629933+00	2026-02-04 17:58:51.629933+00	\N	TRM	Revisión de seguridad	10T-501C
BAL-SOP-10T-007	servicio	2026-02-04 17:58:51.629933+00	2026-02-04 17:58:51.629933+00	\N	torre maestra 1	Funcionando	10T-501C
BAL-SOP-10T-008	servicio	2026-02-04 17:58:51.629933+00	2026-02-04 17:58:51.629933+00	\N	torre maestra 2	OK	10T-501C
BAL-SOP-10T-009	servicio	2026-02-04 17:58:51.629933+00	2026-02-04 17:58:51.629933+00	\N	torre maestra 3	Requiere ajuste	10T-501C
BAL-SOP-10T-010	averiado	2026-02-04 17:58:51.629933+00	2026-02-04 17:58:51.629933+00	\N	almacén de reparación	Fuga de aceite	10T-501C
BAL-SOP-10T-011	servicio	2026-02-04 17:58:51.629933+00	2026-02-04 17:58:51.629933+00	\N	plataforma norte	Funcionando	10T-501C
BAL-SOP-10T-012	servicio	2026-02-04 17:58:51.629933+00	2026-02-04 17:58:51.629933+00	\N	plataforma sur	OK	10T-501C
BAL-SOP-10T-013	mantenimiento	2026-02-04 17:58:51.629933+00	2026-02-04 17:58:51.629933+00	\N	taller general	Cambio de filtros	10T-501C
BAL-SOP-10T-014	servicio	2026-02-04 17:58:51.629933+00	2026-02-04 17:58:51.629933+00	\N	estación bombeo 1	Funcionando	10T-501C
BAL-SOP-10T-015	servicio	2026-02-04 17:58:51.629933+00	2026-02-04 17:58:51.629933+00	\N	estación bombeo 2	OK	10T-501C
BAL-SOP-10T-016	servicio	2026-02-04 17:58:51.629933+00	2026-02-04 17:58:51.629933+00	\N	estación bombeo 3	Revisar conexiones	10T-501C
BAL-SOP-12T-001	servicio	2026-02-04 17:58:51.651896+00	2026-02-04 17:58:51.651896+00	\N	sector industrial A	Funcionamiento óptimo	12T-501C
BAL-SOP-12T-002	servicio	2026-02-04 17:58:51.651896+00	2026-02-04 17:58:51.651896+00	\N	sector industrial B	OK	12T-501C
BAL-SOP-12T-003	servicio	2026-02-04 17:58:51.651896+00	2026-02-04 17:58:51.651896+00	\N	sector industrial C	Monitorear desgaste	12T-501C
BAL-SOP-12T-004	servicio	2026-02-04 17:58:51.651896+00	2026-02-04 17:58:51.651896+00	\N	montacargas 1	Funcionando	12T-501C
BAL-SOP-12T-005	servicio	2026-02-04 17:58:51.651896+00	2026-02-04 17:58:51.651896+00	\N	montacargas 2	OK	12T-501C
BAL-SOP-12T-006	mantenimiento	2026-02-04 17:58:51.651896+00	2026-02-04 17:58:51.651896+00	\N	TRM	Revisión completa	12T-501C
BAL-SOP-12T-007	servicio	2026-02-04 17:58:51.651896+00	2026-02-04 17:58:51.651896+00	\N	grúa puente A	Funcionando	12T-501C
BAL-SOP-12T-008	servicio	2026-02-04 17:58:51.651896+00	2026-02-04 17:58:51.651896+00	\N	grúa puente B	OK	12T-501C
BAL-SOP-12T-009	averiado	2026-02-04 17:58:51.651896+00	2026-02-04 17:58:51.651896+00	\N	almacén técnico	Sistema hidráulico dañado	12T-501C
BAL-SOP-12T-010	servicio	2026-02-04 17:58:51.651896+00	2026-02-04 17:58:51.651896+00	\N	zona de carga 1	Funcionando	12T-501C
BAL-SOP-12T-011	servicio	2026-02-04 17:58:51.651896+00	2026-02-04 17:58:51.651896+00	\N	zona de carga 2	OK	12T-501C
BAL-SOP-12T-012	mantenimiento	2026-02-04 17:58:51.651896+00	2026-02-04 17:58:51.651896+00	\N	taller especializado	Cambio de componentes	12T-501C
BAL-SOP-12T-013	servicio	2026-02-04 17:58:51.651896+00	2026-02-04 17:58:51.651896+00	\N	dique seco A	Funcionando	12T-501C
BAL-SOP-12T-014	servicio	2026-02-04 17:58:51.651896+00	2026-02-04 17:58:51.651896+00	\N	dique seco B	Revisar presión	12T-501C
BAL-COMP-8N-001	servicio	2026-02-04 17:58:51.669065+00	2026-02-04 17:58:51.669065+00	\N	línea compresión A	Funcionamiento estable	8N/4TR-420C
BAL-COMP-8N-002	servicio	2026-02-04 17:58:51.669065+00	2026-02-04 17:58:51.669065+00	\N	línea compresión B	OK	8N/4TR-420C
BAL-COMP-8N-003	servicio	2026-02-04 17:58:51.669065+00	2026-02-04 17:58:51.669065+00	\N	línea compresión C	Monitorear temperatura	8N/4TR-420C
BAL-COMP-8N-004	mantenimiento	2026-02-04 17:58:51.669065+00	2026-02-04 17:58:51.669065+00	\N	TRM	Calibración de presión	8N/4TR-420C
BAL-COMP-8N-005	servicio	2026-02-04 17:58:51.669065+00	2026-02-04 17:58:51.669065+00	\N	estación neumática 1	Funcionando	8N/4TR-420C
BAL-COMP-8N-006	averiado	2026-02-04 17:58:51.669065+00	2026-02-04 17:58:51.669065+00	\N	almacén	Cilindro dañado	8N/4TR-420C
BAL-COMP-10N-001	servicio	2026-02-04 17:58:51.683114+00	2026-02-04 17:58:51.683114+00	\N	planta alta compresión	Funcionando correctamente	10N/4TR-420C
BAL-COMP-10N-002	servicio	2026-02-04 17:58:51.683114+00	2026-02-04 17:58:51.683114+00	\N	planta baja compresión	OK	10N/4TR-420C
BAL-COMP-10N-003	servicio	2026-02-04 17:58:51.683114+00	2026-02-04 17:58:51.683114+00	\N	sala máquinas 1	Revisar conexiones	10N/4TR-420C
BAL-COMP-10N-004	mantenimiento	2026-02-04 17:58:51.683114+00	2026-02-04 17:58:51.683114+00	\N	taller neumático	Cambio de válvulas	10N/4TR-420C
BAL-COMP-10N-005	servicio	2026-02-04 17:58:51.683114+00	2026-02-04 17:58:51.683114+00	\N	zona de pruebas	Funcionando	10N/4TR-420C
BAL-COMP-10N-006	servicio	2026-02-04 17:58:51.683114+00	2026-02-04 17:58:51.683114+00	\N	laboratorio presión	Calibración reciente	10N/4TR-420C
BAL-SOP-8T-006	baja	2026-02-04 17:58:51.607925+00	2026-02-04 18:05:01.755134+00	2026-02-04 18:05:01.755081+00	TRM	Revisión programada	8T-501C
BAL-COMP-12N-001	servicio	2026-02-04 17:58:51.697626+00	2026-02-04 17:58:51.697626+00	\N	línea alta presión A	Funcionamiento óptimo	12N/4TR-420C
BAL-COMP-12N-002	servicio	2026-02-04 17:58:51.697626+00	2026-02-04 17:58:51.697626+00	\N	línea alta presión B	OK	12N/4TR-420C
BAL-COMP-12N-003	servicio	2026-02-04 17:58:51.697626+00	2026-02-04 17:58:51.697626+00	\N	línea alta presión C	Monitorear vibración	12N/4TR-420C
BAL-COMP-12N-004	mantenimiento	2026-02-04 17:58:51.697626+00	2026-02-04 17:58:51.697626+00	\N	TRM	Revisión de seguridad	12N/4TR-420C
BAL-COMP-12N-005	servicio	2026-02-04 17:58:51.697626+00	2026-02-04 17:58:51.697626+00	\N	estación central	Funcionando	12N/4TR-420C
BAL-COMP-12N-006	averiado	2026-02-04 17:58:51.697626+00	2026-02-04 17:58:51.697626+00	\N	almacén reparación	Manómetro defectuoso	12N/4TR-420C
BAL-COMP-14N-001	servicio	2026-02-04 17:58:51.709162+00	2026-02-04 17:58:51.709162+00	\N	zona especial 1	Funcionando correctamente	14N/4TR-420C
BAL-COMP-14N-002	servicio	2026-02-04 17:58:51.709162+00	2026-02-04 17:58:51.709162+00	\N	zona especial 2	OK	14N/4TR-420C
BAL-COMP-14N-003	mantenimiento	2026-02-04 17:58:51.709162+00	2026-02-04 17:58:51.709162+00	\N	TRM	Revisión preventiva	14N/4TR-420C
BAL-COMP-16N-001	servicio	2026-02-04 17:58:51.716108+00	2026-02-04 17:58:51.716108+00	\N	sector pesado A	Funcionamiento estable	16N/4TR-420C
BAL-COMP-16N-002	servicio	2026-02-04 17:58:51.716108+00	2026-02-04 17:58:51.716108+00	\N	sector pesado B	OK	16N/4TR-420C
BAL-COMP-16N-003	servicio	2026-02-04 17:58:51.716108+00	2026-02-04 17:58:51.716108+00	\N	sector pesado C	Revisar presión máxima	16N/4TR-420C
BAL-COMP-16N-004	mantenimiento	2026-02-04 17:58:51.716108+00	2026-02-04 17:58:51.716108+00	\N	taller hidroneumático	Cambio de filtros	16N/4TR-420C
BAL-COMP-16N-005	servicio	2026-02-04 17:58:51.716108+00	2026-02-04 17:58:51.716108+00	\N	planta compresión	Funcionando	16N/4TR-420C
BAL-COMP-16N-006	averiado	2026-02-04 17:58:51.716108+00	2026-02-04 17:58:51.716108+00	\N	almacén técnico	Fuga en sistema	16N/4TR-420C
BAL-COMBI-4T4N-001	servicio	2026-02-04 17:58:51.7224+00	2026-02-04 17:58:51.7224+00	\N	línea combinada A	Única unidad - Funcionamiento especial	4T/4N-420C
BAL-COMBI-8T8N-001	servicio	2026-02-04 17:58:54.763548+00	2026-02-04 17:58:54.763548+00	\N	línea mixta 1	Funcionamiento combinado	8T/8N-420C
BAL-COMBI-8T8N-002	servicio	2026-02-04 17:58:54.763548+00	2026-02-04 17:58:54.763548+00	\N	línea mixta 2	OK	8T/8N-420C
BAL-COMBI-8T8N-003	servicio	2026-02-04 17:58:54.763548+00	2026-02-04 17:58:54.763548+00	\N	línea mixta 3	Monitorear ambos sistemas	8T/8N-420C
BAL-COMBI-8T8N-004	mantenimiento	2026-02-04 17:58:54.763548+00	2026-02-04 17:58:54.763548+00	\N	TRM	Revisión completa sistemas	8T/8N-420C
BAL-COMBI-8T8N-005	servicio	2026-02-04 17:58:54.763548+00	2026-02-04 17:58:54.763548+00	\N	zona dual A	Funcionando	8T/8N-420C
BAL-COMBI-8T8N-006	averiado	2026-02-04 17:58:54.763548+00	2026-02-04 17:58:54.763548+00	\N	almacén combinado	Problema sistema neumático	8T/8N-420C
BAL-SOP-8T-014	mantenimiento	2026-02-04 17:58:51.607925+00	2026-02-04 18:04:50.167822+00	\N	TRM	Válvula bloqueada	8T-501C
\.


--
-- Data for Name: app_historialbalancin; Type: TABLE DATA; Schema: public; Owner: proyecto_user
--

COPY public.app_historialbalancin (id, estado_anterior, estado_nuevo, accion, observaciones, fecha_cambio, balancin_id, usuario_id) FROM stdin;
1	mantenimiento	baja	Cambio de estado: Dado de baja		2026-02-04 18:05:01.757825+00	BAL-SOP-8T-006	1
\.


--
-- Data for Name: app_historialrepuesto; Type: TABLE DATA; Schema: public; Owner: proyecto_user
--

COPY public.app_historialrepuesto (id, tipo_movimiento, cantidad, stock_restante, observaciones, fecha_movimiento, repuesto_id) FROM stdin;
\.


--
-- Data for Name: app_registroactividad; Type: TABLE DATA; Schema: public; Owner: proyecto_user
--

COPY public.app_registroactividad (id, accion, fecha, detalles, usuario_id) FROM stdin;
\.


--
-- Data for Name: app_repuestoadicional; Type: TABLE DATA; Schema: public; Owner: proyecto_user
--

COPY public.app_repuestoadicional (item, descripcion, cantidad, fecha_ingreso, fecha_ultimo_movimiento, fecha_ultima_salida, ubicacion, observaciones) FROM stdin;
10000409	CIRCLIP INTER. DIN 472 110X4	30	2026-02-04 18:10:43.165319+00	2026-02-04 18:10:43.165319+00	\N	Almacén Principal	Importado desde lista inicial
10871377	LAMINILLA EMPAQUE.Z212F 60X110	100	2026-02-04 18:10:43.165319+00	2026-02-04 18:10:43.165319+00	\N	Almacén Principal	Importado desde lista inicial
10693756	ARAND.DIST.DIA.90 / 60,5 E=4,0	30	2026-02-04 18:10:43.165319+00	2026-02-04 18:10:43.165319+00	\N	Almacén Principal	Importado desde lista inicial
10006287	RES.C. A=1,00/DIA.7,0/LSC=20,0	30	2026-02-04 18:10:43.165319+00	2026-02-04 18:10:43.165319+00	\N	Almacén Principal	Importado desde lista inicial
10752990	NIPLE DE ENGR.M10X1 H1 RESORTE	30	2026-02-04 18:10:43.165319+00	2026-02-04 18:10:43.165319+00	\N	Almacén Principal	Importado desde lista inicial
10693755	ARAND.DIST.DIA.90 / 60,5 E=1,0	30	2026-02-04 18:10:43.165319+00	2026-02-04 18:10:43.165319+00	\N	Almacén Principal	Importado desde lista inicial
10000338	ANILLO RETEN. DIN 471 85X3,0	30	2026-02-04 18:10:43.165319+00	2026-02-04 18:10:43.165319+00	\N	Almacén Principal	Importado desde lista inicial
10834216	ANILLO DIST. DIÁ.68/50 E=23,5	30	2026-02-04 18:10:43.165319+00	2026-02-04 18:10:43.165319+00	\N	Almacén Principal	Importado desde lista inicial
11424994	ARANDELA DIN 7349-31 300HSFG	30	2026-02-04 18:10:43.165319+00	2026-02-04 18:10:43.165319+00	\N	Almacén Principal	Importado desde lista inicial
10000343	ANILLO RETEN. DIN 471 100X3	30	2026-02-04 18:10:43.165319+00	2026-02-04 18:10:43.165319+00	\N	Almacén Principal	Importado desde lista inicial
10538144	ARAND.DIST. DIÁ.120/86 E=1,5 A	30	2026-02-04 18:10:43.165319+00	2026-02-04 18:10:43.165319+00	\N	Almacén Principal	Importado desde lista inicial
10000400	CIRCLIP INTER. DIN 472 80X2,5	30	2026-02-04 18:10:43.165319+00	2026-02-04 18:10:43.165319+00	\N	Almacén Principal	Importado desde lista inicial
10873673	ARANDELA ISO 7089 M20 300HV, F	30	2026-02-04 18:10:43.165319+00	2026-02-04 18:10:43.165319+00	\N	Almacén Principal	Importado desde lista inicial
11430348	TUBO DIST. DIÁ 35/25 L=140, TU	40	2026-02-04 18:10:43.165319+00	2026-02-04 18:10:43.165319+00	\N	Almacén Principal	Importado desde lista inicial
10167525	CASQUILLO DISTANC. 34/25 L= 45	30	2026-02-04 18:10:43.165319+00	2026-02-04 18:10:43.165319+00	\N	Almacén Principal	Importado desde lista inicial
10096801	ANILLO MUELLE 194,8X 5,0	30	2026-02-04 18:10:43.165319+00	2026-02-04 18:10:43.165319+00	\N	Almacén Principal	Importado desde lista inicial
10075741	ARANDELA DIST. DIÁ.51,5/14 E=1	30	2026-02-04 18:10:43.165319+00	2026-02-04 18:10:43.165319+00	\N	Almacén Principal	Importado desde lista inicial
11185351	TORNILLO ISO 4017-8.8U M16X75	30	2026-02-04 18:10:43.165319+00	2026-02-04 18:10:43.165319+00	\N	Almacén Principal	Importado desde lista inicial
11136880	TUERCA HEXAG. ISO 4032-8 M16 G	30	2026-02-04 18:10:43.165319+00	2026-02-04 18:10:43.165319+00	\N	Almacén Principal	Importado desde lista inicial
10834428	ANILLO DIST. DIÁ.57/35 E=18,5	30	2026-02-04 18:10:43.165319+00	2026-02-04 18:10:43.165319+00	\N	Almacén Principal	Importado desde lista inicial
10871370	ARANDELA OBTURAD.-Z010F 50X 80	30	2026-02-04 18:10:43.165319+00	2026-02-04 18:10:43.165319+00	\N	Almacén Principal	Importado desde lista inicial
10000381	CIRCLIP INTER. DIN 472 52X2	30	2026-02-04 18:10:43.165319+00	2026-02-04 18:10:43.165319+00	\N	Almacén Principal	Importado desde lista inicial
10456246	SOPORTE DE EJE DIA 75	40	2026-02-04 18:10:43.165319+00	2026-02-04 18:10:43.165319+00	\N	Almacén Principal	Importado desde lista inicial
10456244	SOPORTE DE EJE P.DIA55 Y DIA75	40	2026-02-04 18:10:43.165319+00	2026-02-04 18:10:43.165319+00	\N	Almacén Principal	Importado desde lista inicial
10566988	ARAND.DIST. DIA.110/75,5 E=1,5	40	2026-02-04 18:10:43.165319+00	2026-02-04 18:10:43.165319+00	\N	Almacén Principal	Importado desde lista inicial
10870308	POLEA 501C CL.100 DIÁ.525	5	2026-02-04 18:10:43.165319+00	2026-02-04 18:10:43.165319+00	\N	Almacén Principal	Importado desde lista inicial
10302024	CABLE RPD 4 METTROS	2	2026-02-04 18:10:43.165319+00	2026-02-04 18:10:43.165319+00	\N	Almacén Principal	Importado desde lista inicial
10302026	CABLE RPD 6 METROS	2	2026-02-04 18:10:43.165319+00	2026-02-04 18:10:43.165319+00	\N	Almacén Principal	Importado desde lista inicial
10302028	CABLE RPD 8 METROS	2	2026-02-04 18:10:43.165319+00	2026-02-04 18:10:43.165319+00	\N	Almacén Principal	Importado desde lista inicial
10302030	CABLE RPD 10 METROS	2	2026-02-04 18:10:43.165319+00	2026-02-04 18:10:43.165319+00	\N	Almacén Principal	Importado desde lista inicial
10302032	CABLE RPD 12 METROS	2	2026-02-04 18:10:43.165319+00	2026-02-04 18:10:43.165319+00	\N	Almacén Principal	Importado desde lista inicial
11163460	CONECTOR ENCHUFE 2,5-6 MM	80	2026-02-04 18:10:43.165319+00	2026-02-04 18:10:43.165319+00	\N	Almacén Principal	Importado desde lista inicial
10006291	CONECTOR HEMBRA DIAMETRO 7 LONGITUD 38MM	100	2026-02-04 18:10:43.165319+00	2026-02-04 18:10:43.165319+00	\N	Almacén Principal	Importado desde lista inicial
10488001	CASQUILLO PM 9080	40	2026-02-04 18:10:43.165319+00	2026-02-04 18:10:43.165319+00	\N	Almacén Principal	Importado desde lista inicial
11805532	AMORTIGUADOR TORING 316975	10	2026-02-04 18:10:43.165319+00	2026-02-04 18:10:43.165319+00	\N	Almacén Principal	Importado desde lista inicial
10006352	AMORTIGUADOR TORING EM835002	10	2026-02-04 18:10:43.165319+00	2026-02-04 18:10:43.165319+00	\N	Almacén Principal	Importado desde lista inicial
10186109	CUERPO DE POLEA 501 400X130	2	2026-02-04 18:10:43.165319+00	2026-02-04 18:10:43.165319+00	\N	Almacén Principal	Importado desde lista inicial
10096799	ANILLO ELÁSTICO 393,5X 6,3	20	2026-02-04 18:10:43.165319+00	2026-02-04 18:10:43.165319+00	\N	Almacén Principal	Importado desde lista inicial
10946774	BALANCÍN DE 2 POL. TIPO C AC.6	4	2026-02-04 18:10:43.165319+00	2026-02-04 18:10:43.165319+00	\N	Almacén Principal	Importado desde lista inicial
10531093	BULÓN DIA. 20,0 LN 193 M16 P.B	20	2026-02-04 18:10:43.165319+00	2026-02-04 18:10:43.165319+00	\N	Almacén Principal	Importado desde lista inicial
11430340	TUBO DIST. DIÁ=30/20.2 L=126	20	2026-02-04 18:10:43.165319+00	2026-02-04 18:10:43.165319+00	\N	Almacén Principal	Importado desde lista inicial
10000082	TUERCA HEX. DIN 985-8 M16 ELEC	20	2026-02-04 18:10:43.165319+00	2026-02-04 18:10:43.165319+00	\N	Almacén Principal	Importado desde lista inicial
10872696	ARANDELA DIN 7349-17 300HV, FL	20	2026-02-04 18:10:43.165319+00	2026-02-04 18:10:43.165319+00	\N	Almacén Principal	Importado desde lista inicial
10295381	RACOR DE ENGRASE H1 12X1 DIN71412 CÓNICO RECTO	50	2026-02-04 18:10:43.165319+00	2026-02-04 18:10:43.165319+00	\N	Almacén Principal	Importado desde lista inicial
10087005	TORNILLO DIN7984- 8.8 M12X 30	40	2026-02-04 18:10:43.165319+00	2026-02-04 18:10:43.165319+00	\N	Almacén Principal	Importado desde lista inicial
11430351	CASQUILLO DIST. DIÁ50/30 L=160	40	2026-02-04 18:10:43.165319+00	2026-02-04 18:10:43.165319+00	\N	Almacén Principal	Importado desde lista inicial
10688217	ARANDELA DIN 7349-25 300HV, FLZNNC-720H-L, REV.DE ZINC LAM	40	2026-02-04 18:10:43.165319+00	2026-02-04 18:10:43.165319+00	\N	Almacén Principal	Importado desde lista inicial
\.


--
-- Data for Name: app_repuestobalancin; Type: TABLE DATA; Schema: public; Owner: proyecto_user
--

COPY public.app_repuestobalancin (item, descripcion, cantidad, fecha_ingreso, fecha_ultimo_movimiento, fecha_ultima_salida, ubicacion, observaciones) FROM stdin;
10431740	GUARN.DE GOMA 501 485X100/R40	520	2026-02-04 18:08:52.05888+00	2026-02-04 18:08:52.05888+00	\N	Almacén Principal	
10501989	RRB DIN 625/1- 6310-2RS1-C3GLE VT210 (90% +/-5%)ROD.RAN.BOLAS	1040	2026-02-04 18:08:52.05888+00	2026-02-04 18:08:52.05888+00	\N	Estante B3	
10293344	PERNO DIA.29,9 L 225 M24 PARA POLEA TIPO 501	520	2026-02-04 18:08:52.05888+00	2026-02-04 18:08:52.05888+00	\N	Caja Pernos	
10252061	TUERCA AUTOFIJ. INLOC - 8 M24 C.ELEM.DE FIJAC. ~DIN934 GALV.	520	2026-02-04 18:08:52.05888+00	2026-02-04 18:08:52.05888+00	\N	Estante Tuercas	
10083926	CASQUILLO PM 6040 DS TIPO KW SIN AGUJ.DE ENGRASE GLACIER	520	2026-02-04 18:08:52.05888+00	2026-02-04 18:08:52.05888+00	\N	Estante C1	
10482959	BULÓN DIA.50,0 LN 388 M30 P.BÁSC.DE 2 EN BAST.DE 4P.501C	210	2026-02-04 18:08:52.05888+00	2026-02-04 18:08:52.05888+00	\N	Estante Bulones	
11430347	TUBO DISTANCIADOR DIÁ.60/50,2 L=245	210	2026-02-04 18:08:52.05888+00	2026-02-04 18:08:52.05888+00	\N	Estante Tubos	
10000085	TUERCA HEXAG. DIN 985-8 M30 GALVANIZADO (C.ELEM.DE FIJACION)	260	2026-02-04 18:08:52.05888+00	2026-02-04 18:08:52.05888+00	\N	Estante Tuercas	
10494137	CASQUILLO PM 8580 DS TIPO KW SIN AGUJ.DE ENGRASE GLACIER	346	2026-02-04 18:08:52.05888+00	2026-02-04 18:08:52.05888+00	\N	Estante C2	
11544869	EJE DIÁ85H8 LN=798 M16 AGP P. BAL. 4 POL. EN CONOSLA 501C	19	2026-02-04 18:08:52.05888+00	2026-02-04 18:08:52.05888+00	\N	Estante Ejes	
10046154	ARANDELA SEGUR. NORDLOCK NL16 RECUB.DE LAMINILLAS DE CINC	294	2026-02-04 18:08:52.05888+00	2026-02-04 18:08:52.05888+00	\N	Estante Arandelas	
11136966	TORNILLO DIN931-8.8U M16X65, GIC, TORN.HEX., GIC (ISO 4014)	210	2026-02-04 18:08:52.05888+00	2026-02-04 18:08:52.05888+00	\N	Estante Tornillos	
10510857	TORNILLO TENSILOCK CL.90 M16X35 T.CON DIENTE, RV.LAM.DE ZINC	108	2026-02-04 18:08:52.05888+00	2026-02-04 18:08:52.05888+00	\N	Estante Tornillos Especiales	
11185338	TORNILLO ISO 4014-8.8U M27X500 ESP. FVZ TORN.HEX. GALV.INM.CA	258	2026-02-04 18:08:52.05888+00	2026-02-04 18:08:52.05888+00	\N	Estante Tornillos Largos	
11136925	TUERCA HEXAG. ISO 4032-8 M27 GIC	684	2026-02-04 18:08:52.05888+00	2026-02-04 18:08:52.05888+00	\N	Estante Tuercas	
11544852	BULÓN DIÁ 60H8 NL=761 M30 P. CP 2P EN ARMAZÓN 6P 501C	50	2026-02-04 18:08:52.05888+00	2026-02-04 18:08:52.05888+00	\N	Estante Bulones	
11424994	ARANDELA DIN 7349-31 300HSFG, FLZNNC-720H-L, R.L.ZN SIN BISEL	6	2026-02-04 18:08:52.05888+00	2026-02-04 18:08:52.05888+00	\N	Estante Arandelas Especiales	
10007419	TORNILLO TENSILOCK CL. 100 M16X40 T.DIENTES DE PARADA RLZ	904	2026-02-04 18:08:52.05888+00	2026-02-04 18:08:52.05888+00	\N	Estante Tornillos TENSILOCK	
10004961	TORNILLO TENSILOCK CL. 100 M12X30 T. DIENTES DE PARADA RLZ	100	2026-02-04 18:08:52.05888+00	2026-02-04 18:08:52.05888+00	\N	Estante Tornillos TENSILOCK	
11544933	BULÓN DIÁ 85H8 NL=684 M16 ROS P. CP 4P EN ARM. 6/8P 501C	86	2026-02-04 18:08:52.05888+00	2026-02-04 18:08:52.05888+00	\N	Estante Bulones	
11544948	EJE DIÁ85H8 LN=457 P. APOYO 6 U 8 POL. 501C	24	2026-02-04 18:08:52.05888+00	2026-02-04 18:08:52.05888+00	\N	Estante Ejes	
11137005	TORNILLO DIN933-8.8U M12X45 GIC, TORN.HEX., GIC (ISO 4017)	84	2026-02-04 18:08:52.05888+00	2026-02-04 18:08:52.05888+00	\N	Estante Tornillos	
10000080	TUERCA HEXAGONAL DIN 985-8 M12, GALVANIZADA (C.ELEM.DE FIJ.)	84	2026-02-04 18:08:52.05888+00	2026-02-04 18:08:52.05888+00	\N	Estante Tuercas	
11544947	BULÓN DIÁ 85H8 LN=478 P. APOYO CP 6 Y 8 TIPO 501C	44	2026-02-04 18:08:52.05888+00	2026-02-04 18:08:52.05888+00	\N	Estante Bulones	
11544996	BULÓN DIÁ 100H8 LN 691 P. APOYO 10 Y 12 P. TIPO 501C	30	2026-02-04 18:08:52.05888+00	2026-02-04 18:08:52.05888+00	\N	Estante Bulones Grandes	
10083935	CASQUILLO PM 100115 DS TIPO KW SIN AGUJ.DE ENGRASE GLACIER	60	2026-02-04 18:08:52.05888+00	2026-02-04 18:08:52.05888+00	\N	Estante Casquillos	
11137015	TORNILLO ISO 4017-8.8 M16X45 GIC TORN. HEXAG.	84	2026-02-04 18:08:52.05888+00	2026-02-04 18:08:52.05888+00	\N	Estante Tornillos	
11185341	TORNILLO ISO 4014-8.8U M27X580 ESP. FVZ TORN.HEX. GALV.INM.CA	84	2026-02-04 18:08:52.05888+00	2026-02-04 18:08:52.05888+00	\N	Estante Tornillos Largos	
10434107	GUARN.DE GOMA 420 422X 93/R34	318	2026-02-04 18:08:52.05888+00	2026-02-04 18:08:52.05888+00	\N	Almacén Principal	
10501992	RB DIN 625/1- 6307-2RS1-C3GLE VT210 (90% +/-5%)ROD.RAN.BOLAS	636	2026-02-04 18:08:52.05888+00	2026-02-04 18:08:52.05888+00	\N	Estante Rodamientos	
10539289	GUARN. GOMA C 258X69/R30/CONCAV.P.POL.SENSOR (RPD EN CP SUJ.)	108	2026-02-04 18:08:52.05888+00	2026-02-04 18:08:52.05888+00	\N	Estante Guarniciones	
10420185	ROD.RA.BOLAS DIN 625/1- 6205-2RS-C3 LT VT210 (TTF 90% +/-5%)	216	2026-02-04 18:08:52.05888+00	2026-02-04 18:08:52.05888+00	\N	Estante Rodamientos	
10456209	PERNO DIA.24,9 LN 192 M20 PARA POLEA TIPO 420C	318	2026-02-04 18:08:52.05888+00	2026-02-04 18:08:52.05888+00	\N	Caja Pernos	
10796747	TUERCA AUTOFIJ. INLOC - 8 M20 C.ELEM.DE FIJAC. ~DIN934 GALV.	390	2026-02-04 18:08:52.05888+00	2026-02-04 18:08:52.05888+00	\N	Estante Tuercas	
10183056	CASQUILLO PM 5540 DS TIPO: KW SIN AGUJ.DE ENGRASE GLACIER	366	2026-02-04 18:08:52.05888+00	2026-02-04 18:08:52.05888+00	\N	Estante Casquillos	
10456214	BULÓN DIA.40,0 LN 347 M24 P.2CP EN BAST.DE 4P. TIPO-420C	138	2026-02-04 18:08:52.05888+00	2026-02-04 18:08:52.05888+00	\N	Estante Bulones	
11430350	TUBO DISTANCIADOR DIÁ.55/40,2 L=220	138	2026-02-04 18:08:52.05888+00	2026-02-04 18:08:52.05888+00	\N	Estante Tubos	
10000084	TUERCA HEXAG. DIN 985-8 M24 GALVANIZADA (CON ELEM. DE FIJ.)	171	2026-02-04 18:08:52.05888+00	2026-02-04 18:08:52.05888+00	\N	Estante Tuercas	
10288696	BULÓN DIA.24,9 LN 148 M20 PARA POLEA TIPO C/401(>1970)	108	2026-02-04 18:08:52.05888+00	2026-02-04 18:08:52.05888+00	\N	Estante Bulones	
10531093	BULÓN DIA. 20,0 LN 193 M16 P.BÁSCULA POLEA SENS.EN BRAZO OSC.	54	2026-02-04 18:08:52.05888+00	2026-02-04 18:08:52.05888+00	\N	Estante Bulones Especiales	
11430340	TUBO DIST. DIÁ=30/20.2 L=126, P. BÁSCULA P. SENS. EN BRAZO GI	54	2026-02-04 18:08:52.05888+00	2026-02-04 18:08:52.05888+00	\N	Estante Tubos	
10000082	TUERCA HEX. DIN 985-8 M16 ELECTROGALVAN. (C.ELEM.DE FIJAC.)	54	2026-02-04 18:08:52.05888+00	2026-02-04 18:08:52.05888+00	\N	Estante Tuercas	
11430217	BULÓN DIÁ 40H8 L=222, COJINETE P. BRAZO GIR. 4P/2PG CP 420C	108	2026-02-04 18:08:52.05888+00	2026-02-04 18:08:52.05888+00	\N	Estante Bulones	
10004958	TORNILLO TENSILOCK CL. 90 M10X20 T.CON DIENTES DE PARADA RLZ	432	2026-02-04 18:08:52.05888+00	2026-02-04 18:08:52.05888+00	\N	Estante Tornillos TENSILOCK	
10535780	TORNILLO DIN7984-8.8 M12X20, T	216	2026-02-04 18:08:52.05888+00	2026-02-04 18:08:52.05888+00	\N	Estante Tornillos	
10262938	ARANDELA SEGUR. NORDLOCK NL12 RECUB.DE LAMINILLAS DE CINC	54	2026-02-04 18:08:52.05888+00	2026-02-04 18:08:52.05888+00	\N	Estante Arandelas	
10487980	CASQUILLO PM 7580 DS TIPO KW SIN AGUJ.DE ENGRASE GLACIER	222	2026-02-04 18:08:52.05888+00	2026-02-04 18:08:52.05888+00	\N	Estante Casquillos	
10083913	CASQUILLO PM 3030 DS TIPO: KW SIN AGUJ.DE ENGRASE GLACIER	108	2026-02-04 18:08:52.05888+00	2026-02-04 18:08:52.05888+00	\N	Estante Casquillos	
10389587	CASQUILLO PM 4040 DS TIPO: KW SIN AGUJ.DE ENGRASE GLACIER	216	2026-02-04 18:08:52.05888+00	2026-02-04 18:08:52.05888+00	\N	Estante Casquillos	
11545032	EJE DIÁ75H8 LN 585 M16 AGP P. C. 4 POL. EN ARM 6/8 ARM. 420C	63	2026-02-04 18:08:52.05888+00	2026-02-04 18:08:52.05888+00	\N	Estante Ejes	
11545033	BULÓN DIÁ 75H8 LN 407 P. APOYO 6 Y 8 POL. TIPO 420C	42	2026-02-04 18:08:52.05888+00	2026-02-04 18:08:52.05888+00	\N	Estante Bulones	
11545040	EJE DIÁ90H8 LN 581 P. APOYO 10-16 POL. 420C	21	2026-02-04 18:08:52.05888+00	2026-02-04 18:08:52.05888+00	\N	Estante Ejes	
11424367	ARANDELA ISO 7089 M27 300HV, FLZNNC-720H-L, REV.L.ZN SIN BIS.	126	2026-02-04 18:08:52.05888+00	2026-02-04 18:08:52.05888+00	\N	Estante Arandelas	
11544995	EJE DIÁ55H8 LN 653 M24 P. C. DE 2 POL. EN ARM. 6 POL. 420C	21	2026-02-04 18:08:52.05888+00	2026-02-04 18:08:52.05888+00	\N	Estante Ejes	
11316799	TORNILLO ISO 4014- 8.8U M24X470	36	2026-02-04 18:08:52.05888+00	2026-02-04 18:08:52.05888+00	\N	Estante Tornillos Largos	
11136923	TUERCA HEXAG. ISO 4032-8 M24 GIC	72	2026-02-04 18:08:52.05888+00	2026-02-04 18:08:52.05888+00	\N	Estante Tuercas	
11136880	TUERCA HEXAG. ISO 4032-8 M16 GIC	42	2026-02-04 18:08:52.05888+00	2026-02-04 18:08:52.05888+00	\N	Estante Tuercas	
11185351	TORNILLO ISO 4017-8.8U M16X75 GIC TORN. HEXAG.	12	2026-02-04 18:08:52.05888+00	2026-02-04 18:08:52.05888+00	\N	Estante Tornillos	
11545062	BULÓN DIÁ 90H8 LN 441 420C SOPORTE 4P/4S EN ARMAZÓN 8P/8S	12	2026-02-04 18:08:52.05888+00	2026-02-04 18:08:52.05888+00	\N	Estante Bulones	
11545051	BULÓN DIÁ 55H8 LN 334 P. BRAZO GIRATORIO EN 4P/4S CP 420C	52	2026-02-04 18:08:52.05888+00	2026-02-04 18:08:52.05888+00	\N	Estante Bulones	
10245633	TORNILLO TENSILOCK CL.90 M16X2	208	2026-02-04 18:08:52.05888+00	2026-02-04 18:08:52.05888+00	\N	Estante Tornillos TENSILOCK	
10087005	TORNILLO DIN7984- 8.8 M12X 30	104	2026-02-04 18:08:52.05888+00	2026-02-04 18:08:52.05888+00	\N	Estante Tornillos	
11545052	EJE DIÁ.90H8 LN=541, P. APOYO P. CP 4P/4S TIPO 420C	1	2026-02-04 18:08:52.05888+00	2026-02-04 18:08:52.05888+00	\N	Estante Ejes Especiales	
10488001	CASQUILLO PM 9080 DS TIPO KW SIN AGUJERO DE ENGRASE GLACIER	26	2026-02-04 18:08:52.05888+00	2026-02-04 18:08:52.05888+00	\N	Estante Casquillos	
10871605	ARANDELA M24	56	2026-02-04 18:08:52.05888+00	2026-02-04 18:08:52.05888+00	\N	Estante Arandelas	
\.


--
-- Data for Name: app_tipobalancin; Type: TABLE DATA; Schema: public; Owner: proyecto_user
--

COPY public.app_tipobalancin (codigo, tipo, cantidad_total, fecha_registro, fecha_actualizacion) FROM stdin;
4T-501C	soporte	3	2026-02-04 17:54:06.137933+00	2026-02-04 17:54:06.13795+00
6T-501C	soporte	6	2026-02-04 17:54:06.142959+00	2026-02-04 17:54:06.142979+00
8T-501C	soporte	18	2026-02-04 17:54:06.146719+00	2026-02-04 17:54:06.146739+00
10T-501C	soporte	16	2026-02-04 17:54:06.151809+00	2026-02-04 17:54:06.15183+00
12T-501C	soporte	14	2026-02-04 17:54:06.155639+00	2026-02-04 17:54:06.155651+00
8N/4TR-420C	compresion	6	2026-02-04 17:54:06.158739+00	2026-02-04 17:54:06.158752+00
10N/4TR-420C	compresion	6	2026-02-04 17:54:06.162334+00	2026-02-04 17:54:06.162351+00
12N/4TR-420C	compresion	6	2026-02-04 17:54:06.166955+00	2026-02-04 17:54:06.166979+00
14N/4TR-420C	compresion	3	2026-02-04 17:54:06.170512+00	2026-02-04 17:54:06.170526+00
16N/4TR-420C	compresion	6	2026-02-04 17:54:06.173958+00	2026-02-04 17:54:06.173971+00
4T/4N-420C	combinados	1	2026-02-04 17:54:06.176762+00	2026-02-04 17:54:06.176781+00
8T/8N-420C	combinados	6	2026-02-04 17:54:06.180737+00	2026-02-04 17:54:06.180832+00
\.


--
-- Data for Name: app_usuario; Type: TABLE DATA; Schema: public; Owner: proyecto_user
--

COPY public.app_usuario (id, password, last_login, is_superuser, email, nombre, rol, is_active, is_staff, fecha_registro, ultima_actividad) FROM stdin;
1	pbkdf2_sha256$600000$hFLR0JGWpzMSrSMYjS0cHl$r2OBX5WXgy94KfpYkXi/5yB+c6Po055uFvS3nRBmhGY=	2026-02-04 18:24:51.405806+00	t	yo@gmail.com	miguel	jefe	t	t	2026-02-04 17:02:41.547901+00	2026-02-04 17:02:41.807078+00
2	pbkdf2_sha256$600000$72kmI6KKSNuCIQ95VeKxOV$DlTkCYY78K4Vt+09So+MT8p58R5zCueNwUbt4t+IjGc=	2026-02-04 18:25:53.553218+00	f	miguel@gmail.com	Fernando Huanca	jefe	t	f	2026-02-04 18:25:23.304144+00	2026-02-04 18:25:23.580239+00
\.


--
-- Data for Name: app_usuario_groups; Type: TABLE DATA; Schema: public; Owner: proyecto_user
--

COPY public.app_usuario_groups (id, usuario_id, group_id) FROM stdin;
\.


--
-- Data for Name: app_usuario_user_permissions; Type: TABLE DATA; Schema: public; Owner: proyecto_user
--

COPY public.app_usuario_user_permissions (id, usuario_id, permission_id) FROM stdin;
\.


--
-- Data for Name: auth_group; Type: TABLE DATA; Schema: public; Owner: proyecto_user
--

COPY public.auth_group (id, name) FROM stdin;
\.


--
-- Data for Name: auth_group_permissions; Type: TABLE DATA; Schema: public; Owner: proyecto_user
--

COPY public.auth_group_permissions (id, group_id, permission_id) FROM stdin;
\.


--
-- Data for Name: auth_permission; Type: TABLE DATA; Schema: public; Owner: proyecto_user
--

COPY public.auth_permission (id, name, content_type_id, codename) FROM stdin;
1	Can add usuario	1	add_usuario
2	Can change usuario	1	change_usuario
3	Can delete usuario	1	delete_usuario
4	Can view usuario	1	view_usuario
5	Can add registro de actividad	2	add_registroactividad
6	Can change registro de actividad	2	change_registroactividad
7	Can delete registro de actividad	2	delete_registroactividad
8	Can view registro de actividad	2	view_registroactividad
9	Can add Balancín Individual	3	add_balancinindividual
10	Can change Balancín Individual	3	change_balancinindividual
11	Can delete Balancín Individual	3	delete_balancinindividual
12	Can view Balancín Individual	3	view_balancinindividual
13	Can add Historial de Repuesto	4	add_historialrepuesto
14	Can change Historial de Repuesto	4	change_historialrepuesto
15	Can delete Historial de Repuesto	4	delete_historialrepuesto
16	Can view Historial de Repuesto	4	view_historialrepuesto
17	Can add Repuesto Adicional	5	add_repuestoadicional
18	Can change Repuesto Adicional	5	change_repuestoadicional
19	Can delete Repuesto Adicional	5	delete_repuestoadicional
20	Can view Repuesto Adicional	5	view_repuestoadicional
21	Can add Repuesto para Balancín	6	add_repuestobalancin
22	Can change Repuesto para Balancín	6	change_repuestobalancin
23	Can delete Repuesto para Balancín	6	delete_repuestobalancin
24	Can view Repuesto para Balancín	6	view_repuestobalancin
25	Can add Modelo de Balancín	7	add_tipobalancin
26	Can change Modelo de Balancín	7	change_tipobalancin
27	Can delete Modelo de Balancín	7	delete_tipobalancin
28	Can view Modelo de Balancín	7	view_tipobalancin
29	Can add Historial de Balancín	8	add_historialbalancin
30	Can change Historial de Balancín	8	change_historialbalancin
31	Can delete Historial de Balancín	8	delete_historialbalancin
32	Can view Historial de Balancín	8	view_historialbalancin
33	Can add log entry	9	add_logentry
34	Can change log entry	9	change_logentry
35	Can delete log entry	9	delete_logentry
36	Can view log entry	9	view_logentry
37	Can add permission	10	add_permission
38	Can change permission	10	change_permission
39	Can delete permission	10	delete_permission
40	Can view permission	10	view_permission
41	Can add group	11	add_group
42	Can change group	11	change_group
43	Can delete group	11	delete_group
44	Can view group	11	view_group
45	Can add content type	12	add_contenttype
46	Can change content type	12	change_contenttype
47	Can delete content type	12	delete_contenttype
48	Can view content type	12	view_contenttype
49	Can add session	13	add_session
50	Can change session	13	change_session
51	Can delete session	13	delete_session
52	Can view session	13	view_session
\.


--
-- Data for Name: django_admin_log; Type: TABLE DATA; Schema: public; Owner: proyecto_user
--

COPY public.django_admin_log (id, action_time, object_id, object_repr, action_flag, change_message, content_type_id, user_id) FROM stdin;
1	2026-02-04 18:25:23.585093+00	2	Fernando Huanca (miguel@gmail.com)	1	[{"added": {}}]	1	1
\.


--
-- Data for Name: django_content_type; Type: TABLE DATA; Schema: public; Owner: proyecto_user
--

COPY public.django_content_type (id, app_label, model) FROM stdin;
1	app	usuario
2	app	registroactividad
3	app	balancinindividual
4	app	historialrepuesto
5	app	repuestoadicional
6	app	repuestobalancin
7	app	tipobalancin
8	app	historialbalancin
9	admin	logentry
10	auth	permission
11	auth	group
12	contenttypes	contenttype
13	sessions	session
\.


--
-- Data for Name: django_migrations; Type: TABLE DATA; Schema: public; Owner: proyecto_user
--

COPY public.django_migrations (id, app, name, applied) FROM stdin;
1	contenttypes	0001_initial	2026-02-04 16:58:47.21122+00
2	contenttypes	0002_remove_content_type_name	2026-02-04 16:58:47.222451+00
3	auth	0001_initial	2026-02-04 16:58:47.292587+00
4	auth	0002_alter_permission_name_max_length	2026-02-04 16:58:47.299457+00
5	auth	0003_alter_user_email_max_length	2026-02-04 16:58:47.306787+00
6	auth	0004_alter_user_username_opts	2026-02-04 16:58:47.313986+00
7	auth	0005_alter_user_last_login_null	2026-02-04 16:58:47.322567+00
8	auth	0006_require_contenttypes_0002	2026-02-04 16:58:47.327536+00
9	auth	0007_alter_validators_add_error_messages	2026-02-04 16:58:47.335553+00
10	auth	0008_alter_user_username_max_length	2026-02-04 16:58:47.343802+00
11	auth	0009_alter_user_last_name_max_length	2026-02-04 16:58:47.35154+00
12	auth	0010_alter_group_name_max_length	2026-02-04 16:58:47.362925+00
13	auth	0011_update_proxy_permissions	2026-02-04 16:58:47.369986+00
14	auth	0012_alter_user_first_name_max_length	2026-02-04 16:58:47.377491+00
15	app	0001_initial	2026-02-04 16:58:47.475448+00
16	admin	0001_initial	2026-02-04 16:58:47.504369+00
17	admin	0002_logentry_remove_auto_add	2026-02-04 16:58:47.513312+00
18	admin	0003_logentry_add_action_flag_choices	2026-02-04 16:58:47.522292+00
19	app	0002_balancinindividual_historialrepuesto_and_more	2026-02-04 16:58:47.626494+00
20	app	0003_alter_balancinindividual_estado_historialbalancin	2026-02-04 16:58:47.675237+00
21	sessions	0001_initial	2026-02-04 16:58:47.699931+00
\.


--
-- Data for Name: django_session; Type: TABLE DATA; Schema: public; Owner: proyecto_user
--

COPY public.django_session (session_key, session_data, expire_date) FROM stdin;
3f3r8vnd5q2cvv20f7fqq7tn5pgb74z4	.eJxVjDsOwjAQBe_iGllWjGMvJT1nsPZnEkCxFCdVxN0hUgpo38y8zWRclyGvTec8irmYzpx-N0J-6rQDeeB0r5brtMwj2V2xB232VkVf18P9OxiwDd8aCoVIvfdFfeAI5HqALoZOHShhEvBwxkTkUumLMHOMykUc-gAEybw_7T04jQ:1vnhZZ:AMwGF73zbg48-k4di790dWHTildEHn4JQk2MiuQWfqY	2026-02-18 18:25:53.556626+00
\.


--
-- Name: app_historialbalancin_id_seq; Type: SEQUENCE SET; Schema: public; Owner: proyecto_user
--

SELECT pg_catalog.setval('public.app_historialbalancin_id_seq', 1, true);


--
-- Name: app_historialrepuesto_id_seq; Type: SEQUENCE SET; Schema: public; Owner: proyecto_user
--

SELECT pg_catalog.setval('public.app_historialrepuesto_id_seq', 1, false);


--
-- Name: app_registroactividad_id_seq; Type: SEQUENCE SET; Schema: public; Owner: proyecto_user
--

SELECT pg_catalog.setval('public.app_registroactividad_id_seq', 1, false);


--
-- Name: app_usuario_groups_id_seq; Type: SEQUENCE SET; Schema: public; Owner: proyecto_user
--

SELECT pg_catalog.setval('public.app_usuario_groups_id_seq', 1, false);


--
-- Name: app_usuario_id_seq; Type: SEQUENCE SET; Schema: public; Owner: proyecto_user
--

SELECT pg_catalog.setval('public.app_usuario_id_seq', 2, true);


--
-- Name: app_usuario_user_permissions_id_seq; Type: SEQUENCE SET; Schema: public; Owner: proyecto_user
--

SELECT pg_catalog.setval('public.app_usuario_user_permissions_id_seq', 1, false);


--
-- Name: auth_group_id_seq; Type: SEQUENCE SET; Schema: public; Owner: proyecto_user
--

SELECT pg_catalog.setval('public.auth_group_id_seq', 1, false);


--
-- Name: auth_group_permissions_id_seq; Type: SEQUENCE SET; Schema: public; Owner: proyecto_user
--

SELECT pg_catalog.setval('public.auth_group_permissions_id_seq', 1, false);


--
-- Name: auth_permission_id_seq; Type: SEQUENCE SET; Schema: public; Owner: proyecto_user
--

SELECT pg_catalog.setval('public.auth_permission_id_seq', 52, true);


--
-- Name: django_admin_log_id_seq; Type: SEQUENCE SET; Schema: public; Owner: proyecto_user
--

SELECT pg_catalog.setval('public.django_admin_log_id_seq', 1, true);


--
-- Name: django_content_type_id_seq; Type: SEQUENCE SET; Schema: public; Owner: proyecto_user
--

SELECT pg_catalog.setval('public.django_content_type_id_seq', 13, true);


--
-- Name: django_migrations_id_seq; Type: SEQUENCE SET; Schema: public; Owner: proyecto_user
--

SELECT pg_catalog.setval('public.django_migrations_id_seq', 21, true);


--
-- Name: app_balancinindividual app_balancinindividual_pkey; Type: CONSTRAINT; Schema: public; Owner: proyecto_user
--

ALTER TABLE ONLY public.app_balancinindividual
    ADD CONSTRAINT app_balancinindividual_pkey PRIMARY KEY (serial);


--
-- Name: app_historialbalancin app_historialbalancin_pkey; Type: CONSTRAINT; Schema: public; Owner: proyecto_user
--

ALTER TABLE ONLY public.app_historialbalancin
    ADD CONSTRAINT app_historialbalancin_pkey PRIMARY KEY (id);


--
-- Name: app_historialrepuesto app_historialrepuesto_pkey; Type: CONSTRAINT; Schema: public; Owner: proyecto_user
--

ALTER TABLE ONLY public.app_historialrepuesto
    ADD CONSTRAINT app_historialrepuesto_pkey PRIMARY KEY (id);


--
-- Name: app_registroactividad app_registroactividad_pkey; Type: CONSTRAINT; Schema: public; Owner: proyecto_user
--

ALTER TABLE ONLY public.app_registroactividad
    ADD CONSTRAINT app_registroactividad_pkey PRIMARY KEY (id);


--
-- Name: app_repuestoadicional app_repuestoadicional_pkey; Type: CONSTRAINT; Schema: public; Owner: proyecto_user
--

ALTER TABLE ONLY public.app_repuestoadicional
    ADD CONSTRAINT app_repuestoadicional_pkey PRIMARY KEY (item);


--
-- Name: app_repuestobalancin app_repuestobalancin_pkey; Type: CONSTRAINT; Schema: public; Owner: proyecto_user
--

ALTER TABLE ONLY public.app_repuestobalancin
    ADD CONSTRAINT app_repuestobalancin_pkey PRIMARY KEY (item);


--
-- Name: app_tipobalancin app_tipobalancin_pkey; Type: CONSTRAINT; Schema: public; Owner: proyecto_user
--

ALTER TABLE ONLY public.app_tipobalancin
    ADD CONSTRAINT app_tipobalancin_pkey PRIMARY KEY (codigo);


--
-- Name: app_usuario app_usuario_email_key; Type: CONSTRAINT; Schema: public; Owner: proyecto_user
--

ALTER TABLE ONLY public.app_usuario
    ADD CONSTRAINT app_usuario_email_key UNIQUE (email);


--
-- Name: app_usuario_groups app_usuario_groups_pkey; Type: CONSTRAINT; Schema: public; Owner: proyecto_user
--

ALTER TABLE ONLY public.app_usuario_groups
    ADD CONSTRAINT app_usuario_groups_pkey PRIMARY KEY (id);


--
-- Name: app_usuario_groups app_usuario_groups_usuario_id_group_id_0f4abc88_uniq; Type: CONSTRAINT; Schema: public; Owner: proyecto_user
--

ALTER TABLE ONLY public.app_usuario_groups
    ADD CONSTRAINT app_usuario_groups_usuario_id_group_id_0f4abc88_uniq UNIQUE (usuario_id, group_id);


--
-- Name: app_usuario app_usuario_pkey; Type: CONSTRAINT; Schema: public; Owner: proyecto_user
--

ALTER TABLE ONLY public.app_usuario
    ADD CONSTRAINT app_usuario_pkey PRIMARY KEY (id);


--
-- Name: app_usuario_user_permissions app_usuario_user_permiss_usuario_id_permission_id_6fd11793_uniq; Type: CONSTRAINT; Schema: public; Owner: proyecto_user
--

ALTER TABLE ONLY public.app_usuario_user_permissions
    ADD CONSTRAINT app_usuario_user_permiss_usuario_id_permission_id_6fd11793_uniq UNIQUE (usuario_id, permission_id);


--
-- Name: app_usuario_user_permissions app_usuario_user_permissions_pkey; Type: CONSTRAINT; Schema: public; Owner: proyecto_user
--

ALTER TABLE ONLY public.app_usuario_user_permissions
    ADD CONSTRAINT app_usuario_user_permissions_pkey PRIMARY KEY (id);


--
-- Name: auth_group auth_group_name_key; Type: CONSTRAINT; Schema: public; Owner: proyecto_user
--

ALTER TABLE ONLY public.auth_group
    ADD CONSTRAINT auth_group_name_key UNIQUE (name);


--
-- Name: auth_group_permissions auth_group_permissions_group_id_permission_id_0cd325b0_uniq; Type: CONSTRAINT; Schema: public; Owner: proyecto_user
--

ALTER TABLE ONLY public.auth_group_permissions
    ADD CONSTRAINT auth_group_permissions_group_id_permission_id_0cd325b0_uniq UNIQUE (group_id, permission_id);


--
-- Name: auth_group_permissions auth_group_permissions_pkey; Type: CONSTRAINT; Schema: public; Owner: proyecto_user
--

ALTER TABLE ONLY public.auth_group_permissions
    ADD CONSTRAINT auth_group_permissions_pkey PRIMARY KEY (id);


--
-- Name: auth_group auth_group_pkey; Type: CONSTRAINT; Schema: public; Owner: proyecto_user
--

ALTER TABLE ONLY public.auth_group
    ADD CONSTRAINT auth_group_pkey PRIMARY KEY (id);


--
-- Name: auth_permission auth_permission_content_type_id_codename_01ab375a_uniq; Type: CONSTRAINT; Schema: public; Owner: proyecto_user
--

ALTER TABLE ONLY public.auth_permission
    ADD CONSTRAINT auth_permission_content_type_id_codename_01ab375a_uniq UNIQUE (content_type_id, codename);


--
-- Name: auth_permission auth_permission_pkey; Type: CONSTRAINT; Schema: public; Owner: proyecto_user
--

ALTER TABLE ONLY public.auth_permission
    ADD CONSTRAINT auth_permission_pkey PRIMARY KEY (id);


--
-- Name: django_admin_log django_admin_log_pkey; Type: CONSTRAINT; Schema: public; Owner: proyecto_user
--

ALTER TABLE ONLY public.django_admin_log
    ADD CONSTRAINT django_admin_log_pkey PRIMARY KEY (id);


--
-- Name: django_content_type django_content_type_app_label_model_76bd3d3b_uniq; Type: CONSTRAINT; Schema: public; Owner: proyecto_user
--

ALTER TABLE ONLY public.django_content_type
    ADD CONSTRAINT django_content_type_app_label_model_76bd3d3b_uniq UNIQUE (app_label, model);


--
-- Name: django_content_type django_content_type_pkey; Type: CONSTRAINT; Schema: public; Owner: proyecto_user
--

ALTER TABLE ONLY public.django_content_type
    ADD CONSTRAINT django_content_type_pkey PRIMARY KEY (id);


--
-- Name: django_migrations django_migrations_pkey; Type: CONSTRAINT; Schema: public; Owner: proyecto_user
--

ALTER TABLE ONLY public.django_migrations
    ADD CONSTRAINT django_migrations_pkey PRIMARY KEY (id);


--
-- Name: django_session django_session_pkey; Type: CONSTRAINT; Schema: public; Owner: proyecto_user
--

ALTER TABLE ONLY public.django_session
    ADD CONSTRAINT django_session_pkey PRIMARY KEY (session_key);


--
-- Name: app_balancinindividual_serial_e8a18f2b_like; Type: INDEX; Schema: public; Owner: proyecto_user
--

CREATE INDEX app_balancinindividual_serial_e8a18f2b_like ON public.app_balancinindividual USING btree (serial varchar_pattern_ops);


--
-- Name: app_balancinindividual_tipo_id_3aaa7c1e; Type: INDEX; Schema: public; Owner: proyecto_user
--

CREATE INDEX app_balancinindividual_tipo_id_3aaa7c1e ON public.app_balancinindividual USING btree (tipo_id);


--
-- Name: app_balancinindividual_tipo_id_3aaa7c1e_like; Type: INDEX; Schema: public; Owner: proyecto_user
--

CREATE INDEX app_balancinindividual_tipo_id_3aaa7c1e_like ON public.app_balancinindividual USING btree (tipo_id varchar_pattern_ops);


--
-- Name: app_historialbalancin_balancin_id_758b5e8c; Type: INDEX; Schema: public; Owner: proyecto_user
--

CREATE INDEX app_historialbalancin_balancin_id_758b5e8c ON public.app_historialbalancin USING btree (balancin_id);


--
-- Name: app_historialbalancin_balancin_id_758b5e8c_like; Type: INDEX; Schema: public; Owner: proyecto_user
--

CREATE INDEX app_historialbalancin_balancin_id_758b5e8c_like ON public.app_historialbalancin USING btree (balancin_id varchar_pattern_ops);


--
-- Name: app_historialbalancin_usuario_id_730ed003; Type: INDEX; Schema: public; Owner: proyecto_user
--

CREATE INDEX app_historialbalancin_usuario_id_730ed003 ON public.app_historialbalancin USING btree (usuario_id);


--
-- Name: app_historialrepuesto_repuesto_id_1b4b80aa; Type: INDEX; Schema: public; Owner: proyecto_user
--

CREATE INDEX app_historialrepuesto_repuesto_id_1b4b80aa ON public.app_historialrepuesto USING btree (repuesto_id);


--
-- Name: app_historialrepuesto_repuesto_id_1b4b80aa_like; Type: INDEX; Schema: public; Owner: proyecto_user
--

CREATE INDEX app_historialrepuesto_repuesto_id_1b4b80aa_like ON public.app_historialrepuesto USING btree (repuesto_id varchar_pattern_ops);


--
-- Name: app_registroactividad_usuario_id_df2547ca; Type: INDEX; Schema: public; Owner: proyecto_user
--

CREATE INDEX app_registroactividad_usuario_id_df2547ca ON public.app_registroactividad USING btree (usuario_id);


--
-- Name: app_repuestoadicional_item_12993b69_like; Type: INDEX; Schema: public; Owner: proyecto_user
--

CREATE INDEX app_repuestoadicional_item_12993b69_like ON public.app_repuestoadicional USING btree (item varchar_pattern_ops);


--
-- Name: app_repuestobalancin_item_3fcf1aa8_like; Type: INDEX; Schema: public; Owner: proyecto_user
--

CREATE INDEX app_repuestobalancin_item_3fcf1aa8_like ON public.app_repuestobalancin USING btree (item varchar_pattern_ops);


--
-- Name: app_tipobalancin_codigo_bd957864_like; Type: INDEX; Schema: public; Owner: proyecto_user
--

CREATE INDEX app_tipobalancin_codigo_bd957864_like ON public.app_tipobalancin USING btree (codigo varchar_pattern_ops);


--
-- Name: app_usuario_email_0c530e1a_like; Type: INDEX; Schema: public; Owner: proyecto_user
--

CREATE INDEX app_usuario_email_0c530e1a_like ON public.app_usuario USING btree (email varchar_pattern_ops);


--
-- Name: app_usuario_groups_group_id_b38b0d6e; Type: INDEX; Schema: public; Owner: proyecto_user
--

CREATE INDEX app_usuario_groups_group_id_b38b0d6e ON public.app_usuario_groups USING btree (group_id);


--
-- Name: app_usuario_groups_usuario_id_691971dd; Type: INDEX; Schema: public; Owner: proyecto_user
--

CREATE INDEX app_usuario_groups_usuario_id_691971dd ON public.app_usuario_groups USING btree (usuario_id);


--
-- Name: app_usuario_user_permissions_permission_id_fbaf8fa8; Type: INDEX; Schema: public; Owner: proyecto_user
--

CREATE INDEX app_usuario_user_permissions_permission_id_fbaf8fa8 ON public.app_usuario_user_permissions USING btree (permission_id);


--
-- Name: app_usuario_user_permissions_usuario_id_d2c76ed5; Type: INDEX; Schema: public; Owner: proyecto_user
--

CREATE INDEX app_usuario_user_permissions_usuario_id_d2c76ed5 ON public.app_usuario_user_permissions USING btree (usuario_id);


--
-- Name: auth_group_name_a6ea08ec_like; Type: INDEX; Schema: public; Owner: proyecto_user
--

CREATE INDEX auth_group_name_a6ea08ec_like ON public.auth_group USING btree (name varchar_pattern_ops);


--
-- Name: auth_group_permissions_group_id_b120cbf9; Type: INDEX; Schema: public; Owner: proyecto_user
--

CREATE INDEX auth_group_permissions_group_id_b120cbf9 ON public.auth_group_permissions USING btree (group_id);


--
-- Name: auth_group_permissions_permission_id_84c5c92e; Type: INDEX; Schema: public; Owner: proyecto_user
--

CREATE INDEX auth_group_permissions_permission_id_84c5c92e ON public.auth_group_permissions USING btree (permission_id);


--
-- Name: auth_permission_content_type_id_2f476e4b; Type: INDEX; Schema: public; Owner: proyecto_user
--

CREATE INDEX auth_permission_content_type_id_2f476e4b ON public.auth_permission USING btree (content_type_id);


--
-- Name: django_admin_log_content_type_id_c4bce8eb; Type: INDEX; Schema: public; Owner: proyecto_user
--

CREATE INDEX django_admin_log_content_type_id_c4bce8eb ON public.django_admin_log USING btree (content_type_id);


--
-- Name: django_admin_log_user_id_c564eba6; Type: INDEX; Schema: public; Owner: proyecto_user
--

CREATE INDEX django_admin_log_user_id_c564eba6 ON public.django_admin_log USING btree (user_id);


--
-- Name: django_session_expire_date_a5c62663; Type: INDEX; Schema: public; Owner: proyecto_user
--

CREATE INDEX django_session_expire_date_a5c62663 ON public.django_session USING btree (expire_date);


--
-- Name: django_session_session_key_c0390e0f_like; Type: INDEX; Schema: public; Owner: proyecto_user
--

CREATE INDEX django_session_session_key_c0390e0f_like ON public.django_session USING btree (session_key varchar_pattern_ops);


--
-- Name: app_balancinindividual app_balancinindividu_tipo_id_3aaa7c1e_fk_app_tipob; Type: FK CONSTRAINT; Schema: public; Owner: proyecto_user
--

ALTER TABLE ONLY public.app_balancinindividual
    ADD CONSTRAINT app_balancinindividu_tipo_id_3aaa7c1e_fk_app_tipob FOREIGN KEY (tipo_id) REFERENCES public.app_tipobalancin(codigo) DEFERRABLE INITIALLY DEFERRED;


--
-- Name: app_historialbalancin app_historialbalanci_balancin_id_758b5e8c_fk_app_balan; Type: FK CONSTRAINT; Schema: public; Owner: proyecto_user
--

ALTER TABLE ONLY public.app_historialbalancin
    ADD CONSTRAINT app_historialbalanci_balancin_id_758b5e8c_fk_app_balan FOREIGN KEY (balancin_id) REFERENCES public.app_balancinindividual(serial) DEFERRABLE INITIALLY DEFERRED;


--
-- Name: app_historialbalancin app_historialbalancin_usuario_id_730ed003_fk_app_usuario_id; Type: FK CONSTRAINT; Schema: public; Owner: proyecto_user
--

ALTER TABLE ONLY public.app_historialbalancin
    ADD CONSTRAINT app_historialbalancin_usuario_id_730ed003_fk_app_usuario_id FOREIGN KEY (usuario_id) REFERENCES public.app_usuario(id) DEFERRABLE INITIALLY DEFERRED;


--
-- Name: app_historialrepuesto app_historialrepuest_repuesto_id_1b4b80aa_fk_app_repue; Type: FK CONSTRAINT; Schema: public; Owner: proyecto_user
--

ALTER TABLE ONLY public.app_historialrepuesto
    ADD CONSTRAINT app_historialrepuest_repuesto_id_1b4b80aa_fk_app_repue FOREIGN KEY (repuesto_id) REFERENCES public.app_repuestobalancin(item) DEFERRABLE INITIALLY DEFERRED;


--
-- Name: app_registroactividad app_registroactividad_usuario_id_df2547ca_fk_app_usuario_id; Type: FK CONSTRAINT; Schema: public; Owner: proyecto_user
--

ALTER TABLE ONLY public.app_registroactividad
    ADD CONSTRAINT app_registroactividad_usuario_id_df2547ca_fk_app_usuario_id FOREIGN KEY (usuario_id) REFERENCES public.app_usuario(id) DEFERRABLE INITIALLY DEFERRED;


--
-- Name: app_usuario_groups app_usuario_groups_group_id_b38b0d6e_fk_auth_group_id; Type: FK CONSTRAINT; Schema: public; Owner: proyecto_user
--

ALTER TABLE ONLY public.app_usuario_groups
    ADD CONSTRAINT app_usuario_groups_group_id_b38b0d6e_fk_auth_group_id FOREIGN KEY (group_id) REFERENCES public.auth_group(id) DEFERRABLE INITIALLY DEFERRED;


--
-- Name: app_usuario_groups app_usuario_groups_usuario_id_691971dd_fk_app_usuario_id; Type: FK CONSTRAINT; Schema: public; Owner: proyecto_user
--

ALTER TABLE ONLY public.app_usuario_groups
    ADD CONSTRAINT app_usuario_groups_usuario_id_691971dd_fk_app_usuario_id FOREIGN KEY (usuario_id) REFERENCES public.app_usuario(id) DEFERRABLE INITIALLY DEFERRED;


--
-- Name: app_usuario_user_permissions app_usuario_user_per_permission_id_fbaf8fa8_fk_auth_perm; Type: FK CONSTRAINT; Schema: public; Owner: proyecto_user
--

ALTER TABLE ONLY public.app_usuario_user_permissions
    ADD CONSTRAINT app_usuario_user_per_permission_id_fbaf8fa8_fk_auth_perm FOREIGN KEY (permission_id) REFERENCES public.auth_permission(id) DEFERRABLE INITIALLY DEFERRED;


--
-- Name: app_usuario_user_permissions app_usuario_user_per_usuario_id_d2c76ed5_fk_app_usuar; Type: FK CONSTRAINT; Schema: public; Owner: proyecto_user
--

ALTER TABLE ONLY public.app_usuario_user_permissions
    ADD CONSTRAINT app_usuario_user_per_usuario_id_d2c76ed5_fk_app_usuar FOREIGN KEY (usuario_id) REFERENCES public.app_usuario(id) DEFERRABLE INITIALLY DEFERRED;


--
-- Name: auth_group_permissions auth_group_permissio_permission_id_84c5c92e_fk_auth_perm; Type: FK CONSTRAINT; Schema: public; Owner: proyecto_user
--

ALTER TABLE ONLY public.auth_group_permissions
    ADD CONSTRAINT auth_group_permissio_permission_id_84c5c92e_fk_auth_perm FOREIGN KEY (permission_id) REFERENCES public.auth_permission(id) DEFERRABLE INITIALLY DEFERRED;


--
-- Name: auth_group_permissions auth_group_permissions_group_id_b120cbf9_fk_auth_group_id; Type: FK CONSTRAINT; Schema: public; Owner: proyecto_user
--

ALTER TABLE ONLY public.auth_group_permissions
    ADD CONSTRAINT auth_group_permissions_group_id_b120cbf9_fk_auth_group_id FOREIGN KEY (group_id) REFERENCES public.auth_group(id) DEFERRABLE INITIALLY DEFERRED;


--
-- Name: auth_permission auth_permission_content_type_id_2f476e4b_fk_django_co; Type: FK CONSTRAINT; Schema: public; Owner: proyecto_user
--

ALTER TABLE ONLY public.auth_permission
    ADD CONSTRAINT auth_permission_content_type_id_2f476e4b_fk_django_co FOREIGN KEY (content_type_id) REFERENCES public.django_content_type(id) DEFERRABLE INITIALLY DEFERRED;


--
-- Name: django_admin_log django_admin_log_content_type_id_c4bce8eb_fk_django_co; Type: FK CONSTRAINT; Schema: public; Owner: proyecto_user
--

ALTER TABLE ONLY public.django_admin_log
    ADD CONSTRAINT django_admin_log_content_type_id_c4bce8eb_fk_django_co FOREIGN KEY (content_type_id) REFERENCES public.django_content_type(id) DEFERRABLE INITIALLY DEFERRED;


--
-- Name: django_admin_log django_admin_log_user_id_c564eba6_fk_app_usuario_id; Type: FK CONSTRAINT; Schema: public; Owner: proyecto_user
--

ALTER TABLE ONLY public.django_admin_log
    ADD CONSTRAINT django_admin_log_user_id_c564eba6_fk_app_usuario_id FOREIGN KEY (user_id) REFERENCES public.app_usuario(id) DEFERRABLE INITIALLY DEFERRED;


--
-- PostgreSQL database dump complete
--

\unrestrict Kc67cyU81diTzmygxyPJM756l3kASbRDH85pncn5qGmKb945Q0ffOVOypwlpaZS

